city,state,city_longitude,city_latitude,Audio Evidence,Witness Count,Event,apparition_types_str,apparition_adj_str,unique_apparition_mentions,Visual Evidence,time_of_day
Ada,Michigan,-85.4954803,42.960727,Yes,3+,Murder,ghost figure witch,"misty figure, blue figure",3,False,Dusk
Addison,Michigan,-84.3471684,41.986434,Yes,3+,Murder,Unknown,,0,False,Dusk
Adrian,Michigan,-84.03716589999999,41.8975471,No,2+,Murder,spirit,,1,False,Evening
Adrian,Michigan,-84.03716589999999,41.8975471,No,3+,Supernatural,Unknown,,0,False,Unknown
Albion,Michigan,-84.7530304,42.243097,Yes,2+,Supernatural,entity,,1,False,Evening
Albion,Michigan,-84.7530304,42.243097,No,0,Supernatural,Unknown,,0,False,Unknown
Algoma Township,Michigan,-85.62292959999999,43.1492928,Yes,2+,Murder,demon figure,strange figure,2,False,Dusk
Algonac,Michigan,-82.531018,42.6183675,No,3+,Death,orb,,1,False,Unknown
Allegan,Michigan,-85.8553031,42.5291989,Yes,0,Supernatural,Unknown,,0,False,Unknown
Allegan,Michigan,-85.8553031,42.5291989,No,0,Supernatural,Unknown,,0,False,Dusk
Allegan,Michigan,-85.8553031,42.5291989,No,2+,Unknown,Unknown,,0,False,Dusk
Alma,Michigan,-84.6597274,43.3789199,Yes,4,Supernatural,ghost figure,ghostly figure,2,False,Evening
Alpena,Michigan,-83.4327528,45.0616794,Yes,3+,Unknown,Unknown,,0,False,Dusk
Ann Arbor,Michigan,-83.7430378,42.2808256,No,3+,Supernatural,Unknown,,0,False,Evening
Ann Arbor,Michigan,-83.7430378,42.2808256,No,0,Supernatural,Unknown,,0,False,Morning
Assininns,Michigan,-88.4773517,46.81020950000001,No,3+,Supernatural,apparition,,1,False,Dusk
Atlanta,Michigan,-84.1438927,45.00473059999999,Yes,3+,Supernatural,ghost demon orb,,3,True,Evening
Augusta,Michigan,-85.35222189999999,42.3364294,Yes,5+,Supernatural,Unknown,,0,False,Unknown
Battle Creek,Michigan,-85.17971419999999,42.3211522,Yes,0,Supernatural,presence,"unpleasant presence, cold presence",1,False,Unknown
Battle Creek,Michigan,-85.17971419999999,42.3211522,No,1+,Unknown,Unknown,,0,False,Dusk
Bay City,Michigan,-83.8888647,43.5944677,Yes,0,Supernatural,apparition,,1,False,Unknown
Bay City,Michigan,-83.8888647,43.5944677,No,2+,Unknown,Unknown,,0,False,Dusk
Bay City,Michigan,-83.8888647,43.5944677,No,0,Supernatural,Unknown,,0,False,Dusk
Bellaire,Michigan,-85.2111728,44.9802822,No,1,Supernatural,Unknown,,0,False,Evening
Dearborn,Michigan,-83.17631449999999,42.3222599,Yes,0,Unknown,Unknown,,0,False,Dusk
Dearborn,Michigan,-83.17631449999999,42.3222599,Yes,1+,Supernatural,Unknown,,0,False,Dusk
Dearborn,Michigan,-83.17631449999999,42.3222599,Yes,5+,Supernatural,Unknown,,0,False,Dusk
Belding,Michigan,-85.228906,43.0978094,Yes,1,Unknown,Unknown,,0,False,Unknown
Belleville,Michigan,-83.4852133,42.2047619,No,1,Supernatural,Unknown,,0,False,Unknown
Belleville,Michigan,-83.4852133,42.2047619,No,1,Supernatural,orb,"large orb, greenish orb",1,True,Dusk
Belleville,Michigan,-83.4852133,42.2047619,No,1,Supernatural,Unknown,,0,False,Evening
Belleville,Michigan,-83.4852133,42.2047619,No,1,Supernatural,ghost,,1,False,Evening
Berville,Michigan,-82.8829846,42.9083621,Yes,1,Supernatural,Unknown,,0,False,Morning
Big Rapids,Michigan,-85.4836557,43.6980782,Yes,1,Supernatural,Unknown,,0,False,Dusk
Big Rapids,Michigan,-85.4836557,43.6980782,Yes,1,Supernatural,shadow,,1,False,Unknown
Big Rapids,Michigan,-85.4836557,43.6980782,Yes,3,Unknown,Unknown,,0,False,Unknown
Birmingham,Michigan,-83.21131919999999,42.5467012,Yes,0,Supernatural,apparition,,1,False,Morning
Bloomfield,Michigan,-83.2827093,42.5793103,No,0,Unknown,Unknown,,0,False,Dusk
Bloomfield,Michigan,-83.2827093,42.5793103,No,0,Supernatural,Unknown,,0,False,Dusk
Borculo,Michigan,-86.0211532,42.8850235,No,2+,Unknown,Unknown,,0,False,Unknown
Breckenridge,Michigan,-84.4749978,43.4080849,Yes,0,Unknown,Unknown,,0,False,Dusk
Bridgeport,Michigan,-83.88163639999999,43.3594696,No,0,Murder,Unknown,,0,False,Dusk
Bridgeport,Michigan,-83.88163639999999,43.3594696,Yes,1,Unknown,Unknown,,0,False,Dusk
Brighton,Michigan,-83.7802214,42.5294773,No,0,Supernatural,ghost,,1,False,Dusk
Brimley,Michigan,-84.6920059,46.3740542,No,1,Murder,ghost figure,,2,False,Evening
Brooklyn,Michigan,-84.2482819,42.105874,Yes,0,Murder,Unknown,,0,False,Dusk
Brownstown,Michigan,-83.2572332,42.1261157,No,1+,Supernatural,shadow,extra shadow,1,True,Unknown
Brownstown,Michigan,-83.2572332,42.1261157,No,0,Supernatural,Unknown,,0,False,Morning
Brownstown,Michigan,-83.2572332,42.1261157,No,2+,Supernatural,apparition,,1,False,Evening
Burton,Michigan,-83.6163423,42.99947179999999,No,0,Unknown,Unknown,,0,False,Unknown
Byron,Michigan,-83.9444027,42.8228091,Yes,3+,Supernatural,figure,,1,False,Evening
Calumet,Michigan,-88.45400599999999,47.24659219999999,Yes,2+,Murder,ghost orb,,2,False,Evening
Canton,Michigan,-83.48211599999999,42.3086444,Yes,0,Murder,figure,,1,False,Dusk
Canton,Michigan,-83.48211599999999,42.3086444,No,5+,Supernatural,Unknown,,0,False,Dusk
Canton,Michigan,-83.48211599999999,42.3086444,Yes,3,Supernatural,spirit,,1,False,Evening
Canton,Michigan,-83.48211599999999,42.3086444,Yes,0,Supernatural,Unknown,,0,False,Unknown
Cass City,Michigan,-83.17466929999999,43.6008515,Yes,1,Unknown,Unknown,,0,False,Evening
Central Lake,Michigan,-85.2645105,45.0700047,No,6,Supernatural,ghost,little ghost,1,False,Dusk
Charlevoix,Michigan,-85.2584004,45.3180632,No,0,Supernatural,ghost,,1,False,Dusk
Charlotte,Michigan,-84.83582109999999,42.5636478,No,1,Suicide,Unknown,,0,False,Evening
Charlotte,Michigan,-84.83582109999999,42.5636478,No,2+,Supernatural,Unknown,,0,False,Dusk
Cheboygan,Michigan,-84.4744795,45.64695630000001,No,4,Murder,Unknown,,0,False,Evening
Cheboygan,Michigan,-84.4744795,45.64695630000001,No,0,Unknown,Unknown,,0,False,Unknown
Cheboygan,Michigan,-84.4744795,45.64695630000001,Yes,1,Supernatural,ghost,,1,False,Morning
Chelsea,Michigan,-84.0205029,42.3180919,Yes,1,Supernatural,Unknown,,0,False,Dusk
Chelsea,Michigan,-84.0205029,42.3180919,No,1,Supernatural,ghost presence,odd presence,2,False,Evening
Chelsea,Michigan,-84.0205029,42.3180919,No,0,Supernatural,Unknown,,0,False,Dusk
Chesaning,Michigan,-84.11497469999999,43.1847483,Yes,3,Supernatural,Unknown,,0,False,Morning
Clarksdale,Michigan,-83.4192941,42.7351196,Yes,2+,Unknown,Unknown,,0,False,Evening
Clarkston,Michigan,-83.4192941,42.7351196,Yes,3,Supernatural,shadow,,1,False,Evening
Clarkston,Michigan,-83.4192941,42.7351196,No,1,Unknown,Unknown,,0,False,Dusk
Clinton Township,Michigan,-82.9195514,42.5868882,Yes,0,Supernatural,Unknown,,0,False,Evening
Clinton Township,Michigan,-82.9195514,42.5868882,Yes,6+,Murder,Unknown,,0,False,Unknown
Clinton Township,Michigan,-82.9195514,42.5868882,No,2+,Supernatural,shadow,,1,False,Evening
Clinton County,Michigan,-84.5222189,42.9663458,Yes,0,Supernatural,Unknown,,0,False,Evening
Clinton County,Michigan,-84.5222189,42.9663458,No,1+,Supernatural,orb,,1,True,Dusk
Clinton Township,Michigan,-82.9195514,42.5868882,No,2+,Murder,ghost figure,,2,False,Evening
Clyde township,Michigan,-82.5834947,43.0313165,Yes,1,Unknown,Unknown,,0,False,Dusk
Cockeysville,Michigan,,,No,1,Supernatural,ghost,real ghost,1,False,Unknown
Coldwater,Michigan,-85.00052149999999,41.9403263,No,2,Supernatural,ghost,,1,False,Dusk
Coldwater,Michigan,-85.00052149999999,41.9403263,No,1,Supernatural,figure mist,,2,True,Dusk
Croton,Michigan,-85.62292959999999,43.4194319,No,3+,Murder,figure,boy figure,1,False,Morning
Cranbrooke campus,Michigan,-83.24118059999999,42.5770046,No,3+,Natural Disaster,Unknown,,0,False,Unknown
Crystal Falls,Michigan,-88.3340242,46.0980066,Yes,0,Murder,apparition,,1,False,Dusk
Dansville,Michigan,-84.3033013,42.555869,No,0,Suicide,witch,,1,False,Unknown
Davison,Michigan,-83.5180063,43.0347491,Yes,5+,Supernatural,ghost orb,,2,False,Unknown
Dearborn,Michigan,-83.17631449999999,42.3222599,Yes,5+,Supernatural,ghost,,1,False,Dusk
Dearborn,Michigan,-83.17631449999999,42.3222599,Yes,3+,Supernatural,Unknown,,0,False,Unknown
Dearborn,Michigan,-83.17631449999999,42.3222599,Yes,3+,Natural Disaster,ghost figure,tall figure,2,False,Evening
Dearborn,Michigan,-83.17631449999999,42.3222599,No,0,Natural Disaster,ghost,,1,False,Dusk
Dearborn,Michigan,-83.17631449999999,42.3222599,No,1,Murder,Unknown,,0,False,Evening
Dearborn,Michigan,-83.17631449999999,42.3222599,No,3,Supernatural,ghost orb figure mist,,4,True,Dusk
Dearborn,Michigan,-83.17631449999999,42.3222599,Yes,1,Supernatural,ghost,,1,True,Dusk
Dearborn,Michigan,-83.17631449999999,42.3222599,No,1,Supernatural,Unknown,,0,False,Evening
Dearborn,Michigan,-83.17631449999999,42.3222599,No,2+,Natural Disaster,figure,,1,False,Dusk
Dearborn,Michigan,-83.17631449999999,42.3222599,No,2+,Supernatural,spirit presence,,2,False,Evening
Dearborn Heights,Michigan,-83.27326269999999,42.3369816,Yes,3+,Suicide,figure,,1,False,Dusk
Dearborn Heights,Michigan,-83.27326269999999,42.3369816,No,1,Supernatural,ghost,other ghost,1,False,Dusk
Dearborn Heights,Michigan,-83.27326269999999,42.3369816,Yes,4+,Supernatural,ghost,,1,False,Unknown
Dearborn Heights,Michigan,-83.27326269999999,42.3369816,No,0,Unknown,Unknown,,0,False,Dusk
Dearborn Heights,Michigan,-83.27326269999999,42.3369816,Yes,2+,Unknown,Unknown,,0,False,Dusk
Dearborn Heights,Michigan,-83.27326269999999,42.3369816,Yes,3+,Unknown,Unknown,,0,False,Dusk
Dearborn Heights,Michigan,-83.27326269999999,42.3369816,Yes,2+,Murder,Unknown,,0,False,Evening
Decatur,Michigan,-85.97445689999999,42.1080979,No,0,Murder,Unknown,,0,False,Evening
Detroit,Michigan,-83.0457538,42.331427,No,0,Murder,Unknown,,0,False,Dusk
Detroit,Michigan,-83.0457538,42.331427,No,1,Suicide,Unknown,,0,False,Evening
Detroit,Michigan,-83.0457538,42.331427,No,2+,Supernatural,orb,,1,False,Unknown
Detroit,Michigan,-83.0457538,42.331427,Yes,5+,Supernatural,figure,nail figure,1,False,Dusk
Detroit,Michigan,-83.0457538,42.331427,Yes,5+,Suicide,ghost shadow,,2,False,Dusk
Detroit,Michigan,-83.0457538,42.331427,No,1,Supernatural,ghost,,1,False,Dusk
Detroit,Michigan,-83.0457538,42.331427,Yes,1,Unknown,Unknown,,0,False,Dusk
Detroit,Michigan,-83.0457538,42.331427,No,2,Supernatural,Unknown,,0,False,Morning
Detroit,Michigan,-83.0457538,42.331427,Yes,0,Unknown,Unknown,,0,False,Dusk
Detroit,Michigan,-83.0457538,42.331427,Yes,4+,Unknown,Unknown,,0,False,Evening
Detroit,Michigan,-83.0457538,42.331427,No,2+,Unknown,Unknown,,0,False,Dusk
Detroit,Michigan,-83.0457538,42.331427,No,0,Murder,figure,,1,False,Dusk
Detroit,Michigan,-83.0457538,42.331427,No,2+,Supernatural,ghost,,1,False,Evening
Detroit,Michigan,-83.0457538,42.331427,No,0,Death,ghost presence,,2,False,Evening
Detroit,Michigan,-83.0457538,42.331427,No,1,Supernatural,spirit,male spirit,1,False,Dusk
Dexter,Michigan,-83.8885552,42.33836970000001,No,0,Supernatural,shadow warlock,,2,False,Dusk
Dowagiac,Michigan,-86.10862279999999,41.9842123,Yes,3+,Supernatural,ghost,,1,False,Dusk
Dowagiac,Michigan,-86.10862279999999,41.9842123,Yes,3+,Supernatural,ghost,,1,False,Dusk
Dryden,Michigan,-83.12382649999999,42.9461395,Yes,1+,Supernatural,ghost,,1,False,Evening
Dutch town,Michigan,-86.1089301,42.7875235,Yes,1,Supernatural,spirit,,1,False,Unknown
Eagle Harbor,Michigan,-88.1623228,47.4582339,Yes,1,Supernatural,apparition,,1,False,Dusk
East Lansing,Michigan,-84.48386540000001,42.7369792,Yes,0,Supernatural,Unknown,,0,False,Evening
East Lansing,Michigan,-84.48386540000001,42.7369792,No,1,Supernatural,figure,male figure,1,False,Unknown
East Lansing,Michigan,-84.48386540000001,42.7369792,Yes,0,Supernatural,figure,,1,False,Dusk
East Lansing,Michigan,-84.48386540000001,42.7369792,Yes,5+,Supernatural,apparition,,1,False,Unknown
East Lansing,Michigan,-84.48386540000001,42.7369792,Yes,0,Supernatural,presence,eerie presence,1,False,Morning
East Lansing,Michigan,-84.48386540000001,42.7369792,No,1,Supernatural,figure presence,dormitory figure,2,False,Unknown
East Lansing,Michigan,-84.48386540000001,42.7369792,Yes,0,Supernatural,figure,,1,False,Evening
East Lansing,Michigan,-84.48386540000001,42.7369792,Yes,0,Unknown,Unknown,,0,False,Morning
East Lansing,Michigan,-84.48386540000001,42.7369792,Yes,3,Supernatural,figure,,1,False,Evening
East Leroy,Michigan,-85.2174862,42.1661559,Yes,1,Supernatural,phantom,,1,False,Unknown
Eastpointe,Michigan,-82.9554746,42.4683698,No,2+,Supernatural,apparition shadow presence,strange presence,3,False,Evening
Eastpointe,Michigan,-82.9554746,42.4683698,No,1,Murder,Unknown,,0,False,Dusk
Eau Claire,Michigan,-86.29973869999999,41.9850452,Yes,1,Murder,figure,,1,False,Dusk
Enterprise,Michigan,-83.3670279,42.2822264,Yes,5+,Supernatural,figure,,1,False,Unknown
Evart,Michigan,-85.2580971,43.9005752,No,1,Supernatural,Unknown,,0,False,Evening
Fallassburg,Michigan,-85.3227948,42.9822533,Yes,0,Supernatural,apparition witch,,2,False,Dusk
Farmington Hills,Michigan,-83.3677168,42.4989936,No,0,Supernatural,Unknown,,0,False,Unknown
Farmington Hills,Michigan,-83.3677168,42.4989936,Yes,2+,Supernatural,Unknown,,0,False,Unknown
Fenton,Michigan,-83.7049498,42.7978061,Yes,3+,Supernatural,phantom,,1,False,Unknown
Fennville,Michigan,-86.1017009,42.5939168,No,2+,Supernatural,werewolf,,1,False,Dusk
Fennville,Michigan,-86.1017009,42.5939168,Yes,3,Supernatural,Unknown,,0,False,Dusk
Ferndale,Michigan,-83.1346478,42.4605917,Yes,0,Unknown,Unknown,,0,False,Dusk
Fife Lake,Michigan,-85.3506136,44.5769496,No,1,Murder,Unknown,,0,False,Dusk
Flat Rock,Michigan,-83.2918744,42.0964314,No,2,Murder,orb,,1,True,Dusk
Flint,Michigan,-83.6874562,43.0125274,Yes,3+,Death,shadow,,1,False,Unknown
Flint,Michigan,-83.6874562,43.0125274,No,1,Unknown,Unknown,,0,False,Dusk
Flint,Michigan,-83.6874562,43.0125274,No,1,Unknown,Unknown,,0,False,Unknown
Flint,Michigan,-83.6874562,43.0125274,Yes,1,Supernatural,Unknown,,0,False,Evening
Flint,Michigan,-83.6874562,43.0125274,Yes,1,Supernatural,Unknown,,0,False,Unknown
Forester,Michigan,-82.5693699,43.4991899,No,0,Murder,Unknown,,0,False,Dusk
Forester,Michigan,-82.5693699,43.4991899,No,0,Supernatural,Unknown,,0,False,Evening
Forester,Michigan,-82.5693699,43.4991899,No,1+,Suicide,ghost,,1,False,Morning
Forestville,Michigan,-82.6093707,43.6619638,Yes,1,Unknown,Unknown,,0,False,Evening
Frankenmuth,Michigan,-83.7380194,43.331691,No,1,Murder,Unknown,,0,False,Dusk
Fraser,Michigan,-82.9493652,42.539202,Yes,3+,Unknown,Unknown,,0,False,Dusk
Freeland,Michigan,-84.1227598,43.5250265,No,1,Supernatural,Unknown,,0,False,Unknown
Freeland,Michigan,-84.1227598,43.5250265,No,0,Unknown,Unknown,,0,False,Evening
Fremont,Michigan,-85.9420013,43.4675173,Yes,1,Supernatural,spirit figure presence,,3,False,Dusk
Fremont,Michigan,-85.9420013,43.4675173,Yes,3+,Supernatural,ghost,,1,False,Unknown
Garden City,Michigan,-83.3310422,42.3255928,Yes,0,Murder,Unknown,,0,False,Evening
Garden City,Michigan,-83.3310422,42.3255928,No,0,Supernatural,Unknown,,0,False,Evening
Garden City,Michigan,-83.3310422,42.3255928,No,0,Murder,Unknown,,0,False,Evening
Garden City,Michigan,-83.3310422,42.3255928,No,1,Supernatural,Unknown,,0,False,Evening
Garden City,Michigan,-83.3310422,42.3255928,No,0,Supernatural,apparition,,1,False,Unknown
Garden City,Michigan,-83.3310422,42.3255928,Yes,2+,Murder,Unknown,,0,False,Dusk
Genesee,Michigan,-83.6135572,43.0935147,Yes,1,Supernatural,Unknown,,0,False,Dusk
Gladstone,Michigan,-87.02180489999999,45.8527435,No,0,Murder,Unknown,,0,False,Dusk
Goodrich,Michigan,-83.5063365,42.916972,Yes,2+,Supernatural,Unknown,,0,False,Evening
Grand Blanc,Michigan,-83.6299518,42.9275277,Yes,4+,Supernatural,Unknown,,0,False,Unknown
Grand Blanc,Michigan,-83.6299518,42.9275277,Yes,1,Supernatural,figure,,1,False,Dusk
Grand Haven,Michigan,-86.22838639999999,43.0630734,No,3,Supernatural,Unknown,,0,False,Evening
,Michigan,,,No,0,Unknown,Unknown,,0,False,Dusk
Grand Haven,Michigan,-86.22838639999999,43.0630734,No,0,Supernatural,apparition,blue apparition,1,False,Dusk
Grand Ledge,Michigan,-84.7463757,42.7533685,Yes,0,Unknown,Unknown,,0,False,Dusk
Grand Rapids,Michigan,-85.6680863,42.9633599,No,0,Supernatural,Unknown,,0,False,Morning
Grand Rapids,Michigan,-85.6680863,42.9633599,No,0,Supernatural,Unknown,,0,False,Dusk
Grand Rapids,Michigan,-85.6680863,42.9633599,No,2+,Supernatural,spirit,,1,False,Evening
Grand Rapids,Michigan,-85.6680863,42.9633599,No,1,Supernatural,ghost specter,,2,False,Unknown
Grand Rapids,Michigan,-85.6680863,42.9633599,No,0,Supernatural,Unknown,,0,False,Dusk
Grand Rapids,Michigan,-85.6680863,42.9633599,No,0,Supernatural,Unknown,,0,False,Dusk
Grand Rapids,Michigan,-85.6680863,42.9633599,No,3+,Supernatural,presence,evil presence,1,False,Unknown
Grand Rapids,Michigan,-85.6680863,42.9633599,No,1,Supernatural,Unknown,,0,False,Dusk
Grand Rapids,Michigan,-85.6680863,42.9633599,Yes,1,Unknown,Unknown,,0,False,Dusk
Grand Rapids,Michigan,-85.6680863,42.9633599,Yes,2,Supernatural,Unknown,,0,False,Morning
Grand Rapids,Michigan,-85.6680863,42.9633599,Yes,3+,Natural Disaster,Unknown,,0,False,Morning
Grand Rapids,Michigan,-85.6680863,42.9633599,No,2+,Supernatural,ghost figure,shadowy figure,2,False,Dusk
Grand Rapids,Michigan,-85.6680863,42.9633599,Yes,3,Supernatural,Unknown,,0,False,Morning
Grand Rapids,Michigan,-85.6680863,42.9633599,No,100+,Supernatural,Unknown,,0,False,Dusk
Grand Traverse County,Michigan,-85.52002399999999,44.687984,No,0,Supernatural,Unknown,,0,False,Unknown
Grandville,Michigan,-85.7630885,42.9097484,No,2+,Supernatural,Unknown,,0,False,Evening
Grant,Michigan,-85.8108819,43.3361323,No,3+,Unknown,Unknown,,0,False,Dusk
Grayling,Michigan,-84.7147512,44.6614039,Yes,0,Supernatural,Unknown,,0,False,Morning
Grayling,Michigan,-84.7147512,44.6614039,Yes,2+,Natural Disaster,figure,,1,False,Evening
Greenville,Michigan,-85.2527987,43.1775314,No,0,Murder,ghost,,1,False,Evening
Greenville,Michigan,-85.2527987,43.1775314,No,3+,Natural Disaster,ghost,,1,False,Evening
Greenville,Michigan,-85.2527987,43.1775314,No,1,Unknown,Unknown,,0,False,Dusk
Grosse Ile,Michigan,-83.1445904,42.1290753,Yes,0,Unknown,Unknown,,0,False,Evening
Grosse Isle,Michigan,-83.1445904,42.1290753,No,1+,Supernatural,ghost,,1,False,Dusk
Grosse Ile,Michigan,-83.1445904,42.1290753,No,3+,Supernatural,Unknown,,0,False,Dusk
Grosse Pointe Shores,Michigan,-82.87685859999999,42.4367034,No,1,Supernatural,Unknown,,0,False,Unknown
Grosse Pointe Woods,Michigan,-82.90686029999999,42.4436478,Yes,0,Unknown,Unknown,,0,False,Unknown
Gulliver,Michigan,-86.012069,45.9930329,No,1,Supernatural,ghost,additional ghost,1,False,Morning
Hamilton,Michigan,-85.9987285,42.671257,No,0,Supernatural,ghost,,1,False,Dusk
Hancock,Michigan,-88.5809563,47.1268714,No,3+,Natural Disaster,Unknown,,0,False,Dusk
Harrison,Michigan,-84.7994675,44.0191862,Yes,1,Supernatural,Unknown,,0,False,Dusk
Hartford,Michigan,-86.1666876,42.2067051,No,2+,Supernatural,Unknown,,0,False,Dusk
Hartland,Michigan,-83.7507315,42.6315066,No,1+,Supernatural,Unknown,,0,False,Unknown
Hastings,Michigan,-85.29084030000001,42.6458682,No,2+,Supernatural,figure,"dark figure, shadowy figure",1,False,Morning
Harrison,Michigan,-84.7994675,44.0191862,Yes,0,Supernatural,Unknown,,0,False,Dusk
Harrison,Michigan,-84.7994675,44.0191862,Yes,5,Supernatural,ghost figure,large figure,2,False,Dusk
Harrisville,Michigan,-83.2946891,44.6564022,No,1,Unknown,Unknown,,0,False,Dusk
Hartland,Michigan,-83.7507315,42.6315066,No,0,Supernatural,orb mist,,2,True,Evening
Hastings,Michigan,-85.29084030000001,42.6458682,No,2,Murder,Unknown,,0,False,Dusk
Highland,Michigan,-83.6175677,42.6380014,No,0,Death,Unknown,,0,False,Unknown
Holland,Michigan,-86.1089301,42.7875235,No,1,Supernatural,ghost,,1,False,Dusk
Holly,Michigan,-83.6277255,42.7919727,No,0,Supernatural,ghost,,1,False,Unknown
Holt,Michigan,-84.5152545,42.6405912,No,2+,Supernatural,presence,eerie presence,1,False,Dusk
Holt,Michigan,-84.5152545,42.6405912,No,1,Suicide,Unknown,,0,False,Dusk
Holt,Michigan,-84.5152545,42.6405912,Yes,2+,Murder,Unknown,,0,False,Evening
Houghton Lake,Michigan,-84.7647496,44.314739,No,1,Supernatural,Unknown,,0,False,Unknown
Howell,Michigan,-83.9293952,42.6072552,Yes,4+,Supernatural,spirit,,1,False,Dusk
Howell,Michigan,-83.9293952,42.6072552,No,1+,Supernatural,Unknown,,0,False,Unknown
Inkster,Michigan,-83.30993029999999,42.2942045,No,1,Unknown,Unknown,,0,True,Dusk
Interlochen,Michigan,-85.7676077,44.64537379999999,Yes,2+,Supernatural,Unknown,,0,False,Dusk
Ionia,Michigan,-85.07111739999999,42.9872547,No,0,Unknown,Unknown,,0,False,Dusk
Ionia,Michigan,-85.07111739999999,42.9872547,No,1,Death,Unknown,,0,False,Unknown
Iron River,Michigan,-88.6423544,46.0927322,Yes,1,Unknown,Unknown,,0,False,Unknown
Jackson,Michigan,-84.40134619999999,42.245869,Yes,2+,Supernatural,Unknown,,0,False,Unknown
Jackson,Michigan,-84.40134619999999,42.245869,No,3+,Supernatural,shadow,,1,False,Unknown
Jackson,Michigan,-84.40134619999999,42.245869,No,0,Murder,Unknown,,0,False,Evening
Jackson,Michigan,-84.40134619999999,42.245869,No,1,Unknown,mist,white mist,1,False,Dusk
Jackson,Michigan,-84.40134619999999,42.245869,No,0,Unknown,Unknown,,0,False,Unknown
Kalamazoo,Michigan,-85.5872286,42.2917069,Yes,3+,Supernatural,Unknown,,0,False,Evening
Kalamazoo,Michigan,-85.5872286,42.2917069,No,3+,Supernatural,ghost,,1,False,Dusk
Kalamazoo,Michigan,-85.5872286,42.2917069,No,2+,Supernatural,presence,,1,False,Unknown
Kalamazoo,Michigan,-85.5872286,42.2917069,Yes,0,Unknown,Unknown,,0,False,Evening
Kalamazoo,Michigan,-85.5872286,42.2917069,No,2+,Supernatural,ghost,,1,False,Dusk
Keego Harbor,Michigan,-83.3438247,42.6080884,No,0,Supernatural,ghost,,1,False,Evening
Kelloggsville,Michigan,,,No,1,Supernatural,presence,,1,False,Dusk
Kent County,Michigan,-85.52002399999999,43.0097027,No,2+,Supernatural,apparition,,1,False,Unknown
Kent County,Michigan,-85.52002399999999,43.0097027,No,1,Supernatural,spirit shadow,disembodied spirit,2,False,Unknown
Kenton,Michigan,-88.89402830000002,46.4854993,No,1+,Supernatural,orb,,1,False,Dusk
Kentwood,Michigan,-85.64474919999999,42.8694731,No,2,Supernatural,ghost,,1,False,Dusk
Kewadin,Michigan,-85.3731257,44.9286137,Yes,0,Suicide,Unknown,,0,False,Evening
Kingsford,Michigan,-88.0720706,45.7949561,No,5+,Supernatural,Unknown,,0,False,Dusk
Kingsford,Michigan,-88.0720706,45.7949561,No,0,Unknown,Unknown,,0,False,Dusk
Lake Orion,Michigan,-83.2396612,42.7844752,No,0,Unknown,Unknown,,0,False,Dusk
Lambertville,Michigan,-83.624201,41.75290880000001,Yes,5,Suicide,figure,,1,False,Evening
Lapeer,Michigan,-83.31883409999999,43.0514161,Yes,1,Supernatural,Unknown,,0,False,Dusk
Lansing,Michigan,-84.5555347,42.732535,No,0,Unknown,Unknown,,0,False,Dusk
Lincoln Park,Michigan,-83.1785361,42.2505943,No,3+,Unknown,Unknown,,0,False,Dusk
Lincoln Park,Michigan,-83.1785361,42.2505943,No,2+,Supernatural,Unknown,,0,False,Unknown
Livonia,Michigan,-83.35270969999999,42.36837,No,1,Unknown,Unknown,,0,False,Dusk
Livonia,Michigan,-83.35270969999999,42.36837,Yes,3+,Supernatural,Unknown,,0,False,Dusk
Livonia,Michigan,-83.35270969999999,42.36837,Yes,3,Supernatural,ghost,,1,False,Unknown
Livonia,Michigan,-83.35270969999999,42.36837,Yes,2+,Unknown,Unknown,,0,False,Evening
Livonia,Michigan,-83.35270969999999,42.36837,Yes,1,Suicide,Unknown,,0,False,Dusk
Livonia,Michigan,-83.35270969999999,42.36837,Yes,1+,Murder,spirit,,1,False,Evening
Lowell,Michigan,-85.34196089999999,42.9336426,Yes,0,Unknown,Unknown,,0,False,Unknown
Luce County,Michigan,-85.513329,46.5827512,No,0,Death,spirit,,1,False,Evening
Luna Pier,Michigan,-83.442433,41.8069907,Yes,2+,Supernatural,ghost apparition,"strange apparition, black apparition",2,False,Dusk
Macomb Twp,Michigan,-82.92864279999999,42.6651965,Yes,0,Supernatural,shadow,,1,False,Unknown
Mackinac Island,Michigan,-84.6189339,45.8491796,No,1,Supernatural,figure,attic figure,1,False,Dusk
Mackinac Island,Michigan,-84.6189339,45.8491796,Yes,1,Supernatural,Unknown,,0,False,Evening
Mackinac Island,Michigan,-84.6189339,45.8491796,No,0,Murder,Unknown,,0,False,Morning
Mackinac Island,Michigan,-84.6189339,45.8491796,Yes,2+,Supernatural,ghost phantom,,2,False,Morning
Mackinac Island,Michigan,-84.6189339,45.8491796,No,0,Unknown,Unknown,,0,False,Unknown
Mackinac Island,Michigan,-84.6189339,45.8491796,Yes,0,Unknown,Unknown,,0,False,Dusk
Mackinac Island,Michigan,-84.6189339,45.8491796,No,1,Supernatural,Unknown,,0,False,Unknown
Mackinac Island,Michigan,-84.6189339,45.8491796,No,3+,Supernatural,ghost presence,,2,False,Dusk
Mackinac Island,Michigan,-84.6189339,45.8491796,No,3,Suicide,Unknown,,0,False,Morning
Mackinac Island,Michigan,-84.6189339,45.8491796,Yes,0,Unknown,Unknown,,0,False,Unknown
Mackinac Island,Michigan,-84.6189339,45.8491796,No,1,Natural Disaster,specter,,1,True,Evening
Mackinac Island,Michigan,-84.6189339,45.8491796,Yes,3+,Murder,presence,,1,False,Unknown
Mackinac Island,Michigan,-84.6189339,45.8491796,No,0,Supernatural,ghost,,1,False,Unknown
Mackinac Island,Michigan,-84.6189339,45.8491796,No,0,Supernatural,apparition,,1,False,Evening
Madison Heights,Michigan,-83.1052028,42.4858692,Yes,1,Murder,Unknown,,0,False,Dusk
Madison Heights,Michigan,-83.1052028,42.4858692,No,1,Murder,Unknown,,0,False,Unknown
Manchester,Michigan,-84.037723,42.1503177,Yes,1,Murder,Unknown,,0,False,Evening
Manistee,Michigan,-86.324253,44.2444473,No,3,Supernatural,Unknown,,0,True,Dusk
Manitoulin Island,Michigan,-82.0371761,45.7026471,No,2+,Natural Disaster,ghost figure,,2,False,Dusk
Marine City,Michigan,-82.492132,42.7194778,No,1,Supernatural,figure,,1,False,Dusk
Marine City,Michigan,-82.492132,42.7194778,Yes,5+,Murder,poltergeist,,1,False,Morning
Marcellus,Michigan,-85.81555759999999,42.0258779,No,0,Murder,Unknown,,0,False,Evening
Marquette,Michigan,-87.39559539999999,46.5475825,No,2,Supernatural,Unknown,,0,False,Dusk
Marquette,Michigan,-87.39559539999999,46.5475825,No,0,Murder,Unknown,,0,False,Dusk
Marquette,Michigan,-87.39559539999999,46.5475825,No,0,Supernatural,Unknown,,0,False,Dusk
Marquette,Michigan,-87.39559539999999,46.5475825,No,5+,Supernatural,Unknown,,0,False,Unknown
Marquette,Michigan,-87.39559539999999,46.5475825,No,0,Suicide,ghost,,1,False,Evening
Marquette,Michigan,-87.39559539999999,46.5475825,No,1,Supernatural,ghost,,1,False,Unknown
Marquette,Michigan,-87.39559539999999,46.5475825,No,12+,Unknown,Unknown,,0,False,Dusk
Marquette,Michigan,-87.39559539999999,46.5475825,No,2+,Supernatural,Unknown,,0,False,Evening
Marquette,Michigan,-87.39559539999999,46.5475825,Yes,3+,Murder,figure,,1,False,Evening
Marquette,Michigan,-87.39559539999999,46.5475825,No,0,Supernatural,Unknown,,0,False,Evening
Mason/Dansville,Michigan,-84.2978241,42.5558494,No,0,Suicide,Unknown,,0,False,Unknown
Meadville,Michigan,-80.44647959999999,41.6532364,No,0,Supernatural,Unknown,,0,False,Evening
Memphis,Michigan,-82.7688134,42.8964179,Yes,2+,Supernatural,apparition shadow witch,,3,False,Dusk
Metamora,Michigan,-83.2891092,42.9414173,No,0,Murder,Unknown,,0,False,Dusk
Metamora,Michigan,-83.2891092,42.9414173,Yes,0,Murder,Unknown,,0,False,Dusk
Michigan Center,Michigan,-84.3271772,42.2330917,Yes,1,Supernatural,Unknown,,0,False,Dusk
Middleville,Michigan,-85.4619599,42.7130889,No,0,Unknown,Unknown,,0,False,Dusk
midland,Michigan,-84.2472116,43.6155825,No,1,Murder,orb,,1,False,Evening
Midland,Michigan,-84.2472116,43.6155825,No,2,Supernatural,Unknown,,0,False,Evening
Midland,Michigan,-84.2472116,43.6155825,Yes,2,Supernatural,Unknown,,0,True,Dusk
Midland,Michigan,-84.2472116,43.6155825,No,2+,Murder,Unknown,,0,False,Dusk
Midland,Michigan,-84.2472116,43.6155825,No,6,Supernatural,Unknown,,0,False,Evening
Milan,Michigan,-83.6824384,42.0853204,Yes,0,Murder,orb figure,,2,False,Dusk
Milan,Michigan,-83.6824384,42.0853204,No,0,Unknown,Unknown,,0,False,Evening
Milan,Michigan,-83.6824384,42.0853204,Yes,0,Murder,Unknown,,0,False,Dusk
Millington,Michigan,-83.5296774,43.2814132,No,0,Supernatural,Unknown,,0,False,Evening
Millington,Michigan,-83.5296774,43.2814132,No,3+,Supernatural,Unknown,,0,False,Dusk
Millington,Michigan,-83.5296774,43.2814132,No,1,Unknown,Unknown,,0,False,Unknown
Monroe,Michigan,-83.3977101,41.9164343,No,0,Unknown,Unknown,,0,False,Dusk
Montague,Michigan,-86.357013,43.4166772,No,0,Supernatural,orb figure,,2,True,Dusk
Mount Clemens,Michigan,-82.8779754,42.5972563,No,1,Supernatural,orb,,1,True,Dusk
Mount Clemens,Michigan,-82.8779754,42.5972563,No,2,Supernatural,spirit,,1,False,Dusk
Mount Morris,Michigan,-83.6949583,43.1186374,Yes,2+,Murder,ghost presence,heavy presence,2,False,Dusk
Mount Pleasant,Michigan,-84.7675139,43.59780749999999,Yes,4,Supernatural,figure,,1,False,Evening
Mount Pleasant,Michigan,-84.7675139,43.59780749999999,Yes,6,Supernatural,ghost,,1,False,Unknown
Mount Pleasant,Michigan,-84.7675139,43.59780749999999,No,3+,Supernatural,Unknown,,0,False,Unknown
Mount Pleasant,Michigan,-84.7675139,43.59780749999999,No,1,Unknown,Unknown,,0,False,Dusk
Mount Pleasant,Michigan,-84.7675139,43.59780749999999,No,2+,Supernatural,spirit,,1,False,Dusk
Mount Pleasant,Michigan,-84.7675139,43.59780749999999,No,1,Supernatural,apparition,,1,False,Dusk
Mount Pleasant,Michigan,-84.7675139,43.59780749999999,Yes,1,Murder,ghost spirit presence,,3,False,Evening
Muskegon,Michigan,-86.24839209999999,43.2341813,No,1,Supernatural,apparition,,1,False,Unknown
Muskegon,Michigan,-86.24839209999999,43.2341813,No,0,Death,Unknown,,0,False,Dusk
Muskegon,Michigan,-86.24839209999999,43.2341813,No,3+,Supernatural,Unknown,,0,False,Dusk
Muskegon,Michigan,-86.24839209999999,43.2341813,Yes,1,Unknown,Unknown,,0,False,Unknown
Nashville,Michigan,-85.0930536,42.6028137,No,3,Murder,Unknown,,0,False,Morning
Nashville,Michigan,-85.0930536,42.6028137,No,2+,Supernatural,apparition,manly apparition,1,False,Evening
New Baltimore,Michigan,-82.7368616,42.6811436,Yes,1+,Suicide,ghost,such ghost,1,False,Dusk
Newberry,Michigan,-85.50955859999999,46.3549984,No,0,Unknown,Unknown,,0,False,Dusk
New Lathrup,Michigan,-83.969967,43.1166949,Yes,5+,Supernatural,figure,red figure,1,False,Evening
Niles,Michigan,-86.2541768,41.8297694,No,1,Supernatural,ghost,,1,False,Dusk
Niles,Michigan,-86.2541768,41.8297694,Yes,2+,Suicide,presence,strong presence,1,False,Evening
Niles,Michigan,-86.2541768,41.8297694,Yes,0,Murder,Unknown,,0,False,Dusk
Niles,Michigan,-86.2541768,41.8297694,Yes,0,Supernatural,witch,,1,False,Dusk
North Street,Michigan,-82.5300263,43.06006379999999,No,2+,Murder,ghost,,1,False,Evening
Northville,Michigan,-83.4832692,42.4311464,Yes,3+,Supernatural,spirit orb,,2,False,Dusk
Northville,Michigan,-83.4832692,42.4311464,No,0,Death,Unknown,,0,False,Evening
Novi,Michigan,-83.4754913,42.48059,No,0,Supernatural,ghost,,1,False,Dusk
Novi,Michigan,-83.4754913,42.48059,No,1,Supernatural,ghost,,1,True,Unknown
Novi,Michigan,-83.4754913,42.48059,Yes,0,Supernatural,Unknown,,0,False,Dusk
Nunica,Michigan,-86.06693349999999,43.0798819,No,0,Supernatural,apparition orb,,2,False,Evening
Nunica,Michigan,-86.06693349999999,43.0798819,No,0,Supernatural,spirit orb figure entity mist,,5,True,Dusk
Oakland,Michigan,-83.1434573,42.7561109,No,1,Supernatural,spirit orb,,2,True,Dusk
Oakland,Michigan,-83.1434573,42.7561109,No,0,Unknown,Unknown,,0,False,Dusk
Oakland,Michigan,-83.1434573,42.7561109,Yes,2,Supernatural,spirit apparition,,2,False,Unknown
Oakland,Michigan,-83.1434573,42.7561109,No,1+,Murder,shadow,,1,False,Dusk
Oakland county,Michigan,-83.33618799999999,42.59219239999999,Yes,5+,Supernatural,spirit shadow phantom,"active spirit, active spirit",3,True,Dusk
Osceola,Michigan,-85.35496499999999,43.92572790000001,No,1,Supernatural,Unknown,,0,False,Unknown
Olivet,Michigan,-84.92415419999999,42.4414273,No,3+,Supernatural,Unknown,,0,True,Dusk
Olivet,Michigan,-84.92415419999999,42.4414273,Yes,2+,Unknown,Unknown,,0,False,Dusk
Olivet,Michigan,-84.92415419999999,42.4414273,Yes,0,Supernatural,phantom,,1,False,Dusk
Omer,Michigan,-83.8544333,44.0475198,Yes,1+,Unknown,Unknown,,0,False,Evening
Ortonville,Michigan,-83.4430002,42.8522506,No,0,Supernatural,apparition,,1,False,Evening
Ossineke,Michigan,-83.4424736,44.9022343,No,0,Supernatural,ghost,,1,False,Dusk
Otsego,Michigan,-85.696406,42.4605904,No,0,Unknown,Unknown,,0,False,Unknown
Owosso,Michigan,-84.1766358,42.9978049,Yes,2+,Suicide,shadow,,1,False,Unknown
Owosso,Michigan,-84.1766358,42.9978049,Yes,1,Supernatural,Unknown,,0,False,Unknown
Owosso,Michigan,-84.1766358,42.9978049,No,0,Supernatural,Unknown,,0,False,Dusk
Owosso,Michigan,-84.1766358,42.9978049,Yes,2+,Supernatural,ghost spirit mist,,3,False,Dusk
Oxford,Michigan,-83.26466239999999,42.8247524,Yes,1,Supernatural,orb figure,ghostly figure,2,True,Dusk
Paulding,Michigan,-89.17971999999999,46.40139,No,0,Unknown,Unknown,,0,False,Unknown
Paulding,Michigan,-89.17971999999999,46.40139,No,2+,Murder,orb,red orb,1,False,Unknown
Pelkie,Michigan,-88.63599590000001,46.8144711,No,2+,Supernatural,Unknown,,0,False,Dusk
Petoskey,Michigan,-84.9553296,45.3733428,No,0,Supernatural,ghost,,1,False,Dusk
Petoskey,Michigan,-84.9553296,45.3733428,No,0,Murder,Unknown,,0,False,Dusk
Petoskey,Michigan,-84.9553296,45.3733428,No,1,Supernatural,Unknown,,0,False,Evening
Pinckney,Michigan,-83.9463358,42.4567013,Yes,0,Murder,Unknown,,0,False,Dusk
Pinckney,Michigan,-83.9463358,42.4567013,No,1,Unknown,Unknown,,0,False,Evening
Pinerun,Michigan,-83.7141267,43.1778035,No,1,Unknown,Unknown,,0,False,Evening
Pittsford,Michigan,-84.41726659999999,41.8437355,No,1,Supernatural,presence,,1,False,Dusk
Plainwell,Michigan,-85.6489035,42.4400357,No,0,Murder,Unknown,,0,False,Dusk
Plainwell,Michigan,-85.6489035,42.4400357,Yes,3+,Supernatural,shadow figure,,2,False,Unknown
Plainwell,Michigan,-85.6489035,42.4400357,Yes,5+,Supernatural,Unknown,,0,False,Evening
Plymouth,Michigan,-83.4702132,42.3714253,Yes,2+,Supernatural,Unknown,,0,False,Evening
Plymouth,Michigan,-83.4702132,42.3714253,Yes,1,Unknown,Unknown,,0,False,Evening
Plymouth,Michigan,-83.4702132,42.3714253,Yes,0,Supernatural,Unknown,,0,False,Evening
Plymouth,Michigan,-83.4702132,42.3714253,No,1,Murder,ghost spirit,numerous ghost,2,False,Evening
Pontiac,Michigan,-83.29104679999999,42.6389216,Yes,1+,Murder,Unknown,,0,False,Dusk
Pontiac,Michigan,-83.29104679999999,42.6389216,Yes,1+,Murder,apparition,,1,True,Dusk
Pontiac,Michigan,-83.29104679999999,42.6389216,No,1,Supernatural,apparition,,1,False,Evening
Pontiac,Michigan,-83.29104679999999,42.6389216,No,2+,Supernatural,ghost,,1,False,Evening
Port Huron,Michigan,-82.42491419999999,42.9708634,Yes,2,Supernatural,figure,,1,False,Morning
Port Huron,Michigan,-82.42491419999999,42.9708634,Yes,3+,Supernatural,apparition orb,,2,False,Dusk
Port Huron,Michigan,-82.42491419999999,42.9708634,Yes,2,Murder,Unknown,,0,False,Evening
Portland,Michigan,-84.9100792,42.8672048,No,1,Supernatural,ghost,,1,False,Dusk
Presque Isle,Michigan,-83.46583319999999,45.2819607,No,1,Murder,ghost presence,,2,False,Evening
Presque Isle,Michigan,-83.46583319999999,45.2819607,No,1,Unknown,Unknown,,0,False,Evening
Redford,Michigan,-83.2973732,42.3944486,No,5+,Supernatural,Unknown,,0,False,Dusk
Redford,Michigan,-83.2973732,42.3944486,No,1,Supernatural,ghost,,1,False,Dusk
Redford,Michigan,-83.2973732,42.3944486,Yes,2+,Supernatural,Unknown,,0,False,Evening
Reed City,Michigan,-85.5100498,43.8750174,Yes,1,Supernatural,figure,,1,False,Evening
Richland,Michigan,-85.45500539999999,42.3761504,No,1,Unknown,Unknown,,0,False,Evening
Richfield township,Michigan,-84.41726659999999,44.3197591,No,1,Supernatural,Unknown,,0,False,Dusk
Riverview,Michigan,-83.1793697,42.1742073,No,1,Supernatural,Unknown,,0,False,Dusk
Riverview,Michigan,-83.1793697,42.1742073,No,0,Supernatural,apparition,,1,False,Evening
Roberts Landing,Michigan,-82.51574149999999,42.6597561,No,3,Natural Disaster,Unknown,,0,False,Evening
Rochester,Michigan,-83.1338214,42.680588,Yes,2+,Natural Disaster,ghost figure,,2,False,Unknown
Rochester,Michigan,-83.1338214,42.680588,Yes,1,Unknown,Unknown,,0,False,Dusk
Rochester Hills,Michigan,-83.1499322,42.65836609999999,Yes,1+,Murder,Unknown,,0,False,Dusk
Rochester Hills,Michigan,-83.1499322,42.65836609999999,No,1,Supernatural,Unknown,,0,False,Dusk
Rochester Hills,Michigan,-83.1499322,42.65836609999999,No,0,Supernatural,Unknown,,0,False,Evening
Rockford,Michigan,-85.5600316,43.1200272,No,0,Murder,ghost apparition orb,free ghost,3,False,Morning
Rockford,Michigan,-85.5600316,43.1200272,No,1,Supernatural,Unknown,,0,False,Unknown
Rockford,Michigan,-85.5600316,43.1200272,Yes,4+,Murder,ghost figure,,2,False,Unknown
Rockford,Michigan,-85.5600316,43.1200272,No,3+,Supernatural,ghost presence,,2,False,Dusk
Rockwood,Michigan,-83.2465957,42.0708765,Yes,2+,Supernatural,Unknown,,0,False,Unknown
Romeo,Michigan,-83.0129874,42.802808,No,1+,Supernatural,apparition orb,many orb,2,True,Dusk
Romulus,Michigan,-83.39659940000001,42.2222614,No,1,Supernatural,ghost,,1,False,Dusk
Romulus,Michigan,-83.39659940000001,42.2222614,Yes,5+,Murder,Unknown,,0,False,Unknown
Romulus,Michigan,-83.39659940000001,42.2222614,No,5+,Supernatural,spirit,,1,False,Dusk
Roscommon,Michigan,-84.5919682,44.4983504,No,1,Supernatural,apparition,,1,False,Unknown
Roscommon,Michigan,-84.5919682,44.4983504,No,3,Supernatural,figure,ghostly figure,1,False,Unknown
Roseville,Michigan,-82.9371409,42.4972583,No,0,Supernatural,figure,,1,False,Evening
Roseville,Michigan,-82.9371409,42.4972583,No,1,Supernatural,apparition,,1,False,Unknown
Roseville,Michigan,-82.9371409,42.4972583,No,1,Supernatural,figure,,1,False,Dusk
Roseville,Michigan,-82.9371409,42.4972583,No,1,Murder,Unknown,,0,False,Dusk
Roseville,Michigan,-82.9371409,42.4972583,Yes,2+,Murder,Unknown,,0,False,Dusk
Saint Clair Shores,Michigan,-82.89636039999999,42.4974085,Yes,1,Murder,ghost,,1,False,Evening
Saginaw,Michigan,-83.9508068,43.4194699,No,1,Supernatural,Unknown,,0,False,Evening
Saginaw,Michigan,-83.9508068,43.4194699,Yes,2+,Supernatural,warlock,,1,False,Evening
Saginaw,Michigan,-83.9508068,43.4194699,Yes,1,Supernatural,Unknown,,0,False,Evening
Salem Township,Michigan,-83.6135572,42.3929212,Yes,0,Unknown,Unknown,,0,False,Evening
Saltillo,Michigan,-88.70207339999999,34.3710293,Yes,5+,Unknown,Unknown,,0,False,Unknown
Sandusky,Michigan,-82.8296572,43.4202989,No,1,Supernatural,figure,,1,False,Dusk
Saugatuck,Michigan,-86.2019825,42.6550248,Yes,2+,Supernatural,ghost spirit orb mist,,4,True,Unknown
Saugatuck,Michigan,-86.2019825,42.6550248,Yes,1,Supernatural,figure,,1,False,Dusk
Sault Ste Marie,Michigan,-84.3453169,46.4952996,No,1,Supernatural,spirit figure,,2,False,Evening
Schoolcraft,Michigan,-85.63777759999999,42.11421070000001,No,0,Supernatural,Unknown,,0,False,Dusk
Sebewaing,Michigan,-83.4510724,43.7322394,Yes,2+,Unknown,Unknown,,0,False,Dusk
Shelby Township,Michigan,-83.0329934,42.670782,Yes,3+,Supernatural,Unknown,,0,False,Dusk
Sheldrake,Michigan,-85.03361000000001,46.67778,No,2+,Natural Disaster,Unknown,,0,False,Dusk
Shepherd,Michigan,-84.6947325,43.5244747,No,3+,Supernatural,shadow presence,black presence,2,False,Dusk
Shepherd,Michigan,-84.6947325,43.5244747,No,3+,Unknown,Unknown,,0,False,Evening
Sidnaw,Michigan,-88.70847189999999,46.5046647,No,1,Murder,Unknown,,0,False,Dusk
Sidney,Michigan,-85.1271907,43.2452303,No,0,Unknown,Unknown,,0,False,Evening
Somerset,Michigan,-84.41726659999999,42.0415105,Yes,3+,Murder,ghost spirit shadow,black shadow,3,False,Unknown
South Rockwood,Michigan,-83.2610406,42.0639323,Yes,2,Supernatural,orb,,1,False,Evening
Southgate,Michigan,-83.19381469999999,42.2139284,No,1,Supernatural,Unknown,,0,False,Dusk
Southgate,Michigan,-83.19381469999999,42.2139284,No,0,Unknown,Unknown,,0,False,Evening
Southgate,Michigan,-83.19381469999999,42.2139284,No,1,Unknown,Unknown,,0,False,Dusk
Sparta,Michigan,-85.71003929999999,43.1608578,Yes,5,Murder,Unknown,,0,False,Dusk
St. Clair,Michigan,-82.486024,42.8208653,No,0,Unknown,Unknown,,0,False,Dusk
St. Clair,Michigan,-82.486024,42.8208653,Yes,0,Supernatural,Unknown,,0,False,Evening
Saint Clair Shores,Michigan,-82.89636039999999,42.4974085,Yes,4,Suicide,figure,,1,False,Evening
St. Clair Shores,Michigan,-82.89636039999999,42.4974085,Yes,3+,Supernatural,apparition,,1,False,Evening
St. Clair Shores,Michigan,-82.89636039999999,42.4974085,No,5+,Supernatural,presence,,1,False,Evening
St. Clair County,Michigan,-82.6483442,43.016179,No,1,Unknown,Unknown,,0,False,Dusk
Sterling Heights,Michigan,-83.0302033,42.5803122,No,1+,Supernatural,shadow,,1,False,Evening
Sterling Heights,Michigan,-83.0302033,42.5803122,No,1,Supernatural,Unknown,,0,False,Dusk
Stevensville,Michigan,-86.5194654,42.014487,No,1+,Murder,figure,,1,False,Evening
Stronach,Michigan,-86.15482689999999,44.2023126,Yes,1+,Murder,Unknown,,0,False,Evening
Taylor,Michigan,-83.2696509,42.240872,Yes,3+,Unknown,Unknown,,0,False,Evening
Taylor,Michigan,-83.2696509,42.240872,No,0,Murder,Unknown,,0,False,Dusk
Taylor,Michigan,-83.2696509,42.240872,Yes,1,Supernatural,ghost figure,,2,False,Evening
Tecumseh,Michigan,-83.9449417,42.0039331,No,0,Murder,figure,,1,False,Dusk
Thunder Bay Island,Michigan,-84.51829699999999,44.9097303,No,1+,Supernatural,spirit presence,,2,False,Unknown
Traverse City,Michigan,-85.62063169999999,44.7630567,No,0,Supernatural,Unknown,,0,False,Evening
Traverse City,Michigan,-85.62063169999999,44.7630567,No,0,Murder,Unknown,,0,True,Dusk
Traverse City,Michigan,-85.62063169999999,44.7630567,Yes,0,Unknown,Unknown,,0,False,Unknown
Traverse City,Michigan,-85.62063169999999,44.7630567,No,0,Murder,Unknown,,0,False,Dusk
Traverse City,Michigan,-85.62063169999999,44.7630567,Yes,2,Unknown,Unknown,,0,False,Morning
Traverse City,Michigan,-85.62063169999999,44.7630567,Yes,2+,Supernatural,Unknown,,0,False,Unknown
Traverse City,Michigan,-85.62063169999999,44.7630567,No,0,Unknown,Unknown,,0,False,Dusk
Traverse City,Michigan,-85.62063169999999,44.7630567,Yes,3+,Supernatural,ghost figure,,2,False,Dusk
Traverse City,Michigan,-85.62063169999999,44.7630567,No,1,Supernatural,spirit,,1,False,Dusk
Traverse City,Michigan,-85.62063169999999,44.7630567,No,0,Supernatural,Unknown,,0,False,Morning
Trenton,Michigan,-83.1782587,42.1394858,Yes,2,Murder,figure,,1,True,Dusk
Troy,Michigan,-83.1497751,42.6064095,Yes,2+,Supernatural,spirit,white Spirit,1,False,Evening
Troy,Michigan,-83.1497751,42.6064095,No,0,Unknown,Unknown,,0,False,Evening
Troy,Michigan,-83.1497751,42.6064095,Yes,2+,Suicide,Unknown,,0,False,Dusk
Union,Michigan,-85.1271907,42.03431579999999,No,0,Suicide,Unknown,,0,False,Dusk
Union Lake,Michigan,-83.4468828,42.6147541,Yes,5+,Supernatural,ghost,,1,False,Evening
Utica,Michigan,-83.0335384,42.6261446,Yes,0,Supernatural,Unknown,,0,False,Evening
Utica,Michigan,-83.0335384,42.6261446,No,0,Supernatural,presence,,1,False,Dusk
Utica,Michigan,-83.0335384,42.6261446,No,0,Murder,Unknown,,0,False,Evening
Van Buren,Michigan,-83.4838244,42.2203171,Yes,0,Supernatural,apparition,,1,False,Dusk
Vanderbilt,Michigan,-84.6603091,45.14279030000001,Yes,2+,Supernatural,Unknown,,0,False,Unknown
Vandercook Lake,Michigan,-84.3910659,42.193371,No,0,Supernatural,Unknown,,0,False,Dusk
Vassar,Michigan,-83.58329169999999,43.3719678,Yes,1,Unknown,Unknown,,0,False,Unknown
Vernon,Michigan,-84.02940819999999,42.9391971,No,1,Natural Disaster,Unknown,,0,False,Dusk
Vienna,Michigan,-83.47798929999999,41.7869911,No,5+,Supernatural,figure,,1,False,Evening
Walled Lake,Michigan,-83.4810481,42.537811,Yes,2+,Murder,Unknown,,0,False,Evening
Waltz,Michigan,-83.39215469999999,42.1003202,No,3,Supernatural,ghost,,1,False,Dusk
Warren,Michigan,-83.01465259999999,42.5144566,No,1,Supernatural,Unknown,,0,False,Unknown
Warren,Michigan,-83.01465259999999,42.5144566,Yes,0,Natural Disaster,Unknown,,0,False,Dusk
Warren,Michigan,-83.01465259999999,42.5144566,Yes,3+,Supernatural,ghost,,1,False,Unknown
Warren,Michigan,-83.01465259999999,42.5144566,Yes,4,Supernatural,figure,"large figure, black figure, strange figure, black figure",1,False,Evening
Warren,Michigan,-83.01465259999999,42.5144566,Yes,0,Supernatural,Unknown,,0,False,Dusk
Warren,Michigan,-83.01465259999999,42.5144566,Yes,3+,Supernatural,shadow,,1,False,Dusk
Warren,Michigan,-83.01465259999999,42.5144566,No,1,Supernatural,Unknown,,0,False,Dusk
Warren,Michigan,-83.01465259999999,42.5144566,Yes,0,Supernatural,Unknown,,0,False,Evening
Warren,Michigan,-83.01465259999999,42.5144566,Yes,0,Supernatural,orb,,1,True,Evening
Warren,Michigan,-83.01465259999999,42.5144566,No,1,Murder,orb,blue orb,1,False,Dusk
Watersmeet,Michigan,-89.1783221,46.2679475,No,1,Supernatural,Unknown,,0,False,Unknown
Wayne,Michigan,-83.3863214,42.2814269,No,1,Supernatural,Unknown,,0,False,Evening
Wayne,Michigan,-83.3863214,42.2814269,No,1,Death,figure,"tall figure, dark figure",1,False,Evening
Wayne,Michigan,-83.3863214,42.2814269,No,0,Supernatural,Unknown,,0,False,Unknown
Wayne,Michigan,-83.3863214,42.2814269,Yes,0,Supernatural,Unknown,,0,False,Dusk
Wayne,Michigan,-83.3863214,42.2814269,Yes,5+,Supernatural,orb,,1,True,Evening
Wayne,Michigan,-83.3863214,42.2814269,No,0,Murder,ghost,,1,False,Evening
Wayne,Michigan,-83.3863214,42.2814269,No,3+,Supernatural,ghost,,1,False,Evening
Wayne,Michigan,-83.3863214,42.2814269,Yes,1,Murder,Unknown,,0,False,Dusk
West Bloomfield,Michigan,-83.373339,42.5678534,Yes,4+,Supernatural,ghost,,1,False,Morning
West Bloomfield,Michigan,-83.373339,42.5678534,No,1,Unknown,Unknown,,0,False,Dusk
West Bloomfield,Michigan,-83.373339,42.5678534,No,40,Supernatural,ghost spirit,,2,False,Dusk
Westland,Michigan,-83.400211,42.32420399999999,No,1,Murder,ghost,,1,False,Evening
Westland,Michigan,-83.400211,42.32420399999999,Yes,0,Supernatural,ghost,,1,False,Evening
Westland,Michigan,-83.400211,42.32420399999999,Yes,3+,Natural Disaster,ghost,,1,True,Evening
Westland,Michigan,-83.400211,42.32420399999999,No,5+,Unknown,Unknown,,0,False,Dusk
Westland,Michigan,-83.400211,42.32420399999999,No,0,Supernatural,spirit,,1,False,Dusk
Westland,Michigan,-83.400211,42.32420399999999,Yes,1,Supernatural,ghost,"strange ghost, friendly ghost",1,True,Evening
Westland,Michigan,-83.400211,42.32420399999999,No,50+,Supernatural,ghost,,1,False,Evening
Westland,Michigan,-83.400211,42.32420399999999,Yes,1,Supernatural,orb,,1,False,Evening
Westland,Michigan,-83.400211,42.32420399999999,Yes,1,Murder,ghost,,1,False,Dusk
Westland,Michigan,-83.400211,42.32420399999999,Yes,1+,Supernatural,Unknown,,0,False,Unknown
White Cloud,Michigan,-85.771997,43.5502974,Yes,0,Murder,Unknown,,0,False,Dusk
Willis,Michigan,-83.5586429,42.1583697,No,0,Supernatural,Unknown,,0,False,Unknown
Ypsilanti,Michigan,-83.61299389999999,42.2411499,Yes,1,Supernatural,Unknown,,0,False,Evening
Ypsilanti,Michigan,-83.61299389999999,42.2411499,No,0,Murder,Unknown,,0,False,Evening
Ypsilanti,Michigan,-83.61299389999999,42.2411499,No,0,Murder,ghost,,1,False,Dusk
Ypsilanti,Michigan,-83.61299389999999,42.2411499,Yes,2+,Unknown,Unknown,,0,False,Dusk
Academia,Pennsylvania,-77.4758231,40.4964672,Yes,1,Murder,ghost,,1,False,Unknown
Academia,Pennsylvania,-77.4758231,40.4964672,No,0,Natural Disaster,presence,,1,False,Evening
Academia,Pennsylvania,-77.4758231,40.4964672,Yes,0,Natural Disaster,demon,red demon,1,False,Dusk
Allegheny,Pennsylvania,-80.0087746,40.4450813,No,1,Supernatural,spirit,,1,False,Unknown
Allegheny,Pennsylvania,-80.0087746,40.4450813,No,1,Unknown,Unknown,,0,False,Unknown
Allentown,Pennsylvania,-75.4901833,40.6084305,No,0,Supernatural,ghost,,1,False,Evening
Allentown,Pennsylvania,-75.4901833,40.6084305,Yes,3+,Suicide,ghost,,1,False,Unknown
Allentown,Pennsylvania,-75.4901833,40.6084305,No,0,Supernatural,apparition,,1,False,Dusk
Allentown,Pennsylvania,-75.4901833,40.6084305,No,0,Supernatural,ghost spirit,,2,False,Dusk
Allentown,Pennsylvania,-75.4901833,40.6084305,No,0,Murder,ghost,,1,False,Dusk
Allentown,Pennsylvania,-75.4901833,40.6084305,No,1+,Supernatural,Unknown,,0,True,Evening
Allentown,Pennsylvania,-75.4901833,40.6084305,No,1,Supernatural,ghost,,1,False,Evening
Allentown,Pennsylvania,-75.4901833,40.6084305,No,2,Supernatural,ghost,,1,False,Morning
Allentown,Pennsylvania,-75.4901833,40.6084305,No,0,Supernatural,ghost,,1,False,Dusk
Allentown,Pennsylvania,-75.4901833,40.6084305,Yes,3+,Supernatural,shadow,,1,False,Evening
Allenwood,Pennsylvania,-76.89829739999999,41.1075825,No,1,Supernatural,presence,,1,False,Evening
Altoona,Pennsylvania,-78.3947359,40.5186809,No,1+,Supernatural,Unknown,,0,False,Dusk
Altoona,Pennsylvania,-78.3947359,40.5186809,No,1+,Murder,Unknown,,0,False,Dusk
Altoona,Pennsylvania,-78.3947359,40.5186809,Yes,1,Murder,shadow,black shadow,1,False,Evening
Altoona,Pennsylvania,-78.3947359,40.5186809,No,3+,Murder,ghost spirit specter,,3,False,Unknown
Ambridge,Pennsylvania,-80.22506,40.5892339,No,2+,Unknown,Unknown,,0,False,Dusk
Amity Hall,Pennsylvania,-73.9988836,40.72965610000001,No,1,Murder,ghost,,1,False,Dusk
Banning,Pennsylvania,-79.75143109999999,40.11951759999999,Yes,0,Supernatural,Unknown,,0,False,Evening
Barton Brook,Pennsylvania,-76.3871532,42.0937601,Yes,2+,Supernatural,ghost apparition,torso apparition,2,False,Unknown
Bartonsville,Pennsylvania,-75.2776634,41.0038964,No,1,Supernatural,spirit apparition,female apparition,2,False,Dusk
Beaver,Pennsylvania,-80.30478459999999,40.6953437,Yes,0,Supernatural,Unknown,,0,False,Dusk
Beaverdale,Pennsylvania,-78.6994326,40.3210883,No,0,Murder,Unknown,,0,False,Dusk
Beaver Falls,Pennsylvania,-80.31922949999999,40.7520097,No,0,Supernatural,Unknown,,0,False,Evening
Bedford,Pennsylvania,-78.50390689999999,40.0186921,No,1,Supernatural,Unknown,,0,True,Dusk
Bedford,Pennsylvania,-78.50390689999999,40.0186921,No,0,Supernatural,apparition,,1,False,Evening
Bedford,Pennsylvania,-78.50390689999999,40.0186921,No,0,Supernatural,spirit,,1,False,Dusk
Beech Creek,Pennsylvania,-77.5886026,41.0758987,Yes,3+,Natural Disaster,Unknown,,0,False,Dusk
Benango County,Pennsylvania,-79.8296743,41.3896611,Yes,1,Supernatural,spirit shadow,,2,False,Dusk
Bensalem,Pennsylvania,-74.9325683,40.09944249999999,Yes,1,Supernatural,Unknown,,0,False,Evening
Bensalem,Pennsylvania,-74.9325683,40.09944249999999,No,0,Murder,figure,,1,False,Unknown
Bensalem,Pennsylvania,-74.9325683,40.09944249999999,No,3+,Supernatural,presence,,1,False,Dusk
Bentleyville,Pennsylvania,-80.0083855,40.1167387,Yes,3+,Supernatural,Unknown,,0,False,Unknown
Berks,Pennsylvania,-75.9927652,40.3451566,No,1,Supernatural,Unknown,,0,False,Evening
Bernville,Pennsylvania,-76.1121648,40.433426,Yes,0,Supernatural,Unknown,,0,False,Unknown
Bethlehem,Pennsylvania,-75.37045789999999,40.6259316,No,1,Supernatural,Unknown,,0,False,Dusk
Bethlehem,Pennsylvania,-75.37045789999999,40.6259316,No,2,Supernatural,spirit,,1,False,Dusk
Bethlehem,Pennsylvania,-75.37045789999999,40.6259316,Yes,5,Supernatural,Unknown,,0,False,Dusk
Bethlehem,Pennsylvania,-75.37045789999999,40.6259316,No,3,Supernatural,ghost,,1,False,Dusk
Bethlehem,Pennsylvania,-75.37045789999999,40.6259316,Yes,3+,Supernatural,spirit figure,,2,False,Dusk
Bethlehem,Pennsylvania,-75.37045789999999,40.6259316,No,0,Suicide,ghost,,1,False,Dusk
Bethlehem,Pennsylvania,-75.37045789999999,40.6259316,Yes,1,Supernatural,Unknown,,0,False,Evening
Bethlehem,Pennsylvania,-75.37045789999999,40.6259316,No,3+,Supernatural,ghost presence,,2,False,Dusk
Birdsboro,Pennsylvania,-75.8040852,40.2645371,Yes,1+,Supernatural,ghost,,1,True,Morning
Bloomsburg,Pennsylvania,-76.4549457,41.003698,No,0,Supernatural,ghost,,1,False,Evening
Bloomsburg,Pennsylvania,-76.4549457,41.003698,Yes,2+,Supernatural,Unknown,,0,False,Dusk
Bloomsburg,Pennsylvania,-76.4549457,41.003698,No,2+,Supernatural,ghost specter,,2,False,Dusk
Bloomsberg,Pennsylvania,-76.4549457,41.003698,Yes,1,Unknown,Unknown,,0,False,Morning
Blue Bell,Pennsylvania,-75.26628900000001,40.1523309,No,1,Supernatural,Unknown,,0,False,Dusk
Blue Mountain,Pennsylvania,-75.5124842,40.82264259999999,Yes,2+,Supernatural,spirit,,1,False,Unknown
Boiling Springs,Pennsylvania,-77.1283133,40.14981239999999,No,1,Supernatural,ghost,,1,False,Dusk
Boswell,Pennsylvania,-79.02891609999999,40.1614651,No,0,Unknown,Unknown,,0,False,Evening
Braddock,Pennsylvania,-79.8683824,40.4034024,No,1,Murder,ghost,,1,False,Dusk
Bradford County,Pennsylvania,-76.5488232,41.83625019999999,No,0,Unknown,Unknown,,0,False,Dusk
Brandy Camp,Pennsylvania,-78.6875263,41.3208942,Yes,1,Unknown,Unknown,,0,False,Dusk
Bristol,Pennsylvania,-74.8518311,40.1006661,No,1,Supernatural,ghost figure,strange figure,2,False,Dusk
Bristol,Pennsylvania,-74.8518311,40.1006661,No,1,Supernatural,apparition,,1,False,Dusk
Bristol,Pennsylvania,-74.8518311,40.1006661,No,0,Supernatural,ghost witch,,2,False,Dusk
Broad Top,Pennsylvania,-78.14084079999999,40.2023022,No,0,Supernatural,Unknown,,0,False,Evening
Bryn Mawr,Pennsylvania,-75.3151772,40.0230237,No,0,Supernatural,Unknown,,0,False,Morning
Bucks County,Pennsylvania,-75.2479061,40.4107964,No,0,Supernatural,ghost,,1,False,Dusk
Bucks County,Pennsylvania,-75.2479061,40.4107964,No,1+,Supernatural,Unknown,,0,False,Dusk
Bucks County,Pennsylvania,-75.2479061,40.4107964,Yes,2+,Supernatural,Unknown,,0,False,Evening
BUckingham,Pennsylvania,-75.0494329,40.3149535,No,1,Supernatural,Unknown,,0,False,Evening
Buckingham,Pennsylvania,-75.0494329,40.3149535,No,1,Supernatural,witch,,1,False,Evening
Bushkill,Pennsylvania,-75.0018401,41.09342900000001,No,0,Supernatural,ghost,,1,False,Evening
Butler County,Pennsylvania,-79.8296743,40.9115243,Yes,0,Unknown,mist,,1,False,Evening
Butler County,Pennsylvania,-79.8296743,40.9115243,Yes,3+,Death,spirit,,1,False,Unknown
Butler County,Pennsylvania,-79.8296743,40.9115243,No,1,Supernatural,Unknown,,0,False,Dusk
Butler County,Pennsylvania,-79.8296743,40.9115243,No,0,Supernatural,Unknown,,0,False,Evening
Butler County,Pennsylvania,-79.8296743,40.9115243,Yes,3+,Supernatural,phantom,,1,False,Morning
Cambridge Springs,Pennsylvania,-80.0564443,41.8036675,Yes,3+,Supernatural,ghost apparition,,2,False,Evening
Camp Hill,Pennsylvania,-76.9199742,40.23981180000001,Yes,3+,Supernatural,Unknown,,0,False,Dusk
Camp Hill,Pennsylvania,-76.9199742,40.23981180000001,No,0,Murder,Unknown,,0,False,Evening
Camp Hill,Pennsylvania,-76.9199742,40.23981180000001,No,2+,Murder,orb figure presence,,3,True,Morning
Canonsburg,Pennsylvania,-80.18727969999999,40.2625702,Yes,3,Supernatural,ghost figure,shadowy figure,2,True,Evening
Canton,Pennsylvania,-76.8532927,41.656464,Yes,1+,Supernatural,Unknown,,0,False,Evening
Carbon County,Pennsylvania,-75.667356,40.901975,No,1,Murder,ghost,famous ghost,1,False,Morning
Carlisle,Pennsylvania,-77.20027449999999,40.2010241,No,0,Supernatural,Unknown,,0,False,Dusk
Carlisle,Pennsylvania,-77.20027449999999,40.2010241,No,0,Unknown,Unknown,,0,False,Evening
Carlisle,Pennsylvania,-77.20027449999999,40.2010241,No,1,Supernatural,ghost,,1,False,Evening
Carlisle,Pennsylvania,-77.20027449999999,40.2010241,No,0,Unknown,Unknown,,0,False,Evening
Carlisle,Pennsylvania,-77.20027449999999,40.2010241,No,0,Supernatural,Unknown,,0,False,Dusk
Carlisle,Pennsylvania,-77.20027449999999,40.2010241,No,3+,Supernatural,ghost,,1,False,Evening
Carlisle,Pennsylvania,-77.20027449999999,40.2010241,No,0,Supernatural,Unknown,,0,False,Dusk
Carlisle,Pennsylvania,-77.20027449999999,40.2010241,Yes,1,Unknown,Unknown,,0,False,Dusk
Carlisle,Pennsylvania,-77.20027449999999,40.2010241,No,1,Death,Unknown,,0,False,Morning
Carlisle,Pennsylvania,-77.20027449999999,40.2010241,No,2+,Unknown,Unknown,,0,False,Dusk
Carnegie,Pennsylvania,-80.0833885,40.4086802,Yes,3+,Supernatural,apparition,,1,False,Unknown
Cecil,Pennsylvania,-80.1986649,40.3099159,No,1+,Supernatural,figure,short figure,1,False,Unknown
Centerhall,Pennsylvania,-77.6861093,40.8475635,No,3+,Murder,Unknown,,0,False,Evening
Chartiers Valley,Pennsylvania,-80.1316927,40.4052428,Yes,1,Supernatural,shadow phantom figure,"large figure, white figure",3,False,Dusk
Chester,Pennsylvania,-75.3557457,39.849557,No,3+,Supernatural,presence,,1,False,Unknown
Clearfield,Pennsylvania,-78.4391876,41.0272796,No,0,Unknown,Unknown,,0,False,Evening
Clifford,Pennsylvania,-75.5626039,41.685298,Yes,0,Murder,spirit,,1,False,Unknown
Coatsville,Pennsylvania,-75.8238355,39.9831616,Yes,0,Murder,Unknown,,0,False,Dusk
Colwyn,Pennsylvania,-75.253794,39.9123351,No,1+,Murder,ghost,,1,False,Dusk
Conneaut,Pennsylvania,-80.30534159999999,41.6033874,No,3+,Murder,ghost spirit figure,likable spirit,3,False,Unknown
Conneaut Lake,Pennsylvania,-80.30534159999999,41.6033874,No,1,Murder,Unknown,,0,False,Dusk
Corry,Pennsylvania,-79.6403287,41.9203337,Yes,1,Supernatural,Unknown,,0,False,Evening
Coulterville,Pennsylvania,-79.78747539999999,40.3056302,Yes,1,Natural Disaster,apparition,,1,False,Dusk
Covington,Pennsylvania,-77.1255055,41.7271918,Yes,2+,Unknown,Unknown,,0,False,Dusk
Cranberry,Pennsylvania,-80.1071379,40.6849626,Yes,2+,Unknown,Unknown,,0,False,Dusk
Cranberry,Pennsylvania,-80.1071379,40.6849626,No,0,Supernatural,Unknown,,0,False,Unknown
Cranberry,Pennsylvania,-80.1071379,40.6849626,No,0,Supernatural,Unknown,,0,False,Dusk
Crescent Township,Pennsylvania,-80.22422639999999,40.55978959999999,No,2+,Supernatural,spirit,young spirit,1,False,Dusk
Cressson,Pennsylvania,-78.59168369999999,40.4597938,Yes,2+,Supernatural,Unknown,,0,False,Evening
Cumberland,Pennsylvania,-77.2405153,40.1299841,Yes,0,Murder,Unknown,,0,False,Dusk
Cumberland County,Pennsylvania,-77.2405153,40.1299841,No,0,Murder,Unknown,,0,False,Dusk
Curwensville,Pennsylvania,-78.5250243,40.9756136,Yes,3+,Murder,ghost shadow presence,,3,False,Evening
Darktown,Pennsylvania,,,Yes,0,Supernatural,troll,,1,False,Unknown
Delaware,Pennsylvania,-75.3878525,39.907793,Yes,1,Unknown,Unknown,,0,False,Evening
Delaware,Pennsylvania,-75.3878525,39.907793,No,1,Unknown,Unknown,,0,False,Dusk
Delaware,Pennsylvania,-75.3878525,39.907793,No,1,Supernatural,shadow,,1,False,Evening
Delaware County,Pennsylvania,-75.3878525,39.907793,No,1+,Supernatural,Unknown,,0,False,Dusk
Delmont,Pennsylvania,-79.57032009999999,40.4131233,No,1,Suicide,Unknown,,0,False,Dusk
Douglassville,Pennsylvania,-75.7262916,40.2581117,No,3+,Natural Disaster,apparition,,1,False,Dusk
Douglassville,Pennsylvania,-75.7262916,40.2581117,No,2+,Suicide,Unknown,,0,False,Dusk
Downingtown,Pennsylvania,-75.7032742,40.0064958,No,0,Suicide,Unknown,,0,False,Dusk
Doylestown,Pennsylvania,-75.1298939,40.3101063,Yes,1,Suicide,ghost,personal ghost,1,False,Morning
Doylestown,Pennsylvania,-75.1298939,40.3101063,No,1,Supernatural,ghost,,1,False,Dusk
Doylestown,Pennsylvania,-75.1298939,40.3101063,No,1+,Supernatural,apparition,,1,False,Evening
Drexel Hill,Pennsylvania,-75.2921301,39.9470567,Yes,5+,Suicide,spirit,,1,False,Dusk
Drexel Hill,Pennsylvania,-75.2921301,39.9470567,No,1,Murder,Unknown,,0,False,Dusk
DuBois,Pennsylvania,-78.7583257,41.1210115,No,0,Supernatural,ghost,,1,False,Unknown
DuBois,Pennsylvania,-78.7583257,41.1210115,Yes,1,Unknown,Unknown,,0,False,Dusk
DuBois,Pennsylvania,-78.7583257,41.1210115,No,1,Murder,Unknown,,0,False,Dusk
Duncannon,Pennsylvania,-77.0230334,40.3981415,No,1,Murder,spirit figure imp,"faint figure, white figure, vengeful spirit",3,False,Dusk
Dunmore,Pennsylvania,-75.63241119999999,41.4198027,No,0,Supernatural,Unknown,,0,False,Dusk
Dushore,Pennsylvania,-76.4007744,41.524242,Yes,0,Supernatural,Unknown,,0,False,Unknown
East Brady,Pennsylvania,-79.6131025,40.98589700000001,No,1+,Supernatural,Unknown,,0,False,Dusk
East Stroudsburg,Pennsylvania,-75.1812913,40.9995386,Yes,1,Unknown,Unknown,,0,False,Dusk
East Stroudsburg,Pennsylvania,-75.1812913,40.9995386,No,1,Supernatural,Unknown,,0,False,Dusk
Easton,Pennsylvania,-75.2207323,40.688432,No,0,Supernatural,ghost,,1,False,Evening
Easton,Pennsylvania,-75.2207323,40.688432,No,0,Suicide,Unknown,,0,False,Morning
Easton,Pennsylvania,-75.2207323,40.688432,No,1,Supernatural,ghost,,1,False,Evening
Eckley,Pennsylvania,-75.8626117,40.99352220000001,No,1,Unknown,Unknown,,0,False,Dusk
Edinboro,Pennsylvania,-80.1317236,41.87422249999999,Yes,3+,Supernatural,ghost,,1,False,Evening
Edinboro,Pennsylvania,-80.1317236,41.87422249999999,No,0,Supernatural,presence,,1,False,Unknown
Edinboro,Pennsylvania,-80.1317236,41.87422249999999,Yes,1,Suicide,presence,strong presence,1,False,Evening
Edinboro,Pennsylvania,-80.1317236,41.87422249999999,No,1,Supernatural,witch,,1,False,Evening
Elimsport,Pennsylvania,-77.0205229,41.127858,No,1,Supernatural,Unknown,,0,False,Evening
Elizabeth,Pennsylvania,-79.8897706,40.2692367,Yes,0,Supernatural,Unknown,,0,False,Dusk
Elizabeth,Pennsylvania,-79.8897706,40.2692367,No,1,Murder,Unknown,,0,False,Dusk
Elizabeth,Pennsylvania,-79.8897706,40.2692367,No,0,Death,Unknown,,0,False,Morning
Elizabethtown,Pennsylvania,-76.6027455,40.1528719,Yes,0,Unknown,Unknown,,0,False,Dusk
Elizabethtown,Pennsylvania,-76.6027455,40.1528719,No,1,Murder,spirit,,1,False,Evening
Elliotsburg,Pennsylvania,-77.28887399999999,40.3889725,Yes,1,Supernatural,Unknown,,0,False,Dusk
Elton,Pennsylvania,-78.8022438,40.279798,No,1,Supernatural,figure witch,shadowy figure,2,False,Evening
Elverson,Pennsylvania,-75.83270879999999,40.156764,No,0,Supernatural,orb,,1,False,Dusk
Emmsworth,Pennsylvania,-80.09450059999999,40.5100684,Yes,0,Supernatural,apparition,,1,False,Evening
Enola,Pennsylvania,-76.9338636,40.2900885,Yes,2+,Natural Disaster,Unknown,,0,False,Evening
Ephrata,Pennsylvania,-76.17883909999999,40.1798165,No,0,Supernatural,spirit shadow,Indian spirit,2,False,Dusk
Erie,Pennsylvania,-80.085059,42.12922409999999,Yes,2,Supernatural,figure,,1,False,Dusk
Erie,Pennsylvania,-80.085059,42.12922409999999,Yes,1,Natural Disaster,witch vampire,,2,False,Dusk
Erie,Pennsylvania,-80.085059,42.12922409999999,Yes,5+,Supernatural,figure,,1,False,Unknown
Erie,Pennsylvania,-80.085059,42.12922409999999,No,2+,Murder,spirit,nun spirit,1,False,Morning
Erie,Pennsylvania,-80.085059,42.12922409999999,No,1,Supernatural,presence,,1,False,Evening
Erie,Pennsylvania,-80.085059,42.12922409999999,Yes,1+,Supernatural,Unknown,,0,False,Morning
Erie,Pennsylvania,-80.085059,42.12922409999999,Yes,1,Supernatural,shadow,,1,False,Dusk
Erie,Pennsylvania,-80.085059,42.12922409999999,Yes,1,Supernatural,apparition,,1,False,Dusk
Exchange,Pennsylvania,-76.6838456,41.1131401,No,2+,Suicide,Unknown,,0,False,Evening
Farmington,Pennsylvania,-79.5655972,39.8072982,No,1,Supernatural,ghost,,1,False,Dusk
Farmington,Pennsylvania,-79.5655972,39.8072982,Yes,0,Natural Disaster,phantom,,1,False,Evening
Fawn Township,Pennsylvania,-79.77363059999999,40.6559144,No,0,Unknown,Unknown,,0,False,Evening
Fawngove,Pennsylvania,-76.4519078,39.727882,No,0,Supernatural,Unknown,,0,False,Dusk
Fayetteville,Pennsylvania,-77.5499888,39.9112028,No,2,Unknown,Unknown,,0,False,Unknown
Flourtown,Pennsylvania,-75.20411639999999,40.1030433,Yes,3+,Supernatural,orb,,1,True,Evening
Flourtown,Pennsylvania,-75.20411639999999,40.1030433,Yes,2+,Supernatural,Unknown,,0,False,Dusk
Ford City,Pennsylvania,-79.5297673,40.7722865,No,0,Supernatural,ghost,,1,False,Dusk
Frackville,Pennsylvania,-76.2302211,40.7839774,No,0,Supernatural,shadow,,1,False,Dusk
Franconia,Pennsylvania,-75.35287790000001,40.3145367,No,1,Murder,Unknown,,0,False,Dusk
Freedom,Pennsylvania,-80.25172769999999,40.6856221,Yes,3+,Supernatural,presence,,1,False,Dusk
Galeton,Pennsylvania,-77.64193100000001,41.7331245,Yes,0,Supernatural,Unknown,,0,False,Unknown
Gettysburg,Pennsylvania,-77.2310955,39.8309293,No,2,Unknown,Unknown,,0,False,Dusk
Gettysburg,Pennsylvania,-77.2310955,39.8309293,No,1,Unknown,Unknown,,0,False,Dusk
Gettysburg,Pennsylvania,-77.2310955,39.8309293,Yes,1+,Unknown,Unknown,,0,False,Evening
Gettysburg,Pennsylvania,-77.2310955,39.8309293,No,0,Supernatural,orb,,1,True,Dusk
Gettysburg,Pennsylvania,-77.2310955,39.8309293,No,0,Supernatural,Unknown,,0,False,Unknown
Gettysburg,Pennsylvania,-77.2310955,39.8309293,No,15,Unknown,Unknown,,0,False,Dusk
Gettysburg,Pennsylvania,-77.2310955,39.8309293,Yes,5+,Supernatural,ghost spirit,,2,True,Dusk
Gettysburg,Pennsylvania,-77.2310955,39.8309293,No,1,Supernatural,Unknown,,0,False,Dusk
Gettysburg,Pennsylvania,-77.2310955,39.8309293,No,2,Supernatural,spirit,,1,False,Evening
Gettysburg,Pennsylvania,-77.2310955,39.8309293,No,5+,Supernatural,Unknown,,0,False,Evening
Gettysburg,Pennsylvania,-77.2310955,39.8309293,No,2,Supernatural,Unknown,,0,False,Dusk
Gettysburg,Pennsylvania,-77.2310955,39.8309293,Yes,3,Death,Unknown,,0,False,Dusk
gettysburg,Pennsylvania,-77.2310955,39.8309293,No,2+,Suicide,ghost,,1,False,Unknown
Gettysburg,Pennsylvania,-77.2310955,39.8309293,No,2+,Supernatural,ghost,,1,False,Dusk
Gettysburg,Pennsylvania,-77.2310955,39.8309293,No,1+,Murder,presence,,1,False,Dusk
Gettysburg,Pennsylvania,-77.2310955,39.8309293,Yes,2+,Unknown,entity,,1,False,Unknown
Gettysburg,Pennsylvania,-77.2310955,39.8309293,No,1+,Supernatural,Unknown,,0,False,Dusk
Gettysburg,Pennsylvania,-77.2310955,39.8309293,No,3,Murder,Unknown,,0,False,Dusk
Gettysburg,Pennsylvania,-77.2310955,39.8309293,Yes,5+,Supernatural,Unknown,,0,False,Dusk
Gettysburg,Pennsylvania,-77.2310955,39.8309293,Yes,1,Natural Disaster,phantom,,1,False,Unknown
Girard,Pennsylvania,-80.31811929999999,42.0003337,Yes,1,Supernatural,ghost apparition presence,,3,False,Dusk
Glen Mills,Pennsylvania,-75.5103484,39.9016273,Yes,1,Murder,Unknown,,0,False,Dusk
Glenmoore,Pennsylvania,-75.7725054,40.0890224,Yes,3,Murder,figure,,1,False,Unknown
Gordon,Pennsylvania,-76.336061,40.7517544,No,0,Murder,Unknown,,0,False,Dusk
Granville,Pennsylvania,-77.6192447,40.5634631,Yes,0,Murder,Unknown,,0,False,Dusk
Greene,Pennsylvania,-80.1875065,39.8113005,Yes,1,Supernatural,Unknown,,0,False,Dusk
Greensburg,Pennsylvania,-79.5389289,40.3014581,No,2,Murder,Unknown,,0,True,Dusk
Greensburg,Pennsylvania,-79.5389289,40.3014581,No,3+,Supernatural,ghost,,1,False,Dusk
Greensburg,Pennsylvania,-79.5389289,40.3014581,No,0,Supernatural,apparition,,1,False,Unknown
Greensburg,Pennsylvania,-79.5389289,40.3014581,Yes,2+,Supernatural,Unknown,,0,False,Dusk
Greensburg,Pennsylvania,-79.5389289,40.3014581,No,2+,Suicide,shadow,,1,False,Dusk
Greenock,Pennsylvania,-79.804205,40.3132236,No,0,Unknown,Unknown,,0,False,Evening
Greenville,Pennsylvania,-80.39117850000001,41.404499,No,0,Supernatural,ghost,unknown ghost,1,False,Unknown
Grove City,Pennsylvania,-80.08867029999999,41.15783769999999,Yes,1+,Suicide,Unknown,,0,False,Dusk
Grove City,Pennsylvania,-80.08867029999999,41.15783769999999,Yes,1,Supernatural,spirit demon presence,,3,False,Evening
Grove City,Pennsylvania,-80.08867029999999,41.15783769999999,No,3+,Supernatural,ghost,,1,False,Evening
Guffy,Pennsylvania,-78.6933612,41.7592288,No,0,Unknown,Unknown,,0,False,Evening
Harmarville,Pennsylvania,-79.8403931,40.5395038,Yes,1,Unknown,Unknown,,0,False,Dusk
Harmarville,Pennsylvania,-79.8403931,40.5395038,No,1+,Unknown,Unknown,,0,False,Evening
Harmarville,Pennsylvania,-79.8403931,40.5395038,No,1,Supernatural,Unknown,,0,False,Morning
Harmarville,Pennsylvania,-79.8403931,40.5395038,No,0,Supernatural,apparition orb,,2,False,Dusk
Harmony,Pennsylvania,-80.1272826,40.801454,No,2+,Murder,figure,,1,False,Evening
Harrisburg,Pennsylvania,-76.8867008,40.2731911,Yes,3+,Murder,apparition shadow poltergeist,,3,False,Unknown
Harrisburg,Pennsylvania,-76.8867008,40.2731911,Yes,4,Supernatural,presence,,1,False,Dusk
Harrisburg,Pennsylvania,-76.8867008,40.2731911,No,3,Suicide,Unknown,,0,False,Dusk
Harrison City,Pennsylvania,-79.6501407,40.3547915,No,1,Murder,ghost,,1,False,Dusk
Hastings,Pennsylvania,-78.7122478,40.6650671,Yes,0,Murder,Unknown,,0,False,Evening
Hazleton,Pennsylvania,-75.97464719999999,40.9584181,Yes,2+,Supernatural,Unknown,,0,False,Dusk
Hazleton,Pennsylvania,-75.97464719999999,40.9584181,No,1,Supernatural,ghost,tall ghost,1,False,Dusk
Hazleton,Pennsylvania,-75.97464719999999,40.9584181,No,0,Supernatural,Unknown,,0,False,Dusk
Hazleton,Pennsylvania,-75.97464719999999,40.9584181,Yes,1,Supernatural,ghost,"second ghost, last ghost",1,False,Dusk
Hazleton,Pennsylvania,-75.97464719999999,40.9584181,No,0,Supernatural,Unknown,,0,False,Unknown
Hazleton,Pennsylvania,-75.97464719999999,40.9584181,No,0,Murder,Unknown,,0,False,Unknown
Henryville,Pennsylvania,-75.2412927,41.0937032,No,9,Supernatural,spirit,,1,False,Morning
Hermitage,Pennsylvania,-80.44868,41.2333896,Yes,1+,Murder,figure,white figure,1,False,Unknown
Hershey,Pennsylvania,-76.65024679999999,40.2859239,No,0,Supernatural,ghost,,1,False,Evening
Hershey,Pennsylvania,-76.65024679999999,40.2859239,No,1,Supernatural,Unknown,,0,False,Evening
Hershey,Pennsylvania,-76.65024679999999,40.2859239,Yes,0,Supernatural,Unknown,,0,False,Dusk
Hollsopple,Pennsylvania,-78.92780259999999,40.2084096,Yes,2+,Murder,phantom figure,,2,False,Unknown
Hollsopple,Pennsylvania,-78.92780259999999,40.2084096,No,0,Murder,Unknown,,0,False,Dusk
Horsham,Pennsylvania,-75.1285061,40.1784422,No,1,Unknown,Unknown,,0,False,Dusk
Immaculata,Pennsylvania,-75.5715699,40.0280292,Yes,2+,Unknown,Unknown,,0,False,Dusk
Independence,Pennsylvania,-80.3435908,40.5342098,Yes,1,Death,spirit mist,,2,False,Unknown
Independence,Pennsylvania,-80.3435908,40.5342098,No,1+,Murder,figure,,1,False,Evening
Indiana,Pennsylvania,-79.15253489999999,40.6214551,No,0,Supernatural,ghost,,1,False,Dusk
Indiana,Pennsylvania,-79.15253489999999,40.6214551,No,1,Supernatural,ghost presence,bad presence,2,False,Evening
Jennersville,Pennsylvania,-75.869665,39.82316429999999,No,0,Murder,Unknown,,0,False,Dusk
Johnstown,Pennsylvania,-78.9219698,40.32674069999999,No,0,Unknown,Unknown,,0,False,Morning
Johnstown,Pennsylvania,-78.9219698,40.32674069999999,No,2+,Supernatural,Unknown,,0,False,Dusk
Johnstown,Pennsylvania,-78.9219698,40.32674069999999,Yes,1,Murder,Unknown,,0,False,Dusk
Johnstown,Pennsylvania,-78.9219698,40.32674069999999,No,2,Murder,Unknown,,0,False,Dusk
Johnstown,Pennsylvania,-78.9219698,40.32674069999999,No,0,Supernatural,Unknown,,0,True,Evening
Johnstown,Pennsylvania,-78.9219698,40.32674069999999,No,0,Supernatural,apparition,,1,False,Evening
Johnstown,Pennsylvania,-78.9219698,40.32674069999999,No,2+,Supernatural,Unknown,,0,False,Dusk
Johnstown,Pennsylvania,-78.9219698,40.32674069999999,Yes,2+,Murder,Unknown,,0,False,Dusk
Johnstown,Pennsylvania,-78.9219698,40.32674069999999,No,1+,Supernatural,Unknown,,0,False,Dusk
Johnstown,Pennsylvania,-78.9219698,40.32674069999999,Yes,2+,Supernatural,apparition,,1,False,Dusk
Johnstown,Pennsylvania,-78.9219698,40.32674069999999,Yes,3+,Supernatural,spirit orb,,2,False,Unknown
Johnstown,Pennsylvania,-78.9219698,40.32674069999999,No,0,Murder,ghost,,1,False,Dusk
Johnstown,Pennsylvania,-78.9219698,40.32674069999999,No,0,Supernatural,spirit,,1,False,Dusk
Johnstown,Pennsylvania,-78.9219698,40.32674069999999,Yes,2,Supernatural,ghost,,1,True,Morning
Johnstown,Pennsylvania,-78.9219698,40.32674069999999,Yes,2+,Supernatural,ghost,,1,False,Evening
Johnstown,Pennsylvania,-78.9219698,40.32674069999999,No,0,Supernatural,apparition,,1,False,Evening
Johnstown,Pennsylvania,-78.9219698,40.32674069999999,Yes,0,Supernatural,Unknown,,0,False,Dusk
Kane,Pennsylvania,-78.81114269999999,41.6628394,No,0,Murder,Unknown,,0,False,Dusk
Kane,Pennsylvania,-78.81114269999999,41.6628394,No,2+,Unknown,Unknown,,0,False,Dusk
Kelayres,Pennsylvania,-76.0039737,40.9008402,No,1,Supernatural,figure,,1,False,Evening
Kersey,Pennsylvania,-78.5961346,41.3622832,Yes,0,Supernatural,Unknown,,0,False,Morning
Koppel,Pennsylvania,-80.32228549999999,40.8342304,No,1,Supernatural,Unknown,,0,False,Dusk
Kutztown,Pennsylvania,-75.7774177,40.5173165,No,3+,Supernatural,Unknown,,0,False,Evening
Kutztown,Pennsylvania,-75.7774177,40.5173165,No,0,Supernatural,spirit,,1,False,Dusk
La Plume,Pennsylvania,-75.754592,41.5580976,No,5+,Unknown,Unknown,,0,False,Dusk
La Plume,Pennsylvania,-75.754592,41.5580976,Yes,1+,Supernatural,ghost apparition presence,,3,False,Unknown
La Plume,Pennsylvania,-75.754592,41.5580976,No,0,Supernatural,ghost entity,black entity,2,True,Unknown
Lancaster,Pennsylvania,-76.3055144,40.0378755,Yes,3+,Supernatural,figure,ghostly figure,1,False,Dusk
Lancaster,Pennsylvania,-76.3055144,40.0378755,Yes,0,Unknown,Unknown,,0,False,Dusk
Lancaster,Pennsylvania,-76.3055144,40.0378755,Yes,0,Supernatural,Unknown,,0,False,Dusk
Lancaster,Pennsylvania,-76.3055144,40.0378755,No,1+,Supernatural,figure,tall figure,1,False,Dusk
Lancaster,Pennsylvania,-76.3055144,40.0378755,No,3+,Murder,apparition,,1,False,Unknown
Lancaster,Pennsylvania,-76.3055144,40.0378755,Yes,1,Supernatural,Unknown,,0,False,Dusk
Lancaster,Pennsylvania,-76.3055144,40.0378755,No,0,Supernatural,Unknown,,0,False,Unknown
Lancaster,Pennsylvania,-76.3055144,40.0378755,Yes,0,Murder,Unknown,,0,False,Unknown
Lancaster,Pennsylvania,-76.3055144,40.0378755,No,0,Supernatural,figure,white figure,1,False,Evening
Lancaster County,Pennsylvania,-76.17837390000001,40.0466571,Yes,1,Supernatural,Unknown,,0,False,Unknown
Lansdown,Pennsylvania,-75.2718507,39.9381682,No,1,Supernatural,shadow,,1,False,Evening
Langhorne,Pennsylvania,-74.92266649999999,40.1745538,No,2+,Supernatural,spirit,,1,False,Evening
Langhorne,Pennsylvania,-74.92266649999999,40.1745538,No,3+,Supernatural,apparition,,1,False,Evening
Latrobe,Pennsylvania,-79.37948109999999,40.3211808,No,2+,Murder,ghost shadow,,2,False,Morning
Lebanon,Pennsylvania,-76.4113497,40.3409251,No,1,Suicide,ghost,,1,False,Dusk
Lebanon County,Pennsylvania,-76.5025742,40.3666686,Yes,1,Murder,figure,,1,False,Morning
Lebanon County,Pennsylvania,-76.5025742,40.3666686,No,0,Murder,Unknown,,0,False,Unknown
Leet Township,Pennsylvania,-80.2014543,40.5750609,Yes,0,Murder,Unknown,,0,False,Unknown
Lehigh,Pennsylvania,-75.5742467,40.6519679,No,2+,Supernatural,ghost,,1,False,Dusk
Lehighton,Pennsylvania,-75.7138008,40.8337029,No,0,Unknown,Unknown,,0,False,Evening
Lehighton,Pennsylvania,-75.7138008,40.8337029,No,1+,Supernatural,apparition,,1,False,Dusk
Letterkenny,Pennsylvania,-77.7223162,40.0414029,Yes,1,Supernatural,Unknown,,0,False,Unknown
Lewistown,Pennsylvania,-77.571382,40.5992395,No,0,Murder,Unknown,,0,False,Dusk
Lewistown,Pennsylvania,-77.571382,40.5992395,No,3+,Murder,ghost spirit presence,,3,False,Evening
Lewistown,Pennsylvania,-77.571382,40.5992395,Yes,1,Supernatural,ghost entity,,2,False,Unknown
Lewistown,Pennsylvania,-77.571382,40.5992395,Yes,2+,Supernatural,presence,,1,False,Unknown
Lewistown,Pennsylvania,-77.571382,40.5992395,Yes,1,Suicide,Unknown,,0,False,Dusk
Lewistown,Pennsylvania,-77.571382,40.5992395,Yes,1,Unknown,Unknown,,0,False,Unknown
Limerick,Pennsylvania,-75.5393155,40.2383606,No,1,Murder,ghost,,1,False,Dusk
Linesville,Pennsylvania,-80.4239562,41.65616560000001,Yes,0,Supernatural,apparition,,1,False,Dusk
Linwood,Pennsylvania,-75.4254722,39.8265015,No,1,Suicide,Unknown,,0,False,Evening
Livermore,Pennsylvania,-79.3330933,40.4617342,Yes,0,Death,phantom demon witch,,3,False,Evening
Liverpool,Pennsylvania,-76.98914529999999,40.5748067,Yes,3+,Supernatural,Unknown,,0,False,Dusk
Lock Haven,Pennsylvania,-77.4469263,41.1370133,No,1,Supernatural,apparition,,1,False,Evening
Lock Haven,Pennsylvania,-77.4469263,41.1370133,No,0,Suicide,ghost,,1,False,Evening
Lock Haven,Pennsylvania,-77.4469263,41.1370133,No,1,Supernatural,ghost spirit,,2,False,Morning
Lock Haven,Pennsylvania,-77.4469263,41.1370133,No,3+,Supernatural,presence,,1,False,Dusk
Lower Burrell,Pennsylvania,-79.7209802,40.5849232,No,3,Supernatural,apparition,,1,False,Dusk
Madison Township,Pennsylvania,-75.46942849999999,41.359996,Yes,0,Supernatural,Unknown,,0,False,Dusk
Malvern,Pennsylvania,-75.5138118,40.0362184,No,3+,Supernatural,ghost,,1,False,Unknown
Manheim,Pennsylvania,-76.3949614,40.16342789999999,No,1+,Supernatural,figure,ghostly figure,1,False,Evening
Manor,Pennsylvania,-79.6700433,40.333958,Yes,3+,Suicide,ghost specter,only ghost,2,False,Dusk
Mansfield,Pennsylvania,-77.077468,41.80729609999999,No,1,Unknown,Unknown,,0,False,Dusk
Mansfield,Pennsylvania,-77.077468,41.80729609999999,Yes,3+,Supernatural,apparition,,1,False,Unknown
Mansfield,Pennsylvania,-77.077468,41.80729609999999,Yes,0,Supernatural,Unknown,,0,False,Evening
Marianna,Pennsylvania,-80.1000562,40.0247953,No,0,Supernatural,ghost,,1,False,Dusk
Mars,Pennsylvania,-80.0117254,40.6958996,Yes,3+,Death,ghost spirit,,2,False,Dusk
Marshals Creek,Pennsylvania,-75.12740029999999,41.0431501,No,0,Supernatural,figure,mysterious figure,1,False,Evening
Mason Town,Pennsylvania,-79.89977549999999,39.8467433,No,0,Supernatural,Unknown,,0,False,Evening
McCandless,Pennsylvania,-80.03113640000001,40.5880814,Yes,4+,Supernatural,Unknown,,0,False,Dusk
McElhattan,Pennsylvania,-77.3613651,41.1597929,No,0,Murder,ghost,,1,False,Unknown
Mckeesport,Pennsylvania,-79.8641232,40.3470671,Yes,0,Supernatural,spirit,,1,False,Dusk
McVeytown,Pennsylvania,-77.7413818,40.4992419,No,0,Supernatural,Unknown,,0,False,Evening
Meadville,Pennsylvania,-80.15144839999999,41.6414438,No,0,Supernatural,ghost,,1,False,Evening
Meadville,Pennsylvania,-80.15144839999999,41.6414438,No,0,Murder,spirit,,1,False,Dusk
Meadville,Pennsylvania,-80.15144839999999,41.6414438,Yes,3+,Supernatural,spirit apparition presence,,3,False,Dusk
Meadville,Pennsylvania,-80.15144839999999,41.6414438,No,0,Supernatural,Unknown,,0,False,Dusk
Mechanicsburg,Pennsylvania,-77.0085876,40.2142565,No,1+,Supernatural,apparition,,1,False,Morning
Media,Pennsylvania,-75.387693,39.9167783,No,0,Supernatural,ghost presence,,2,False,Evening
Media/Middletown Township,Pennsylvania,-75.387693,39.9167783,No,0,Unknown,Unknown,,0,False,Dusk
Mercer,Pennsylvania,-80.2397852,41.2270025,Yes,0,Murder,ghost spirit orb,,3,False,Evening
Middletown,Pennsylvania,-76.7310806,40.199814,Yes,2,Supernatural,ghost,,1,False,Dusk
Middletown,Pennsylvania,-76.7310806,40.199814,Yes,1,Murder,Unknown,,0,False,Dusk
Middletown,Pennsylvania,-76.7310806,40.199814,No,0,Unknown,Unknown,,0,False,Evening
Middletown,Pennsylvania,-76.7310806,40.199814,Yes,2,Murder,Unknown,,0,False,Dusk
Middletown,Pennsylvania,-76.7310806,40.199814,Yes,0,Supernatural,Unknown,,0,False,Dusk
Middletown,Pennsylvania,-76.7310806,40.199814,No,2+,Supernatural,Unknown,,0,False,Dusk
Middletown / Lima,Pennsylvania,-75.4404746,39.9173332,Yes,5,Murder,Unknown,,0,False,Morning
Milfard,Pennsylvania,-74.8023882,41.322316,Yes,2,Supernatural,Unknown,,0,False,Dusk
Milford,Pennsylvania,-74.8023882,41.322316,Yes,3+,Supernatural,spirit,,1,False,Dusk
Millersville,Pennsylvania,-76.3541274,39.9978764,Yes,0,Supernatural,apparition,,1,False,Dusk
Millvale,Pennsylvania,-79.9783862,40.480069,Yes,3+,Unknown,Unknown,,0,False,Evening
Millvale,Pennsylvania,-79.9783862,40.480069,No,1+,Supernatural,Unknown,,0,False,Dusk
Millville,Pennsylvania,-76.5299495,41.120363,No,1,Supernatural,shadow,,1,False,Dusk
Millville,Pennsylvania,-76.5299495,41.120363,Yes,1,Death,Unknown,,0,False,Unknown
Milton,Pennsylvania,-76.8477412,41.0120296,Yes,1,Supernatural,figure,,1,False,Morning
Milton,Pennsylvania,-76.8477412,41.0120296,Yes,2+,Supernatural,Unknown,,0,False,Evening
Monroe County,Pennsylvania,-75.2479061,41.0458376,No,0,Suicide,Unknown,,0,False,Evening
Monroe County,Pennsylvania,-75.2479061,41.0458376,No,1+,Natural Disaster,Unknown,,0,False,Unknown
Monroeville,Pennsylvania,-79.7881024,40.4211798,No,3,Supernatural,apparition,,1,False,Dusk
Monroeville,Pennsylvania,-79.7881024,40.4211798,No,1,Death,Unknown,,0,False,Evening
Monroeville,Pennsylvania,-79.7881024,40.4211798,Yes,0,Unknown,Unknown,,0,False,Dusk
Montandon,Pennsylvania,-76.852974,40.965702,No,1,Murder,shadow,,1,False,Dusk
Montgomery County,Pennsylvania,-75.3878525,40.2290075,Yes,0,Supernatural,apparition,,1,False,Evening
Montgomery County,Pennsylvania,-75.3878525,40.2290075,Yes,2+,Suicide,Unknown,,0,False,Evening
Montgomery county,Pennsylvania,-75.3878525,40.2290075,No,0,Murder,ghost orb,,2,False,Evening
Montrose,Pennsylvania,-75.8771388,41.8339653,Yes,5,Unknown,Unknown,,0,False,Morning
Morgantown,Pennsylvania,-75.88994079999999,40.1552847,No,1,Supernatural,Unknown,,0,False,Dusk
Mount Pleasant,Pennsylvania,-79.54114969999999,40.1489607,Yes,1,Supernatural,Unknown,,0,False,Morning
Mount Pocono,Pennsylvania,-75.3646282,41.1220337,Yes,2,Supernatural,Unknown,,0,False,Evening
Mount Pocono,Pennsylvania,-75.3646282,41.1220337,Yes,5+,Supernatural,Unknown,,0,False,Dusk
Muhlenburg,Pennsylvania,-76.1590963,41.2289714,No,2+,Unknown,Unknown,,0,False,Evening
Munhall,Pennsylvania,-79.9000499,40.3922914,Yes,5+,Supernatural,ghost,,1,False,Dusk
Murrysville,Pennsylvania,-79.69754499999999,40.4284015,No,0,Supernatural,Unknown,,0,False,Evening
Natrona Hts.,Pennsylvania,-79.72984459999999,40.623038,Yes,2,Supernatural,Unknown,,0,False,Unknown
New Ashatola,Pennsylvania,-78.845861,40.276644,No,0,Murder,Unknown,,0,False,Dusk
New Bloomfield,Pennsylvania,-77.1872047,40.4197907,Yes,3,Supernatural,Unknown,,0,False,Dusk
New Castle,Pennsylvania,-80.34700900000001,41.0036719,No,0,Supernatural,ghost,,1,False,Dusk
New Castle,Pennsylvania,-80.34700900000001,41.0036719,No,1,Murder,ghost,,1,False,Evening
New Castle,Pennsylvania,-80.34700900000001,41.0036719,No,1,Supernatural,ghost,,1,False,Dusk
New Castle,Pennsylvania,-80.34700900000001,41.0036719,No,0,Supernatural,Unknown,,0,False,Evening
New Castle,Pennsylvania,-80.34700900000001,41.0036719,No,1,Supernatural,ghost spirit,several ghost,2,False,Evening
New Hope,Pennsylvania,-74.9512785,40.36427279999999,No,1,Supernatural,ghost,,1,False,Dusk
New Hope,Pennsylvania,-74.9512785,40.36427279999999,Yes,2+,Supernatural,ghost apparition,,2,False,Dusk
New Hope,Pennsylvania,-74.9512785,40.36427279999999,Yes,3+,Murder,figure,,1,False,Evening
New Hope,Pennsylvania,-74.9512785,40.36427279999999,No,0,Supernatural,Unknown,,0,False,Dusk
New Hope,Pennsylvania,-74.9512785,40.36427279999999,No,1,Unknown,Unknown,,0,False,Dusk
New Hope,Pennsylvania,-74.9512785,40.36427279999999,No,3+,Murder,ghost orb figure mist,"covered mist, orbs mist",4,False,Dusk
New Milford,Pennsylvania,-75.7271318,41.8725781,No,3+,Supernatural,ghost,helpful ghost,1,False,Dusk
New Oxford,Pennsylvania,-77.0558143,39.8637086,Yes,6,Supernatural,spirit figure,full figure,2,False,Unknown
New Wilmington,Pennsylvania,-80.33284280000001,41.1222812,Yes,3+,Murder,Unknown,,0,False,Dusk
Newberry,Pennsylvania,-76.79135579999999,40.1293106,Yes,1,Supernatural,shadow orb figure,,3,False,Dusk
Newel,Pennsylvania,-79.8981032,40.0756287,No,0,Supernatural,ghost,,1,False,Dusk
Newtown,Pennsylvania,-74.9322596,40.2283371,No,0,Supernatural,ghost,,1,False,Dusk
Newtown Square,Pennsylvania,-75.4007058,39.9868904,No,0,Unknown,Unknown,,0,False,Dusk
Nockamixion,Pennsylvania,-75.1662121,40.52969400000001,No,2+,Murder,presence,Indian presence,1,False,Evening
Norristown,Pennsylvania,-75.3399048,40.121497,No,0,Supernatural,ghost,,1,False,Dusk
Norristown,Pennsylvania,-75.3399048,40.121497,No,1,Supernatural,ghost,,1,False,Evening
Northampton,Pennsylvania,-75.4968501,40.6862075,Yes,0,Supernatural,ghost witch,,2,False,Evening
Oakdale,Pennsylvania,-80.1856134,40.3981246,Yes,1,Supernatural,Unknown,,0,False,Dusk
Ohioville,Pennsylvania,-80.4947892,40.6792311,No,0,Supernatural,spirit,,1,False,Unknown
Oil City,Pennsylvania,-79.7064413,41.4339484,No,1+,Suicide,ghost,Other ghost,1,False,Unknown
Oliphant Furnace,Pennsylvania,-79.72587949999999,39.8422985,Yes,1,Unknown,Unknown,,0,False,Dusk
Palmerton,Pennsylvania,-75.6101867,40.8014826,Yes,3+,Supernatural,Unknown,,0,False,Morning
Paradise,Pennsylvania,-76.1285654,40.0098226,No,0,Murder,Unknown,,0,False,Dusk
Patton,Pennsylvania,-78.6503006,40.6339561,No,1+,Supernatural,presence,,1,False,Evening
Patton,Pennsylvania,-78.6503006,40.6339561,Yes,1,Supernatural,Unknown,,0,False,Evening
Penninsula,Pennsylvania,-73.9753899,40.7616669,No,0,Supernatural,ghost,,1,False,Dusk
Perry,Pennsylvania,-77.2405153,40.371376,No,3+,Murder,ghost,,1,False,Dusk
Perry County,Pennsylvania,-77.2405153,40.371376,No,0,Supernatural,Unknown,,0,False,Evening
Perryopolis,Pennsylvania,-79.750597,40.0870182,No,0,Unknown,Unknown,,0,False,Dusk
Philadelphia,Pennsylvania,-75.1652215,39.9525839,No,1,Unknown,Unknown,,0,False,Unknown
Philadelphia,Pennsylvania,-75.1652215,39.9525839,No,1,Supernatural,ghost,,1,False,Evening
Philadelphia,Pennsylvania,-75.1652215,39.9525839,Yes,0,Supernatural,Unknown,,0,False,Dusk
Philadelphia,Pennsylvania,-75.1652215,39.9525839,Yes,3+,Supernatural,Unknown,,0,False,Dusk
Philadelphia,Pennsylvania,-75.1652215,39.9525839,No,0,Murder,apparition shadow,,2,False,Evening
Philadelphia,Pennsylvania,-75.1652215,39.9525839,No,1,Unknown,Unknown,,0,False,Dusk
Philadelphia,Pennsylvania,-75.1652215,39.9525839,No,2,Supernatural,ghost,,1,False,Dusk
Philadelphia,Pennsylvania,-75.1652215,39.9525839,No,3,Supernatural,ghost,,1,False,Dusk
Philadelphia,Pennsylvania,-75.1652215,39.9525839,Yes,4,Unknown,Unknown,,0,False,Unknown
Philadelphia,Pennsylvania,-75.1652215,39.9525839,Yes,17,Supernatural,ghost,,1,False,Dusk
Philadelphia,Pennsylvania,-75.1652215,39.9525839,Yes,1,Supernatural,Unknown,,0,False,Dusk
Philadelphia,Pennsylvania,-75.1652215,39.9525839,No,3+,Unknown,Unknown,,0,False,Dusk
Philadelphia,Pennsylvania,-75.1652215,39.9525839,Yes,1,Supernatural,Unknown,,0,False,Evening
Philadelphia,Pennsylvania,-75.1652215,39.9525839,No,1,Supernatural,shadow orb,,2,False,Dusk
Philadelphia,Pennsylvania,-75.1652215,39.9525839,No,0,Supernatural,presence,ghostly presence,1,False,Dusk
Philadelphia,Pennsylvania,-75.1652215,39.9525839,No,0,Supernatural,ghost,,1,False,Unknown
Philadelphia,Pennsylvania,-75.1652215,39.9525839,No,1,Supernatural,spirit,,1,False,Unknown
Philadelphia,Pennsylvania,-75.1652215,39.9525839,No,0,Supernatural,Unknown,,0,False,Evening
Philadelphia,Pennsylvania,-75.1652215,39.9525839,Yes,0,Supernatural,apparition,,1,False,Evening
Philadelphia,Pennsylvania,-75.1652215,39.9525839,No,1,Supernatural,apparition,,1,False,Evening
Philadelphia,Pennsylvania,-75.1652215,39.9525839,No,2+,Supernatural,figure,,1,False,Dusk
Philadelphia,Pennsylvania,-75.1652215,39.9525839,No,3+,Murder,Unknown,,0,False,Unknown
Philadelphia,Pennsylvania,-75.1652215,39.9525839,No,1,Supernatural,ghost poltergeist presence,"protective presence, many presence, dust Poltergeist",3,False,Dusk
Philipsburg,Pennsylvania,-78.2205688,40.8964465,Yes,1,Supernatural,Unknown,,0,False,Dusk
Phoenixville,Pennsylvania,-75.51491279999999,40.1303822,No,0,Supernatural,ghost,,1,False,Dusk
Phoenixville,Pennsylvania,-75.51491279999999,40.1303822,No,3,Supernatural,spirit,prominent spirit,1,False,Morning
Pine Grove,Pennsylvania,-76.3846781,40.5484233,Yes,1,Murder,Unknown,,0,False,Evening
Pine Grove,Pennsylvania,-76.3846781,40.5484233,Yes,0,Supernatural,ghost,,1,False,Evening
Pine Grove,Pennsylvania,-76.3846781,40.5484233,Yes,1,Supernatural,Unknown,,0,False,Unknown
Pitcairn,Pennsylvania,-79.77810199999999,40.4031244,No,1,Supernatural,spirit,,1,False,Dusk
Pitcairn,Pennsylvania,-79.77810199999999,40.4031244,No,0,Supernatural,Unknown,,0,False,Dusk
Pitcairn,Pennsylvania,-79.77810199999999,40.4031244,Yes,1,Murder,shadow figure,,2,False,Unknown
Pitcairn,Pennsylvania,-79.77810199999999,40.4031244,Yes,1,Supernatural,Unknown,,0,False,Unknown
Pitcairn,Pennsylvania,-79.77810199999999,40.4031244,Yes,1,Supernatural,Unknown,,0,False,Dusk
Pitcairn,Pennsylvania,-79.77810199999999,40.4031244,No,0,Supernatural,Unknown,,0,False,Dusk
Pittsburgh,Pennsylvania,-79.9958864,40.44062479999999,Yes,2+,Supernatural,Unknown,,0,False,Dusk
Pittsburgh,Pennsylvania,-79.9958864,40.44062479999999,No,0,Supernatural,apparition,misty apparition,1,False,Dusk
Pittsburgh,Pennsylvania,-79.9958864,40.44062479999999,No,0,Unknown,mist,bluish mist,1,False,Evening
Pittsburgh,Pennsylvania,-79.9958864,40.44062479999999,No,2+,Suicide,ghost,,1,False,Evening
Pittsburgh,Pennsylvania,-79.9958864,40.44062479999999,No,0,Supernatural,spirit,,1,False,Evening
Pittsburgh,Pennsylvania,-79.9958864,40.44062479999999,No,2+,Supernatural,apparition,,1,False,Evening
Pittsburgh,Pennsylvania,-79.9958864,40.44062479999999,No,0,Supernatural,spirit,,1,False,Unknown
Pittsburgh,Pennsylvania,-79.9958864,40.44062479999999,No,1,Supernatural,Unknown,,0,False,Dusk
Pittsburgh,Pennsylvania,-79.9958864,40.44062479999999,No,1,Supernatural,Unknown,,0,False,Evening
Pittsburgh,Pennsylvania,-79.9958864,40.44062479999999,No,0,Supernatural,Unknown,,0,False,Dusk
Pittsburgh,Pennsylvania,-79.9958864,40.44062479999999,No,0,Supernatural,ghost,,1,False,Evening
Pittsburgh,Pennsylvania,-79.9958864,40.44062479999999,No,1,Unknown,Unknown,,0,False,Dusk
Pittsburgh,Pennsylvania,-79.9958864,40.44062479999999,No,1,Supernatural,Unknown,,0,False,Dusk
Pittsburgh,Pennsylvania,-79.9958864,40.44062479999999,Yes,3,Murder,Unknown,,0,False,Evening
Pittsburgh,Pennsylvania,-79.9958864,40.44062479999999,Yes,1,Supernatural,apparition,,1,False,Dusk
Pittsburgh,Pennsylvania,-79.9958864,40.44062479999999,No,1,Supernatural,ghost apparition,,2,False,Dusk
Pittsburgh,Pennsylvania,-79.9958864,40.44062479999999,No,3+,Natural Disaster,spirit,,1,False,Dusk
Pittsburgh,Pennsylvania,-79.9958864,40.44062479999999,No,0,Supernatural,ghost phantom,,2,False,Dusk
Pittsburgh,Pennsylvania,-79.9958864,40.44062479999999,No,0,Unknown,Unknown,,0,False,Dusk
Pittsburgh,Pennsylvania,-79.9958864,40.44062479999999,Yes,1,Supernatural,mist,several mist,1,False,Dusk
Pittsburgh,Pennsylvania,-79.9958864,40.44062479999999,No,0,Supernatural,ghost shadow figure,,3,False,Dusk
Pittsburgh,Pennsylvania,-79.9958864,40.44062479999999,No,1,Unknown,Unknown,,0,False,Evening
Pittsburgh,Pennsylvania,-79.9958864,40.44062479999999,No,0,Supernatural,shadow figure,,2,False,Dusk
Pittsburgh,Pennsylvania,-79.9958864,40.44062479999999,No,0,Murder,apparition,,1,False,Dusk
Pittsburgh,Pennsylvania,-79.9958864,40.44062479999999,No,2+,Supernatural,ghost,,1,False,Dusk
Pittsburgh,Pennsylvania,-79.9958864,40.44062479999999,No,5,Supernatural,Unknown,,0,False,Dusk
Pittsburgh,Pennsylvania,-79.9958864,40.44062479999999,No,0,Unknown,Unknown,,0,False,Evening
Pittsburgh,Pennsylvania,-79.9958864,40.44062479999999,Yes,10+,Supernatural,poltergeist,cold poltergeist,1,False,Evening
Pittsburgh,Pennsylvania,-79.9958864,40.44062479999999,No,2+,Murder,Unknown,,0,False,Dusk
Pittsburgh,Pennsylvania,-79.9958864,40.44062479999999,No,0,Supernatural,spirit,,1,False,Unknown
Pittsburgh,Pennsylvania,-79.9958864,40.44062479999999,No,0,Supernatural,spirit,,1,False,Dusk
Pittsburgh,Pennsylvania,-79.9958864,40.44062479999999,No,0,Murder,Unknown,,0,False,Morning
Pittsburgh,Pennsylvania,-79.9958864,40.44062479999999,No,2+,Supernatural,specter mist,,2,False,Evening
Pittsburgh,Pennsylvania,-79.9958864,40.44062479999999,Yes,1+,Supernatural,Unknown,,0,False,Dusk
Pittsburgh,Pennsylvania,-79.9958864,40.44062479999999,No,5+,Supernatural,ghost,,1,False,Dusk
Pittsburgh,Pennsylvania,-79.9958864,40.44062479999999,No,1,Suicide,ghost,,1,False,Dusk
Pittsburgh,Pennsylvania,-79.9958864,40.44062479999999,Yes,4,Supernatural,ghost,other ghost,1,False,Evening
Pittsburgh,Pennsylvania,-79.9958864,40.44062479999999,No,1,Supernatural,Unknown,,0,False,Dusk
Pittsburgh,Pennsylvania,-79.9958864,40.44062479999999,No,1,Natural Disaster,Unknown,,0,False,Dusk
Pittsburgh,Pennsylvania,-79.9958864,40.44062479999999,No,0,Supernatural,Unknown,,0,False,Dusk
Pittsburgh,Pennsylvania,-79.9958864,40.44062479999999,No,0,Supernatural,spirit,,1,False,Dusk
Pittsburgh,Pennsylvania,-79.9958864,40.44062479999999,Yes,1+,Murder,Unknown,,0,False,Evening
Pittston,Pennsylvania,-75.78936039999999,41.3259134,No,0,Murder,Unknown,,0,False,Unknown
Plum,Pennsylvania,-79.7494911,40.5003456,No,12+,Supernatural,apparition,,1,False,Dusk
Portvue,Pennsylvania,-79.86977069999999,40.3359028,Yes,1+,Death,ghost spirit,,2,False,Unknown
Potter's Mills,Pennsylvania,-77.6252746,40.79589850000001,No,3+,Supernatural,ghost,,1,False,Dusk
Pottsville,Pennsylvania,-76.195499,40.6856456,No,1,Supernatural,Unknown,,0,False,Dusk
Raccoon,Pennsylvania,-80.3769999,40.6075224,No,0,Supernatural,orb,,1,False,Dusk
Radnor,Pennsylvania,-75.3754599,40.043912,No,3,Suicide,Unknown,,0,False,Unknown
Radnor,Pennsylvania,-75.3754599,40.043912,Yes,3+,Supernatural,ghost presence,,2,False,Morning
Reading,Pennsylvania,-75.9268747,40.3356483,Yes,1,Suicide,Unknown,,0,False,Dusk
Reading,Pennsylvania,-75.9268747,40.3356483,No,0,Supernatural,ghost,,1,False,Dusk
Reading,Pennsylvania,-75.9268747,40.3356483,Yes,3+,Murder,Unknown,,0,False,Unknown
Reading,Pennsylvania,-75.9268747,40.3356483,No,0,Supernatural,ghost,,1,False,Evening
Reading,Pennsylvania,-75.9268747,40.3356483,Yes,4,Unknown,Unknown,,0,False,Dusk
Reading,Pennsylvania,-75.9268747,40.3356483,Yes,3+,Supernatural,Unknown,,0,False,Unknown
Reading,Pennsylvania,-75.9268747,40.3356483,Yes,1,Supernatural,Unknown,,0,False,Dusk
Reading,Pennsylvania,-75.9268747,40.3356483,No,1,Unknown,Unknown,,0,False,Dusk
Reading,Pennsylvania,-75.9268747,40.3356483,No,0,Supernatural,spirit,unknown spirit,1,False,Unknown
Reading,Pennsylvania,-75.9268747,40.3356483,No,2,Supernatural,ghost figure,"old ghost, ghostly figure",2,False,Evening
Ridgway,Pennsylvania,-78.7286388,41.4203391,No,1,Supernatural,spirit,,1,False,Dusk
Ringtown,Pennsylvania,-76.2296624,40.8586985,No,0,Supernatural,Unknown,,0,False,Dusk
Roaring Spring,Pennsylvania,-78.3908471,40.3359086,No,1,Murder,spirit,,1,False,Dusk
Roaring Spring,Pennsylvania,-78.3908471,40.3359086,Yes,3,Suicide,ghost orb,"least ghost, other ghost",2,False,Dusk
Root Hollow,Pennsylvania,-76.04677269999999,41.467444,No,0,Murder,spirit,,1,False,Dusk
Rosemont,Pennsylvania,-75.3237979,40.0256664,Yes,0,Supernatural,apparition,,1,False,Evening
Sandy Lake,Pennsylvania,-80.0822822,41.3486673,No,1,Supernatural,spirit shadow,,2,False,Evening
Saxonburg,Pennsylvania,-79.81005309999999,40.7539538,Yes,2+,Supernatural,figure,,1,False,Unknown
Saylorsburg,Pennsylvania,-75.32295409999999,40.8958927,Yes,1,Unknown,Unknown,,0,False,Morning
Sayre,Pennsylvania,-76.51549899999999,41.9789631,No,0,Murder,ghost,,1,False,Dusk
Scranton,Pennsylvania,-75.66241219999999,41.408969,No,0,Natural Disaster,Unknown,,0,False,Dusk
Scenery Hill,Pennsylvania,-80.0703324,40.0859055,No,1,Supernatural,Unknown,,0,False,Dusk
Schuylkill Haven,Pennsylvania,-76.171054,40.6306464,No,1,Unknown,Unknown,,0,False,Dusk
Scottdale,Pennsylvania,-79.5869834,40.1003506,No,0,Supernatural,Unknown,,0,False,Dusk
Scranton,Pennsylvania,-75.66241219999999,41.408969,No,0,Unknown,Unknown,,0,False,Unknown
Selinsgrove,Pennsylvania,-76.8621935,40.7989735,No,1,Supernatural,ghost,,1,False,Evening
Selinsgrove,Pennsylvania,-76.8621935,40.7989735,No,2+,Supernatural,apparition presence,,2,False,Unknown
Shamokin,Pennsylvania,-76.5588473,40.7889746,Yes,0,Supernatural,orb,,1,True,Dusk
Shanksville,Pennsylvania,-78.9072458,40.0178571,Yes,3+,Supernatural,orb,,1,True,Unknown
Shillington,Pennsylvania,-75.9654896,40.3078702,No,1,Supernatural,Unknown,,0,False,Dusk
Shillington,Pennsylvania,-75.9654896,40.3078702,Yes,3,Murder,ghost,,1,False,Unknown
Shillington,Pennsylvania,-75.9654896,40.3078702,No,1,Unknown,Unknown,,0,False,Dusk
Sinking Valley,Pennsylvania,-78.27316540000001,40.5972867,No,3+,Supernatural,orb figure,,2,False,Unknown
Simpson,Pennsylvania,-75.4851836,41.5917495,No,0,Murder,Unknown,,0,False,Unknown
Slateford,Pennsylvania,-75.1140659,40.9462071,No,2+,Supernatural,spirit,,1,False,Unknown
Slippery rock,Pennsylvania,-80.0564468,41.0639506,Yes,1,Murder,Unknown,,0,False,Dusk
Slippery Rock,Pennsylvania,-80.0564468,41.0639506,Yes,2+,Supernatural,ghost,,1,False,Evening
Slippery Rock,Pennsylvania,-80.0564468,41.0639506,No,3+,Supernatural,ghost,,1,False,Dusk
Slippery rock,Pennsylvania,-80.0564468,41.0639506,No,0,Unknown,Unknown,,0,False,Dusk
Smithton (Van Meter),Pennsylvania,-79.7459461,40.1423108,Yes,2,Murder,entity,invisible entity,1,True,Evening
Somerset,Pennsylvania,-79.0780831,40.008411,Yes,1,Supernatural,ghost,,1,False,Dusk
Sonestown,Pennsylvania,-76.5541159,41.3536908,Yes,5+,Murder,Unknown,,0,False,Unknown
South Park,Pennsylvania,-79.99759159999999,40.2926016,No,0,Supernatural,ghost,,1,False,Dusk
Spring City,Pennsylvania,-75.5476876,40.1767688,No,0,Unknown,Unknown,,0,False,Dusk
Spring City,Pennsylvania,-75.5476876,40.1767688,No,1,Murder,Unknown,,0,False,Unknown
St. Benedict,Pennsylvania,-78.72946929999999,40.6275682,No,1,Supernatural,Unknown,,0,False,Dusk
In California Page 3,California,-121.9400649,37.2871009,No,1,Unknown,Unknown,,0,False,Unknown
St. David's,Pennsylvania,-75.37852339999999,40.0409428,No,0,Supernatural,figure,,1,False,Unknown
St. David's,Pennsylvania,-75.37852339999999,40.0409428,Yes,0,Suicide,Unknown,,0,False,Dusk
St. David’s,Pennsylvania,-75.37852339999999,40.0409428,No,3,Suicide,Unknown,,0,False,Dusk
St. David’s,Pennsylvania,-75.37852339999999,40.0409428,No,0,Suicide,Unknown,,0,False,Evening
St. Mary’s,Pennsylvania,-78.5609398,41.42737380000001,Yes,1,Supernatural,Unknown,,0,False,Evening
St. Mary’s,Pennsylvania,-78.5609398,41.42737380000001,No,0,Murder,Unknown,,0,False,Evening
St. Peter's,Pennsylvania,-75.73075419999999,40.1800972,No,2,Unknown,Unknown,,0,False,Dusk
St. Peter's,Pennsylvania,-75.73075419999999,40.1800972,Yes,1,Suicide,ghost,,1,False,Unknown
St. Peters Village,Pennsylvania,-75.73075419999999,40.1800972,No,1,Supernatural,ghost,,1,False,Evening
Stanley,Pennsylvania,-78.7911419,41.0570064,No,2,Supernatural,Unknown,,0,False,Evening
State College,Pennsylvania,-77.8600012,40.7933949,Yes,5+,Murder,presence,,1,False,Dusk
State College,Pennsylvania,-77.8600012,40.7933949,Yes,2+,Supernatural,poltergeist,,1,False,Unknown
State College,Pennsylvania,-77.8600012,40.7933949,Yes,3+,Supernatural,ghost,,1,False,Evening
State College,Pennsylvania,-77.8600012,40.7933949,No,1,Supernatural,Unknown,,0,False,Dusk
State College,Pennsylvania,-77.8600012,40.7933949,Yes,1,Unknown,Unknown,,0,False,Unknown
State College,Pennsylvania,-77.8600012,40.7933949,Yes,0,Supernatural,ghost,,1,False,Dusk
State College,Pennsylvania,-77.8600012,40.7933949,No,0,Suicide,ghost,,1,False,Dusk
Stateline,Pennsylvania,-77.7280396,39.7330214,No,1,Supernatural,Unknown,,0,False,Unknown
Strasburg,Pennsylvania,-76.1841226,39.9831559,Yes,1,Murder,Unknown,,0,False,Dusk
Strasburg,Pennsylvania,-76.1841226,39.9831559,No,0,Unknown,Unknown,,0,False,Dusk
Sugar Valley,Pennsylvania,-77.2982239,41.0356123,No,3+,Supernatural,spirit demon,menacing spirit,2,False,Morning
San Marcos,California,-117.1661449,33.1433723,No,0,Supernatural,apparition,white apparition,1,False,Dusk
San Marcos,California,-117.1661449,33.1433723,No,0,Supernatural,ghost,,1,False,Evening
San Miguel,California,-120.6962826,35.7524679,No,0,Murder,Unknown,,0,False,Dusk
San Miguel,California,-120.6962826,35.7524679,No,0,Murder,ghost,,1,False,Morning
San Rafael,California,-122.5310874,37.9735346,No,2+,Supernatural,ghost,,1,False,Evening
Sanger,California,-119.5559652,36.708006,No,1,Murder,Unknown,,0,False,Morning
Sanger,California,-119.5559652,36.708006,No,1,Supernatural,apparition,,1,False,Dusk
Sanger,California,-119.5559652,36.708006,No,2+,Supernatural,ghost,,1,False,Dusk
Santa Ana,California,-117.867653,33.7454725,No,99,Murder,spirit,,1,False,Dusk
Santa Ana,California,-117.867653,33.7454725,Yes,0,Supernatural,Unknown,,0,False,Unknown
Santa Ana,California,-117.867653,33.7454725,No,0,Supernatural,Unknown,,0,False,Dusk
Santa Ana,California,-117.867653,33.7454725,Yes,3+,Unknown,Unknown,,0,False,Dusk
Santa Ana,California,-117.867653,33.7454725,Yes,3+,Supernatural,Unknown,,0,False,Dusk
Santa Barbara,California,-119.6981901,34.4208305,No,2+,Murder,Unknown,,0,False,Evening
Santa Barbara,California,-119.6981901,34.4208305,No,5,Unknown,Unknown,,0,False,Dusk
Santa Clara,California,-121.9552356,37.3541079,Yes,0,Supernatural,apparition,,1,False,Dusk
Santa Clara,California,-121.9552356,37.3541079,Yes,3+,Supernatural,spirit apparition,,2,False,Dusk
Santa Clara,California,-121.9552356,37.3541079,No,1+,Supernatural,Unknown,,0,False,Evening
Santa Clara,California,-121.9552356,37.3541079,No,0,Murder,ghost,,1,False,Evening
Santa Clara,California,-121.9552356,37.3541079,No,2,Supernatural,Unknown,,0,False,Dusk
Santa Clara,California,-121.9552356,37.3541079,Yes,0,Supernatural,Unknown,,0,False,Evening
Sugar Valley,Pennsylvania,-77.2982239,41.0356123,No,0,Supernatural,presence,,1,False,Unknown
Sugar Valley,Pennsylvania,-77.2982239,41.0356123,Yes,1,Supernatural,Unknown,,0,False,Unknown
Sullivan,Pennsylvania,-76.5025742,41.4781004,Yes,1,Supernatural,Unknown,,0,False,Evening
Summit Hill,Pennsylvania,-75.87103119999999,40.8248121,No,1,Supernatural,specter,,1,False,Evening
Swiftwater,Pennsylvania,-75.3266416,41.0881409,No,0,Supernatural,Unknown,,0,False,Evening
Swiftwater,Pennsylvania,-75.3266416,41.0881409,Yes,0,Murder,ghost,,1,False,Morning
Swiftwater,Pennsylvania,-75.3266416,41.0881409,No,0,Unknown,Unknown,,0,False,Evening
Swissvale,Pennsylvania,-79.88282749999999,40.4236801,Yes,0,Supernatural,ghost,,1,False,Unknown
Tamaqua,Pennsylvania,-75.9693707,40.7973112,Yes,0,Supernatural,apparition,,1,False,Dusk
Tannersville,Pennsylvania,-75.3057288,41.0398099,No,2+,Supernatural,Unknown,,0,False,Dusk
Tilden Township,Pennsylvania,-76.02758589999999,40.539306,No,1,Unknown,mist,heavy mist,1,False,Dusk
Tobyhanna,Pennsylvania,-75.4178994,41.1797865,No,1,Unknown,Unknown,,0,False,Dusk
Torrance,Pennsylvania,-79.2228123,40.4172913,Yes,3+,Murder,ghost,,1,False,Dusk
Trumbauresville,Pennsylvania,-75.3782339,40.4106569,Yes,1,Murder,ghost,outside Ghost,1,False,Dusk
Tyrone,Pennsylvania,-78.23862439999999,40.6706184,No,1,Supernatural,figure,"light figure, misty figure",1,False,Evening
Tyrone,Pennsylvania,-78.23862439999999,40.6706184,No,0,Unknown,Unknown,,0,False,Dusk
Tyrone,Pennsylvania,-78.23862439999999,40.6706184,No,0,Supernatural,Unknown,,0,False,Dusk
Tullytown,Pennsylvania,-74.8146076,40.1392766,No,0,Supernatural,ghost,,1,False,Dusk
Uniondale,Pennsylvania,-75.4921284,41.7167495,No,0,Murder,Unknown,,0,False,Dusk
Uniontown,Pennsylvania,-79.71643259999999,39.900076,No,5+,Supernatural,Unknown,,0,False,Unknown
Upper Black Eddy,Pennsylvania,-75.1006068,40.5656117,Yes,1+,Supernatural,apparition shadow,,2,False,Unknown
Upper Darby,Pennsylvania,-75.3076883,39.957902,Yes,5,Suicide,Unknown,,0,False,Dusk
Upper Darby,Pennsylvania,-75.3076883,39.957902,Yes,2+,Supernatural,spirit shadow,,2,False,Evening
Valley Forge,Pennsylvania,-75.4690966,40.09898510000001,Yes,0,Murder,spirit phantom,,2,False,Evening
Vandergrift,Pennsylvania,-79.56476669999999,40.6028434,Yes,0,Supernatural,Unknown,,0,False,Evening
Villanova,Pennsylvania,-75.3491813,40.0375832,Yes,7,Natural Disaster,Unknown,,0,False,Morning
Villanova,Pennsylvania,-75.3491813,40.0375832,Yes,5,Suicide,Unknown,,0,False,Dusk
Volant,Pennsylvania,-80.25895179999999,41.1136707,No,1,Supernatural,Unknown,,0,False,Evening
Santa Clara,California,-121.9552356,37.3541079,Yes,3+,Supernatural,Unknown,,0,False,Dusk
Santa Clara,California,-121.9552356,37.3541079,Yes,1,Unknown,Unknown,,0,False,Evening
Santa Clara,California,-121.9552356,37.3541079,Yes,2+,Unknown,Unknown,,0,False,Dusk
Santa Clara,California,-121.9552356,37.3541079,No,5,Supernatural,ghost presence,ghostly presence,2,False,Evening
Santa Clara,California,-121.9552356,37.3541079,No,4,Supernatural,ghost presence,ghostly presence,2,False,Evening
Santa Clarita,California,-118.542586,34.3916641,Yes,5+,Unknown,Unknown,,0,False,Dusk
Santa Clarita,California,-118.542586,34.3916641,Yes,1+,Supernatural,apparition,,1,False,Morning
Santa Clarita,California,-118.542586,34.3916641,No,0,Unknown,Unknown,,0,False,Unknown
Santa Clarita,California,-118.542586,34.3916641,No,4,Supernatural,ghost,,1,False,Dusk
Santa Clarita,California,-118.542586,34.3916641,No,0,Death,demon presence,,2,False,Dusk
Santa Clarita,California,-118.542586,34.3916641,No,1,Supernatural,Unknown,,0,False,Unknown
Santa Clarita,California,-118.542586,34.3916641,No,2+,Unknown,Unknown,,0,False,Evening
Santa Cruz,California,-122.0307963,36.9741171,No,3+,Murder,ghost,,1,False,Evening
Santa Cruz,California,-122.0307963,36.9741171,No,1,Supernatural,ghost shadow orb figure,white figure,4,False,Unknown
Santa Cruz,California,-122.0307963,36.9741171,No,0,Murder,ghost,,1,False,Dusk
Santa Cruz,California,-122.0307963,36.9741171,No,1+,Supernatural,ghost,,1,False,Dusk
Santa Cruz,California,-122.0307963,36.9741171,Yes,1,Natural Disaster,Unknown,,0,False,Dusk
Santa Cruz,California,-122.0307963,36.9741171,No,1,Suicide,Unknown,,0,False,Dusk
Santa Cruz,California,-122.0307963,36.9741171,Yes,3+,Supernatural,Unknown,,0,False,Dusk
Santa Cruz,California,-122.0307963,36.9741171,No,3+,Murder,Unknown,,0,False,Dusk
Santa Cruz,California,-122.0307963,36.9741171,No,1,Supernatural,spirit,third spirit,1,False,Morning
Santa Cruz,California,-122.0307963,36.9741171,Yes,1,Supernatural,Unknown,,0,False,Unknown
Santa Fe springs,California,-118.0853451,33.9472359,Yes,0,Suicide,Unknown,,0,False,Dusk
Sante Fe Springs,California,-118.0853451,33.9472359,No,0,Unknown,Unknown,,0,False,Dusk
Santa Maria,California,-120.4357191,34.9530337,No,3+,Supernatural,spirit,,1,False,Evening
Santa Maria,California,-120.4357191,34.9530337,No,1,Supernatural,Unknown,,0,False,Evening
Santa Paula,California,-119.0592705,34.3541659,Yes,4,Murder,ghost apparition,,2,False,Dusk
Santa Paula,California,-119.0592705,34.3541659,No,3+,Supernatural,apparition,,1,False,Unknown
Saratoga,California,-122.0230146,37.2638324,No,2,Unknown,Unknown,,0,False,Dusk
Saratoga,California,-122.0230146,37.2638324,No,2+,Supernatural,ghost,,1,False,Dusk
Scotts Valley,California,-122.0146841,37.0510595,No,1,Supernatural,ghost,,1,False,Evening
Seal Beach,California,-118.1047682,33.7414085,Yes,0,Supernatural,spirit apparition poltergeist,,3,False,Dusk
Walnutport,Pennsylvania,-75.5987971,40.7542619,No,1,Supernatural,Unknown,,0,False,Evening
Warminster,Pennsylvania,-75.099807,40.2067884,Yes,1,Unknown,Unknown,,0,False,Unknown
Warminster,Pennsylvania,-75.099807,40.2067884,No,0,Supernatural,ghost,,1,False,Dusk
Warminster,Pennsylvania,-75.099807,40.2067884,No,3+,Supernatural,Unknown,,0,False,Evening
Warminster,Pennsylvania,-75.099807,40.2067884,No,0,Murder,ghost,,1,False,Dusk
Warren,Pennsylvania,-79.1450445,41.8439486,No,0,Supernatural,ghost,,1,False,Evening
Warren,Pennsylvania,-79.1450445,41.8439486,No,1+,Murder,spirit,,1,False,Dusk
Warren,Pennsylvania,-79.1450445,41.8439486,No,1,Supernatural,shadow,,1,False,Unknown
Warrendale,Pennsylvania,-80.0794925,40.65320759999999,No,0,Supernatural,spirit,,1,False,Dusk
Warrendale,Pennsylvania,-80.0794925,40.65320759999999,No,0,Supernatural,phantom,,1,False,Evening
Warrington,Pennsylvania,-75.1662121,40.250319,Yes,0,Unknown,Unknown,,0,False,Dusk
Washington,Pennsylvania,-80.2461714,40.17396,No,16,Unknown,Unknown,,0,False,Morning
Washington,Pennsylvania,-80.2461714,40.17396,Yes,2,Natural Disaster,ghost,angry ghost,1,False,Evening
Washington County,Pennsylvania,-80.1875065,40.1367719,Yes,0,Supernatural,Unknown,,0,False,Unknown
Waterford,Pennsylvania,-79.9844968,41.942833,Yes,5+,Supernatural,ghost,,1,False,Unknown
Waymart,Pennsylvania,-75.4082366,41.5803625,No,0,Unknown,Unknown,,0,False,Evening
Waynesboro,Pennsylvania,-77.57776919999999,39.755927,No,2+,Murder,ghost,,1,False,Dusk
Waynesboro,Pennsylvania,-77.57776919999999,39.755927,Yes,0,Suicide,Unknown,,0,False,Dusk
Waynesburg,Pennsylvania,-80.1792299,39.8964641,Yes,1+,Supernatural,spirit,,1,False,Unknown
Weatherly,Pennsylvania,-75.82964,40.9417535,No,0,Supernatural,orb,,1,True,Evening
Weatherly,Pennsylvania,-75.82964,40.9417535,No,3,Supernatural,ghost,,1,True,Dusk
Wernersville,Pennsylvania,-76.0804972,40.3300924,Yes,2+,Murder,figure,,1,False,Dusk
West Brownsville,Pennsylvania,-79.8906025,40.0242409,No,1+,Supernatural,orb,,1,True,Dusk
West Chester,Pennsylvania,-75.6054882,39.9606643,No,0,Murder,Unknown,,0,False,Evening
West Chester,Pennsylvania,-75.6054882,39.9606643,No,0,Murder,Unknown,,0,False,Dusk
West Chester,Pennsylvania,-75.6054882,39.9606643,Yes,0,Supernatural,Unknown,,0,False,Evening
West Chester,Pennsylvania,-75.6054882,39.9606643,No,1+,Supernatural,ghost,,1,False,Evening
West Chester,Pennsylvania,-75.6054882,39.9606643,No,0,Suicide,ghost,,1,False,Dusk
West Sunbury,Pennsylvania,-79.8961647,41.0072854,Yes,1,Unknown,Unknown,,0,False,Dusk
Westfield,Pennsylvania,-77.5388744,41.9192368,Yes,0,Supernatural,shadow,,1,False,Evening
Westmoreland,Pennsylvania,-79.4703885,40.2353963,No,0,Supernatural,ghost,rumored ghost,1,False,Dusk
Westmoreland,Pennsylvania,-79.4703885,40.2353963,Yes,0,Supernatural,spirit shadow entity,,3,False,Dusk
Westmoreland,Pennsylvania,-79.4703885,40.2353963,No,1,Supernatural,figure,,1,False,Evening
Seaside,California,-121.822098,36.6149217,Yes,0,Supernatural,Unknown,,0,False,Dusk
Selma,California,-119.6120765,36.5707838,Yes,1,Supernatural,shadow,,1,False,Evening
Shingle Springs,California,-120.9359987,38.6691362,Yes,2,Supernatural,mist,strange mist,1,False,Unknown
Silverlake,California,-118.2702036,34.0869409,No,2+,Supernatural,ghost,,1,False,Dusk
Simi Valley,California,-118.781482,34.2694474,No,5+,Supernatural,Unknown,,0,False,Unknown
Simi Valley,California,-118.781482,34.2694474,No,1,Supernatural,spirit,,1,False,Evening
Simi Valley,California,-118.781482,34.2694474,No,3+,Suicide,Unknown,,0,False,Dusk
Simi Valley,California,-118.781482,34.2694474,No,0,Murder,ghost orb,,2,False,Dusk
Simi Valley,California,-118.781482,34.2694474,No,3,Murder,Unknown,,0,False,Evening
Simi Valley,California,-118.781482,34.2694474,No,5+,Supernatural,apparition figure,"white figure, furry figure, running figure",2,False,Evening
Scotia,California,-124.1008808,40.4823572,Yes,3+,Supernatural,ghost,friendly ghost,1,False,Dusk
Soledad,California,-121.3263187,36.424687,Yes,2,Unknown,Unknown,,0,False,Dusk
Sonoma,California,-122.4580356,38.291859,No,3+,Supernatural,spirit,,1,False,Evening
Sonoma,California,-122.4580356,38.291859,Yes,2+,Supernatural,spirit,,1,False,Unknown
Sonoma,California,-122.4580356,38.291859,Yes,2+,Murder,shadow presence,,2,False,Evening
Sonoma,California,-122.4580356,38.291859,No,3+,Death,shadow,,1,False,Dusk
South Gate,California,-118.2120161,33.954737,Yes,2+,Unknown,Unknown,,0,False,Dusk
Southgate,California,-118.2120161,33.954737,Yes,1,Murder,spirit,,1,False,Dusk
South Los Angeles,California,-118.2914872,33.9891116,Yes,3+,Supernatural,spirit presence,,2,False,Evening
Westmoreland,Pennsylvania,-79.4703885,40.2353963,No,0,Murder,Unknown,,0,False,Dusk
White Hall,Pennsylvania,-75.4985521,40.6572331,No,0,Supernatural,orb,,1,False,Unknown
White Haven,Pennsylvania,-75.77408199999999,41.06064,No,0,Supernatural,ghost mist,,2,False,Dusk
White Oak,Pennsylvania,-79.8092133,40.3375695,Yes,1,Supernatural,figure,,1,False,Unknown
Whitemarsh Township,Pennsylvania,-75.2362381,40.1192546,Yes,1,Supernatural,figure,,1,False,Dusk
Wilkens Township,Pennsylvania,-79.82127000000001,40.4260962,No,2,Supernatural,Unknown,,0,False,Dusk
Wilkes-Barre,Pennsylvania,-75.88130749999999,41.2459149,No,1,Supernatural,ghost,,1,False,Morning
Wilkes Barre,Pennsylvania,-75.88130749999999,41.2459149,No,1,Supernatural,Unknown,,0,False,Evening
Wilkes Barre,Pennsylvania,-75.88130749999999,41.2459149,No,1,Supernatural,ghost,,1,False,Evening
Williams township,Pennsylvania,-75.2128996,40.6352516,No,0,Murder,Unknown,,0,False,Evening
Williams Township,Pennsylvania,-75.2128996,40.6352516,Yes,0,Supernatural,apparition,,1,False,Evening
Williamsport,Pennsylvania,-77.00107860000001,41.2411897,No,0,Murder,Unknown,,0,False,Dusk
Wilson,Pennsylvania,-75.24184389999999,40.6839875,Yes,3,Supernatural,ghost,,1,False,Evening
Wilsonville,Pennsylvania,-75.17944,41.45194,No,1,Unknown,Unknown,,0,False,Evening
Windber,Pennsylvania,-78.8350223,40.2397986,No,1,Supernatural,figure,white figure,1,False,Evening
Winburne,Pennsylvania,-78.145012,40.9661614,No,1,Murder,Unknown,,0,False,Dusk
Winterstown,Pennsylvania,-76.6180234,39.8353793,No,0,Supernatural,Unknown,,0,False,Evening
Winterstown,Pennsylvania,-76.6180234,39.8353793,No,3,Unknown,Unknown,,0,False,Evening
Womelsdorf,Pennsylvania,-76.1841139,40.3617591,Yes,1,Supernatural,ghost,,1,False,Evening
Wrightsville,Pennsylvania,-76.5299655,40.0256531,Yes,3,Murder,spirit,,1,False,Dusk
Wrightsville,Pennsylvania,-76.5299655,40.0256531,No,3+,Supernatural,orb figure,,2,False,Unknown
Wyomissing,Pennsylvania,-75.9652117,40.32953699999999,Yes,2+,Supernatural,Unknown,,0,False,Dusk
Wyomissing,Pennsylvania,-75.9652117,40.32953699999999,Yes,1+,Supernatural,Unknown,,0,False,Dusk
Yellow House,Pennsylvania,-75.75463649999999,40.3231489,Yes,1,Supernatural,spirit specter,,2,False,Dusk
York,Pennsylvania,-76.727745,39.9625984,No,1,Supernatural,ghost,,1,False,Dusk
York,Pennsylvania,-76.727745,39.9625984,Yes,1,Suicide,presence,,1,False,Dusk
York,Pennsylvania,-76.727745,39.9625984,Yes,1+,Supernatural,Unknown,,0,False,Dusk
York,Pennsylvania,-76.727745,39.9625984,Yes,1,Supernatural,presence,unpleasant presence,1,False,Evening
York,Pennsylvania,-76.727745,39.9625984,No,0,Murder,Unknown,,0,False,Dusk
South Pasadena,California,-118.1503488,34.1161196,No,1,Supernatural,ghost,,1,False,Dusk
South Pasadena,California,-118.1503488,34.1161196,No,3,Supernatural,apparition,,1,False,Dusk
Southeast San Diego County,California,-117.1610966,32.7157305,No,1,Supernatural,Unknown,,0,False,Unknown
Spreckles,California,-121.6461352,36.6250909,Yes,0,Supernatural,ghost,,1,False,Unknown
Springville,California,-118.8181495,36.1302265,Yes,4,Supernatural,ghost apparition,,2,False,Dusk
Springville,California,-118.8181495,36.1302265,No,4,Murder,ghost,old ghost,1,False,Unknown
San Bernardino,California,-117.2897652,34.1083449,No,1,Supernatural,Unknown,,0,False,Dusk
Stanton,California,-117.9931203,33.8028875,Yes,3+,Supernatural,ghost poltergeist,portal poltergeist,2,False,Morning
Stevenson Ranch,California,-118.5907538,34.3931105,Yes,3+,Murder,Unknown,,0,False,Dusk
Stockton,California,-121.2907796,37.9577016,Yes,1,Unknown,Unknown,,0,False,Dusk
Stockton,California,-121.2907796,37.9577016,Yes,1+,Supernatural,Unknown,,0,False,Unknown
Stockton,California,-121.2907796,37.9577016,No,0,Supernatural,Unknown,,0,False,Dusk
Stratford,California,-119.8231877,36.1893956,Yes,0,Supernatural,Unknown,,0,False,Dusk
Summerland,California,-119.5965173,34.42138449999999,No,2+,Supernatural,Unknown,,0,False,Dusk
Sun Valley,California,-118.3812562,34.2279298,No,3,Murder,figure,,1,False,Dusk
Sun Valley,California,-118.3812562,34.2279298,Yes,1,Supernatural,Unknown,,0,False,Unknown
Sunnyvale,California,-122.0363496,37.36883,No,0,Supernatural,ghost,,1,False,Evening
Sunnyvale,California,-122.0363496,37.36883,No,3,Supernatural,ghost presence,"strong presence, negative presence",2,False,Dusk
Sunnyvale,California,-122.0363496,37.36883,Yes,1+,Supernatural,apparition,,1,False,Dusk
Sunnyvale,California,-122.0363496,37.36883,No,3+,Supernatural,ghost,,1,True,Morning
Sutter Creek,California,-120.8024357,38.3929675,Yes,1,Supernatural,Unknown,,0,False,Dusk
Sylmar,California,-118.4571974,34.3058279,No,1,Unknown,Unknown,,0,False,Evening
Tehachapi,California,-118.4489739,35.1321877,Yes,1,Supernatural,Unknown,,0,False,Dusk
Tehachapi,California,-118.4489739,35.1321877,Yes,2+,Unknown,Unknown,,0,False,Evening
Temecula,California,-117.1483648,33.4936391,Yes,2,Supernatural,Unknown,,0,False,Dusk
Temecula,California,-117.1483648,33.4936391,Yes,1,Supernatural,spirit,black spirit,1,False,Dusk
Temecula,California,-117.1483648,33.4936391,No,0,Murder,Unknown,,0,False,Dusk
Thousand Oaks,California,-118.8375937,34.1705609,Yes,3+,Murder,entity,,1,False,Morning
Thousand Oaks,California,-118.8375937,34.1705609,Yes,4+,Murder,Unknown,,0,False,Dusk
Torrance,California,-118.3406288,33.8358492,No,3,Supernatural,Unknown,,0,False,Dusk
Adams,Massachusetts,-73.1174344,42.6242251,Yes,2+,Supernatural,ghost,,1,False,Evening
York,Pennsylvania,-76.727745,39.9625984,No,1+,Suicide,Unknown,,0,False,Dusk
York,Pennsylvania,-76.727745,39.9625984,No,0,Murder,presence,aggressive presence,1,False,Unknown
York,Pennsylvania,-76.727745,39.9625984,No,2+,Murder,ghost,,1,False,Dusk
York Haven,Pennsylvania,-76.7158012,40.1109277,No,0,Murder,Unknown,,0,False,Unknown
Torrance,California,-118.3406288,33.8358492,No,1,Supernatural,apparition,male apparition,1,False,Dusk
Torrance,California,-118.3406288,33.8358492,Yes,3+,Murder,Unknown,,0,False,Evening
Tracy,California,-121.4252227,37.7396513,No,0,Unknown,Unknown,,0,False,Dusk
Tracy,California,-121.4252227,37.7396513,Yes,1+,Unknown,Unknown,,0,False,Evening
Tracy,California,-121.4252227,37.7396513,No,0,Supernatural,Unknown,,0,False,Dusk
Tracy,California,-121.4252227,37.7396513,No,0,Supernatural,Unknown,,0,False,Evening
Tracy,California,-121.4252227,37.7396513,Yes,2+,Supernatural,Unknown,,0,False,Evening
Truckee,California,-120.1832533,39.327962,No,1,Unknown,Unknown,,0,False,Dusk
Tulare,California,-119.3473379,36.2077288,Yes,2,Supernatural,Unknown,,0,False,Evening
Tulare,California,-119.3473379,36.2077288,Yes,2,Supernatural,Unknown,,0,False,Unknown
Tulare,California,-119.3473379,36.2077288,Yes,3,Supernatural,apparition,,1,False,Unknown
Tulare County,California,-118.8596804,36.1341739,No,0,Supernatural,figure mist,black figure,2,False,Unknown
Turlock,California,-120.8465941,37.4946568,Yes,3+,Murder,shadow,,1,False,Dusk
Tustin,California,-117.8236391,33.7420005,No,0,Supernatural,ghost apparition,,2,False,Dusk
Union City,California,-122.0438298,37.5933918,No,0,Supernatural,Unknown,,0,False,Evening
Upland,California,-117.6483876,34.09751,Yes,1,Supernatural,apparition,,1,False,Dusk
Upland,California,-117.6483876,34.09751,Yes,1,Supernatural,figure,ghostly figure,1,False,Dusk
Upland,California,-117.6483876,34.09751,No,0,Supernatural,Unknown,,0,False,Dusk
Uvas Canyon,California,-121.7918587,37.0851648,No,2,Unknown,Unknown,,0,False,Dusk
Valencia,California,-118.5713823,34.456151,Yes,1,Supernatural,ghost,,1,False,Unknown
Valencia,California,-118.5713823,34.456151,Yes,0,Unknown,Unknown,,0,False,Dusk
Valencia,California,-118.5713823,34.456151,No,1,Supernatural,presence,,1,False,Dusk
Valencia,California,-118.5713823,34.456151,Yes,3+,Murder,apparition,,1,False,Morning
Vallejo,California,-122.2566367,38.1040864,No,1+,Supernatural,ghost,,1,False,Evening
Vallejo,California,-122.2566367,38.1040864,Yes,1,Murder,mist,strange mist,1,False,Dusk
Vallejo,California,-122.2566367,38.1040864,No,1,Supernatural,ghost,,1,False,Dusk
Vallejo,California,-122.2566367,38.1040864,No,0,Supernatural,ghost,,1,False,Dusk
Vallejo,California,-122.2566367,38.1040864,Yes,1+,Murder,Unknown,,0,False,Unknown
Vallejo,California,-122.2566367,38.1040864,No,2+,Murder,ghost,,1,False,Dusk
Vallejo,California,-122.2566367,38.1040864,No,2+,Supernatural,ghost,attic ghost,1,False,Dusk
Adams,Massachusetts,-73.1174344,42.6242251,No,3+,Supernatural,spirit,,1,False,Unknown
Allston,Massachusetts,-71.1337112,42.3539038,No,1,Supernatural,ghost,,1,False,Unknown
Andover,Massachusetts,-71.1367953,42.6583356,Yes,1,Unknown,Unknown,,0,False,Unknown
Arlington,Massachusetts,-71.1564729,42.4153925,No,0,Supernatural,apparition,,1,False,Dusk
Amesbury,Massachusetts,-70.93003759999999,42.85839250000001,Yes,0,Supernatural,Unknown,,0,False,Dusk
Ashland,Massachusetts,-71.4633956,42.2612067,Yes,1,Natural Disaster,apparition,,1,False,Morning
Ashland,Massachusetts,-71.4633956,42.2612067,No,7+,Supernatural,spirit,,1,False,Dusk
Assonet,Massachusetts,-71.0678212,41.7959352,Yes,2+,Murder,Unknown,,0,False,Evening
Athol,Massachusetts,-72.2267383,42.59593290000001,Yes,1,Death,Unknown,,0,False,Evening
Athol,Massachusetts,-72.2267383,42.59593290000001,Yes,0,Murder,Unknown,,0,False,Dusk
Athol,Massachusetts,-72.2267383,42.59593290000001,Yes,1,Murder,Unknown,,0,False,Evening
Athol,Massachusetts,-72.2267383,42.59593290000001,Yes,1,Suicide,Unknown,,0,False,Dusk
Attleboro,Massachusetts,-71.2856082,41.94454409999999,Yes,0,Supernatural,ghost apparition,,2,False,Evening
Auburn,Massachusetts,-71.8356271,42.1945385,Yes,2+,Supernatural,ghost,,1,False,Dusk
Auburn,Massachusetts,-71.8356271,42.1945385,No,1,Supernatural,ghost,,1,False,Unknown
Ayer,Massachusetts,-71.58990539999999,42.5611947,Yes,1,Unknown,Unknown,,0,False,Dusk
Baldwinville,Massachusetts,-72.075913,42.6084207,No,1,Supernatural,figure,"large figure, religious figure",1,False,Unknown
Becket,Massachusetts,-73.0829366,42.3319904,No,1,Death,ghost,,1,False,Dusk
Bedford,Massachusetts,-71.2760089,42.4906231,No,1,Supernatural,demon,,1,False,Dusk
Bedford,Massachusetts,-71.2760089,42.4906231,No,0,Supernatural,shadow figure,,2,False,Dusk
Belchertown,Massachusetts,-72.4008884,42.2770346,Yes,0,Unknown,Unknown,,0,False,Unknown
Belchertown,Massachusetts,-72.4008884,42.2770346,Yes,2,Supernatural,ghost,,1,False,Dusk
Belchertown,Massachusetts,-72.4008884,42.2770346,No,1,Supernatural,ghost,,1,False,Dusk
Bellingham,Massachusetts,-71.47458809999999,42.0867608,No,2+,Murder,ghost,young ghost,1,False,Morning
Beverly,Massachusetts,-70.880049,42.5584283,Yes,3+,Supernatural,Unknown,,0,False,Dusk
Beverly,Massachusetts,-70.880049,42.5584283,Yes,1,Supernatural,orb,,1,True,Unknown
Beverly,Massachusetts,-70.880049,42.5584283,Yes,1,Supernatural,Unknown,,0,False,Dusk
Beverly,Massachusetts,-70.880049,42.5584283,Yes,0,Supernatural,ghost,,1,False,Dusk
Beverly,Massachusetts,-70.880049,42.5584283,No,1+,Supernatural,ghost,,1,False,Dusk
Billerica,Massachusetts,-71.2689461,42.5584218,No,0,Supernatural,spirit witch,,2,False,Evening
Boston,Massachusetts,-71.0588801,42.3600825,No,1+,Natural Disaster,apparition,,1,False,Dusk
Valley Center,California,-117.0341967,33.2183701,Yes,1,Death,Unknown,,0,False,Dusk
Vandenberg AFB,California,-120.5724404,34.7420267,No,1,Natural Disaster,ghost,,1,False,Unknown
Vandenberg Village,California,-120.4676641,34.7083155,Yes,3+,Supernatural,ghost,,1,False,Morning
Van Nuys,California,-118.451357,34.1898566,No,1,Supernatural,entity presence,"Strong presence, malevolent entity",2,False,Unknown
Van Nuys,California,-118.451357,34.1898566,No,0,Supernatural,Unknown,,0,False,Unknown
Venice,California,-118.4694832,33.9850469,No,1+,Supernatural,ghost,,1,False,Dusk
Ventura,California,-119.2290316,34.274646,No,1,Unknown,Unknown,,0,False,Dusk
Ventura,California,-119.2290316,34.274646,Yes,1,Supernatural,ghost mist,occasional mist,2,False,Dusk
Ventura,California,-119.2290316,34.274646,No,0,Suicide,presence,"strong presence, malicious presence",1,False,Dusk
Ventura,California,-119.2290316,34.274646,No,1,Supernatural,presence,"spiritual presence, stronger presence",1,False,Dusk
Ventura,California,-119.2290316,34.274646,Yes,3+,Unknown,Unknown,,0,False,Morning
Ventura,California,-119.2290316,34.274646,No,0,Supernatural,ghost,,1,False,Evening
Ventura,California,-119.2290316,34.274646,No,0,Suicide,ghost apparition,,2,False,Dusk
Ventura,California,-119.2290316,34.274646,No,1,Suicide,spirit,,1,False,Evening
Ventura,California,-119.2290316,34.274646,Yes,3+,Supernatural,Unknown,,0,False,Dusk
Ventura county,California,-119.1390642,34.3704884,Yes,1,Supernatural,figure,weird figure,1,False,Dusk
Ventura county,California,-119.1390642,34.3704884,No,1,Supernatural,mist,,1,False,Dusk
Victorville,California,-117.2927641,34.5362184,No,3+,Supernatural,shadow,eerie shadow,1,False,Morning
Victorville,California,-117.2927641,34.5362184,No,0,Unknown,Unknown,,0,False,Dusk
Victorville,California,-117.2927641,34.5362184,Yes,1,Supernatural,ghost,,1,False,Dusk
Visalia,California,-119.2920585,36.3302284,Yes,300+,Supernatural,spirit shadow figure,,3,False,Unknown
Visalia,California,-119.2920585,36.3302284,Yes,2+,Supernatural,ghost,,1,False,Unknown
Visalia,California,-119.2920585,36.3302284,Yes,1,Unknown,Unknown,,0,False,Dusk
Visalia,California,-119.2920585,36.3302284,Yes,2+,Unknown,Unknown,,0,False,Dusk
Visalia,California,-119.2920585,36.3302284,No,1+,Unknown,Unknown,,0,False,Dusk
Walnut,California,-117.8653386,34.0202894,No,0,Supernatural,ghost presence,"violent ghost, freaky presence",2,False,Morning
Wattsonville,California,-121.7568946,36.910231,Yes,3+,Murder,orb,,1,False,Evening
Weed,California,-122.3861269,41.42264979999999,Yes,3+,Supernatural,Unknown,,0,False,Dusk
Westminster,California,-117.9897058,33.7591757,No,2+,Supernatural,apparition,,1,False,Dusk
West Covina,California,-117.9389526,34.0686208,Yes,2+,Murder,Unknown,,0,False,Evening
West Covina,California,-117.9389526,34.0686208,No,0,Murder,apparition,,1,False,Dusk
Boston,Massachusetts,-71.0588801,42.3600825,No,0,Supernatural,Unknown,,0,False,Dusk
Boston,Massachusetts,-71.0588801,42.3600825,Yes,0,Supernatural,Unknown,,0,False,Dusk
Boston,Massachusetts,-71.0588801,42.3600825,No,0,Supernatural,Unknown,,0,False,Dusk
Boston,Massachusetts,-71.0588801,42.3600825,Yes,1,Unknown,Unknown,,0,False,Dusk
Boston,Massachusetts,-71.0588801,42.3600825,No,1,Murder,Unknown,,0,True,Evening
Boston,Massachusetts,-71.0588801,42.3600825,No,3,Supernatural,Unknown,,0,False,Dusk
Boston,Massachusetts,-71.0588801,42.3600825,No,1+,Murder,Unknown,,0,False,Dusk
Boston,Massachusetts,-71.0588801,42.3600825,Yes,2+,Murder,Unknown,,0,False,Dusk
Boston,Massachusetts,-71.0588801,42.3600825,Yes,1,Supernatural,Unknown,,0,False,Unknown
Boston,Massachusetts,-71.0588801,42.3600825,Yes,3+,Supernatural,ghost apparition,,2,False,Evening
Boston Waterfront,Massachusetts,-71.0508911,42.3573021,Yes,3+,Supernatural,Unknown,,0,False,Dusk
Bourne,Massachusetts,-70.5989325,41.74127730000001,No,1,Supernatural,Unknown,,0,False,Evening
Brewster,Massachusetts,-70.0827905,41.7600902,No,3+,Supernatural,Unknown,,0,False,Dusk
Bridgewater,Massachusetts,-70.9750541,41.9903519,Yes,1,Suicide,shadow,,1,False,Dusk
Bridgewater,Massachusetts,-70.9750541,41.9903519,No,0,Supernatural,ghost spirit,malignant spirit,2,False,Evening
Bridgewater,Massachusetts,-70.9750541,41.9903519,No,0,Natural Disaster,poltergeist,,1,False,Evening
Bridgewater,Massachusetts,-70.9750541,41.9903519,Yes,1+,Murder,ghost,,1,False,Evening
Bridgewater,Massachusetts,-70.9750541,41.9903519,No,1,Supernatural,Unknown,,0,False,Dusk
Bridgewater,Massachusetts,-70.9750541,41.9903519,Yes,1,Natural Disaster,Unknown,,0,False,Morning
West Hills,California,-118.6439809,34.1973122,Yes,0,Supernatural,apparition figure,hooded figure,2,False,Unknown
West Hills,California,-118.6439809,34.1973122,No,1,Murder,Unknown,,0,False,Evening
West Hills,California,-118.6439809,34.1973122,Yes,5,Suicide,Unknown,,0,False,Dusk
West Hollywood,California,-118.3617443,34.0900091,Yes,3+,Suicide,ghost,,1,False,Dusk
West Los Angeles,California,-118.442596,34.0412085,No,0,Death,Unknown,,0,False,Dusk
Westwood,California,-121.0057931,40.3059999,No,1,Supernatural,ghost,,1,False,Evening
Whittier,California,-118.032844,33.9791793,No,1,Supernatural,ghost,,1,False,Dusk
Whittier,California,-118.032844,33.9791793,No,2+,Death,Unknown,,0,False,Unknown
Whittier,California,-118.032844,33.9791793,No,5+,Supernatural,ghost figure presence,black figure,3,False,Unknown
Whittier,California,-118.032844,33.9791793,No,0,Supernatural,Unknown,,0,False,Dusk
Whittier,California,-118.032844,33.9791793,No,2+,Supernatural,Unknown,,0,False,Unknown
Whittier,California,-118.032844,33.9791793,No,0,Supernatural,Unknown,,0,False,Dusk
Whittier,California,-118.032844,33.9791793,No,1,Supernatural,Unknown,,0,False,Dusk
Whittier,California,-118.032844,33.9791793,No,2+,Supernatural,shadow,,1,False,Unknown
Whittier,California,-118.032844,33.9791793,Yes,0,Supernatural,ghost,,1,False,Evening
Whittier,California,-118.032844,33.9791793,No,1,Supernatural,spirit,unknown spirit,1,False,Unknown
Wildomar,California,-117.2800372,33.5989126,No,1,Murder,spirit,,1,False,Evening
Willows,California,-122.1935931,39.5243265,No,1,Unknown,Unknown,,0,False,Dusk
Wilmington,California,-118.2643567,33.7857948,No,2+,Unknown,Unknown,,0,False,Dusk
Wilmington,California,-118.2643567,33.7857948,No,2,Supernatural,ghost apparition,,2,False,Dusk
Woodland Hills,California,-118.6089752,34.165357,No,2+,Murder,shadow,,1,False,Unknown
Woodland Hills,California,-118.6089752,34.165357,No,2+,Unknown,Unknown,,0,False,Dusk
Yolo,California,-121.8072828,38.732968,No,2+,Murder,ghost,,1,False,Evening
Yorba Linda,California,-117.8132571,33.88850350000001,No,2+,Murder,Unknown,,0,False,Unknown
Yosemite,California,-119.5383294,37.8651011,No,0,Supernatural,ghost,,1,False,Dusk
Yorba Linda,California,-117.8132571,33.88850350000001,Yes,0,Unknown,Unknown,,0,False,Dusk
Yosemite National Forest,California,-119.5383294,37.8651011,No,1+,Supernatural,ghost apparition,,2,False,Dusk
Yosemite National Park,California,-119.5383294,37.8651011,No,1,Suicide,Unknown,,0,False,Evening
Yuba City,California,-121.6169108,39.1404477,No,2+,Supernatural,ghost apparition,,2,False,Evening
Yucaipa,California,-117.0430865,34.033625,No,4,Supernatural,Unknown,,0,False,Unknown
Yucaipa,California,-117.0430865,34.033625,No,1,Death,ghost,,1,False,Morning
Bridgewater,Massachusetts,-70.9750541,41.9903519,Yes,1,Supernatural,Unknown,,0,False,Dusk
Bridgewater,Massachusetts,-70.9750541,41.9903519,No,1,Natural Disaster,Unknown,,0,False,Dusk
Bridgewater,Massachusetts,-70.9750541,41.9903519,Yes,1+,Supernatural,ghost spirit,,2,False,Dusk
Bridgewater,Massachusetts,-70.9750541,41.9903519,No,2+,Supernatural,ghost,,1,False,Dusk
Bridgewater,Massachusetts,-70.9750541,41.9903519,No,1,Unknown,Unknown,,0,False,Dusk
Bridgewater,Massachusetts,-70.9750541,41.9903519,Yes,1+,Murder,apparition,,1,False,Evening
Brockton,Massachusetts,-71.0183787,42.0834335,Yes,0,Murder,Unknown,,0,False,Dusk
Brockton,Massachusetts,-71.0183787,42.0834335,Yes,3+,Supernatural,Unknown,,0,False,Evening
Burlington,Massachusetts,-71.1956205,42.5047161,Yes,1,Supernatural,presence,,1,False,Dusk
Burlington,Massachusetts,-71.1956205,42.5047161,No,1,Supernatural,ghost,,1,False,Unknown
Cambridge,Massachusetts,-71.10973349999999,42.3736158,No,1,Supernatural,ghost,green ghost,1,False,Dusk
Cambridge,Massachusetts,-71.10973349999999,42.3736158,No,1,Supernatural,ghost,,1,False,Dusk
Cambridge,Massachusetts,-71.10973349999999,42.3736158,No,0,Unknown,Unknown,,0,False,Unknown
Cambridge,Massachusetts,-71.10973349999999,42.3736158,No,3+,Supernatural,figure,,1,False,Dusk
Canton,Massachusetts,-71.1447732,42.1584324,No,1+,Supernatural,ghost,,1,False,Evening
Cape Cod,Massachusetts,-70.29624079999999,41.6687897,Yes,0,Unknown,Unknown,,0,False,Unknown
Charlemont,Massachusetts,-72.86981829999999,42.627862,No,4,Supernatural,spirit,,1,True,Evening
Chelmsford,Massachusetts,-71.3672838,42.5998139,Yes,2+,Supernatural,ghost,,1,False,Evening
Chelsea,Massachusetts,-71.0328284,42.3917638,Yes,1,Murder,Unknown,,0,False,Evening
Chelsea,Massachusetts,-71.0328284,42.3917638,No,0,Unknown,Unknown,,0,False,Unknown
Chelsea,Massachusetts,-71.0328284,42.3917638,No,0,Death,Unknown,,0,False,Morning
Chestnut Hill,Massachusetts,-71.166187,42.3303798,No,1+,Supernatural,mist,,1,False,Unknown
Chestnut Hill,Massachusetts,-71.166187,42.3303798,No,1+,Supernatural,mist,,1,False,Unknown
Chinatown,Massachusetts,-71.0624052,42.3500641,No,0,Supernatural,ghost,,1,False,Evening
Chinatown,Massachusetts,-71.0624052,42.3500641,No,1,Unknown,Unknown,,0,False,Evening
Clinton,Massachusetts,-71.68290809999999,42.41676349999999,No,1,Unknown,Unknown,,0,False,Evening
Clinton,Massachusetts,-71.68290809999999,42.41676349999999,No,0,Supernatural,figure,hard figure,1,False,Unknown
Cohasset,Massachusetts,-70.8036544,42.24176749999999,Yes,2+,Supernatural,poltergeist,,1,False,Dusk
Concord,Massachusetts,-71.3489484,42.4603719,No,0,Supernatural,ghost,gray ghost,1,False,Dusk
Coolidge Pointe,Massachusetts,-70.7259557,42.57621169999999,No,0,Supernatural,phantom,,1,False,Unknown
Chestnut Hill,Massachusetts,-71.166187,42.3303798,No,1+,Supernatural,mist,,1,False,Unknown
Chestnut Hill,Massachusetts,-71.166187,42.3303798,No,1+,Supernatural,mist,,1,False,Unknown
Yucaipa,California,-117.0430865,34.033625,Yes,1,Supernatural,ghost,,1,False,Dusk
Yucaipa,California,-117.0430865,34.033625,No,0,Murder,witch,,1,False,Evening
Yucaipa,California,-117.0430865,34.033625,No,0,Death,Unknown,,0,False,Evening
Yucaipa,California,-117.0430865,34.033625,No,0,Murder,spirit,,1,False,Dusk
Danvers,Massachusetts,-70.93212199999999,42.5750009,No,0,Unknown,Unknown,,0,False,Evening
Danvers,Massachusetts,-70.93212199999999,42.5750009,No,0,Supernatural,ghost,,1,False,Dusk
Danvers,Massachusetts,-70.93212199999999,42.5750009,Yes,1,Supernatural,ghost,,1,False,Dusk
Danvers,Massachusetts,-70.93212199999999,42.5750009,Yes,2,Supernatural,shadow,,1,True,Morning
Dartmouth,Massachusetts,-70.9704787,41.6130323,Yes,0,Supernatural,Unknown,,0,False,Dusk
Dracut,Massachusetts,-71.3020052,42.6703687,Yes,2+,Supernatural,Unknown,,0,False,Evening
Dracut,Massachusetts,-71.3020052,42.6703687,No,0,Unknown,Unknown,,0,False,Dusk
Duxbury,Massachusetts,-70.6722767,42.0417525,No,1,Supernatural,ghost specter,,2,False,Morning
East Boston,Massachusetts,-71.0388601,42.37021370000001,Yes,3+,Murder,Unknown,,0,False,Evening
East Bridgewater,Massachusetts,-70.9592096,42.0334341,Yes,3+,Supernatural,Unknown,,0,False,Dusk
East Bridgewater,Massachusetts,-70.9592096,42.0334341,No,0,Unknown,Unknown,,0,False,Unknown
East Otis,Massachusetts,-73.0345483,42.1734237,No,2+,Supernatural,Unknown,,0,False,Dusk
Easthampton,Massachusetts,-72.66897999999999,42.266757,Yes,3,Supernatural,Unknown,,0,False,Dusk
Easton,Massachusetts,-71.1286594,42.0245442,No,1+,Unknown,mist,blue mist,1,False,Dusk
Everett,Massachusetts,-71.0536625,42.40843,No,10+,Murder,Unknown,,0,False,Unknown
Fairhaven,Massachusetts,-70.90364869999999,41.6376043,No,0,Supernatural,poltergeist,,1,False,Dusk
Fairhaven,Massachusetts,-70.90364869999999,41.6376043,No,3+,Supernatural,Unknown,,0,False,Unknown
Fairhaven,Massachusetts,-70.90364869999999,41.6376043,No,1+,Supernatural,Unknown,,0,False,Evening
Fairhaven,Massachusetts,-70.90364869999999,41.6376043,No,0,Unknown,Unknown,,0,False,Evening
Fairhaven,Massachusetts,-70.90364869999999,41.6376043,Yes,3,Supernatural,ghost,,1,False,Dusk
Fairhaven,Massachusetts,-70.90364869999999,41.6376043,No,1,Unknown,Unknown,,0,False,Evening
Fall River,Massachusetts,-71.1550451,41.7014912,No,0,Murder,ghost,,1,False,Dusk
Fall River,Massachusetts,-71.1550451,41.7014912,No,0,Murder,Unknown,,0,False,Dusk
Fall River,Massachusetts,-71.1550451,41.7014912,Yes,3+,Unknown,Unknown,,0,False,Dusk
Falmouth,Massachusetts,-70.60858859999999,41.5532208,Yes,1,Suicide,ghost,,1,False,Evening
Falmouth,Massachusetts,-70.60858859999999,41.5532208,Yes,0,Supernatural,ghost,female ghost,1,False,Dusk
Framingham,Massachusetts,-71.4161565,42.279286,No,1,Unknown,Unknown,,0,False,Morning
Framingham,Massachusetts,-71.4161565,42.279286,No,1+,Supernatural,Unknown,,0,False,Morning
Feeding Hills,Massachusetts,-72.6777225,42.067082,Yes,2+,Supernatural,Unknown,,0,False,Dusk
Fitchburg,Massachusetts,-71.8022955,42.5834228,Yes,0,Murder,Unknown,,0,False,Dusk
Foxboro,Massachusetts,-71.2478251,42.0653812,Yes,2+,Murder,spirit figure,,2,False,Unknown
Gardner,Massachusetts,-71.998133,42.5750883,No,1,Supernatural,figure,white figure,1,False,Dusk
Gardner,Massachusetts,-71.998133,42.5750883,No,0,Supernatural,Unknown,,0,False,Unknown
Gardner,Massachusetts,-71.998133,42.5750883,No,1+,Supernatural,Unknown,,0,False,Unknown
Gardner,Massachusetts,-71.998133,42.5750883,No,3+,Supernatural,ghost,,1,False,Evening
Gardner,Massachusetts,-71.998133,42.5750883,Yes,6,Natural Disaster,spirit shadow orb,,3,False,Dusk
Gloucester,Massachusetts,-70.6619888,42.6159285,No,1,Supernatural,spirit,,1,False,Dusk
Gloucester,Massachusetts,-70.6619888,42.6159285,No,2,Murder,Unknown,,0,False,Dusk
Greenfield,Massachusetts,-72.5994104,42.587915,No,2+,Supernatural,Unknown,,0,False,Evening
Groton,Massachusetts,-71.5745152,42.6112018,Yes,1,Supernatural,Unknown,,0,False,Dusk
Groton,Massachusetts,-71.5745152,42.6112018,Yes,2,Unknown,Unknown,,0,False,Evening
Groton,Massachusetts,-71.5745152,42.6112018,No,1,Supernatural,poltergeist,,1,False,Dusk
Groveland,Massachusetts,-71.0314451,42.76036879999999,No,1,Supernatural,ghost figure,,2,True,Evening
Hanson,Massachusetts,-70.8800187,42.0751892,Yes,1,Supernatural,Unknown,,0,False,Unknown
Hanson,Massachusetts,-70.8800187,42.0751892,Yes,0,Supernatural,presence,,1,False,Morning
Hanover,Massachusetts,-70.8476708,42.1162217,No,0,Supernatural,Unknown,,0,False,Dusk
Haverhill,Massachusetts,-71.0772796,42.7762015,Yes,5+,Supernatural,ghost,,1,False,Evening
Haverhill,Massachusetts,-71.0772796,42.7762015,No,0,Supernatural,Unknown,,0,False,Evening
Haverhill,Massachusetts,-71.0772796,42.7762015,Yes,1,Murder,Unknown,,0,False,Evening
Hingham,Massachusetts,-70.889759,42.2418172,No,1+,Supernatural,figure,,1,False,Dusk
Hinsdale,Massachusetts,-73.1253799,42.4386967,No,1,Natural Disaster,Unknown,,0,False,Evening
Holyoke,Massachusetts,-72.6162009,42.2042586,No,1,Murder,presence,,1,False,Evening
Hull,Massachusetts,-70.9078346,42.3020647,Yes,0,Supernatural,shadow,,1,False,Dusk
Hull,Massachusetts,-70.9078346,42.3020647,No,1,Supernatural,Unknown,,0,False,Unknown
Hyde Park,Massachusetts,-71.1240559,42.2565289,Yes,2+,Natural Disaster,spirit apparition,friendly spirit,2,False,Evening
Ipswich,Massachusetts,-70.8411558,42.6791832,No,0,Supernatural,ghost,,1,False,Evening
Lakeville,Massachusetts,-70.9495226,41.8459169,Yes,5+,Supernatural,ghost,,1,False,Unknown
Lancaster,Massachusetts,-71.6731242,42.4556452,Yes,1+,Murder,spirit shadow,,2,False,Morning
Lancaster,Massachusetts,-71.6731242,42.4556452,Yes,2,Supernatural,Unknown,,0,False,Evening
Lancaster,Massachusetts,-71.6731242,42.4556452,Yes,0,Supernatural,Unknown,,0,False,Dusk
Leicester,Massachusetts,-71.90868429999999,42.245926,No,3+,Supernatural,ghost,,1,False,Dusk
Leicester,Massachusetts,-71.90868429999999,42.245926,Yes,0,Supernatural,spirit,,1,False,Dusk
Lenox,Massachusetts,-73.2848762,42.35646089999999,Yes,2+,Unknown,Unknown,,0,False,Morning
Lenox,Massachusetts,-73.2848762,42.35646089999999,Yes,2+,Supernatural,figure,,1,False,Evening
Lenax,Massachusetts,-73.2848762,42.35646089999999,Yes,5+,Supernatural,apparition,,1,False,Unknown
Lexington,Massachusetts,-71.2289641,42.4430372,No,2+,Murder,Unknown,,0,False,Evening
Lincoln,Massachusetts,-71.3039469,42.4259283,Yes,2+,Suicide,ghost,,1,False,Dusk
Littleton,Massachusetts,-71.5128022,42.5372893,No,1+,Murder,ghost,,1,False,Evening
Lowell,Massachusetts,-71.31617179999999,42.6334247,No,1,Supernatural,Unknown,,0,False,Dusk
Lowell,Massachusetts,-71.31617179999999,42.6334247,Yes,2+,Unknown,Unknown,,0,False,Dusk
Lowell,Massachusetts,-71.31617179999999,42.6334247,Yes,5+,Supernatural,ghost,,1,False,Dusk
Lowell,Massachusetts,-71.31617179999999,42.6334247,No,2+,Supernatural,ghost,,1,False,Dusk
Lowell,Massachusetts,-71.31617179999999,42.6334247,Yes,3+,Supernatural,shadow,,1,False,Unknown
Lowell,Massachusetts,-71.31617179999999,42.6334247,No,0,Supernatural,ghost,,1,False,Unknown
Lowell,Massachusetts,-71.31617179999999,42.6334247,Yes,1,Death,spirit,,1,False,Evening
Ludlow,Massachusetts,-72.47591899999999,42.1600936,Yes,0,Unknown,Unknown,,0,False,Dusk
Lynn,Massachusetts,-70.9494938,42.46676300000001,No,0,Supernatural,spirit,,1,False,Dusk
Lynn,Massachusetts,-70.9494938,42.46676300000001,No,1,Supernatural,Unknown,,0,False,Dusk
Lynn,Massachusetts,-70.9494938,42.46676300000001,Yes,1+,Supernatural,ghost,,1,False,Dusk
Lynn,Massachusetts,-70.9494938,42.46676300000001,Yes,0,Supernatural,orb,,1,False,Dusk
Lynnfield,Massachusetts,-71.0465638,42.53869,Yes,0,Supernatural,ghost,,1,False,Morning
Lynnfield,Massachusetts,-71.0465638,42.53869,No,0,Supernatural,figure,"white figure, cloaked figure",1,False,Morning
Magnolia,Massachusetts,-70.7106005,42.5737067,No,3,Supernatural,ghost,,1,False,Dusk
Magnolia,Massachusetts,-70.7106005,42.5737067,Yes,0,Supernatural,Unknown,,0,False,Dusk
Malden,Massachusetts,-71.066163,42.4250964,No,1,Unknown,Unknown,,0,False,Dusk
Mansfield,Massachusetts,-71.2190578,42.03345650000001,No,2,Supernatural,apparition,,1,False,Unknown
Marblehead,Massachusetts,-70.8578024,42.49995819999999,Yes,1+,Supernatural,witch,,1,False,Dusk
Marblehead,Massachusetts,-70.8578024,42.49995819999999,No,0,Natural Disaster,poltergeist orb,,2,False,Dusk
Marblehead,Massachusetts,-70.8578024,42.49995819999999,No,0,Supernatural,ghost,,1,True,Dusk
Marlborough,Massachusetts,-71.5522874,42.3459271,Yes,1,Supernatural,apparition,,1,False,Dusk
Marlboraugh,Massachusetts,-71.5522874,42.3459271,Yes,3+,Supernatural,spirit,,1,False,Dusk
Marion,Massachusetts,-70.7525299,41.697719,Yes,0,Suicide,Unknown,,0,False,Dusk
Mattapoisett /Rochester,Massachusetts,-70.8405081,41.7148674,No,0,Unknown,Unknown,,0,False,Dusk
Medfield,Massachusetts,-71.30645969999999,42.18758260000001,Yes,2+,Unknown,Unknown,,0,False,Dusk
Medford,Massachusetts,-71.1061639,42.4184296,Yes,1,Unknown,Unknown,,0,False,Morning
Medway,Massachusetts,-71.3967256,42.1417641,Yes,1,Unknown,Unknown,,0,False,Dusk
Medway,Massachusetts,-71.3967256,42.1417641,No,1,Unknown,Unknown,,0,False,Evening
Medway,Massachusetts,-71.3967256,42.1417641,Yes,1,Supernatural,Unknown,,0,False,Dusk
Merrimac,Massachusetts,-71.0005509,42.8340582,No,3,Supernatural,spirit,friendly spirit,1,False,Evening
Methuen,Massachusetts,-71.1908924,42.7262016,No,1,Supernatural,ghost,,1,False,Dusk
Methuen,Massachusetts,-71.1908924,42.7262016,Yes,1,Supernatural,figure,,1,False,Dusk
Middlefield,Massachusetts,-73.01510110000001,42.3484207,No,1,Supernatural,presence,evil presence,1,False,Unknown
Middleton,Massachusetts,-71.0161643,42.59509389999999,Yes,1,Supernatural,ghost shadow,peaceful ghost,2,False,Dusk
Milford,Massachusetts,-71.5163049,42.1398577,No,2+,Unknown,Unknown,,0,False,Unknown
Milton,Massachusetts,-71.0661653,42.2495321,Yes,0,Suicide,Unknown,,0,False,Dusk
Milton,Massachusetts,-71.0661653,42.2495321,No,1+,Supernatural,apparition,,1,False,Dusk
Monson,Massachusetts,-72.3189519,42.1042451,No,1+,Murder,Unknown,,0,False,Dusk
N. Adams,Massachusetts,-73.1087148,42.70091499999999,No,0,Murder,ghost,,1,False,Dusk
Nantucket,Massachusetts,-70.099451,41.2834704,No,2+,Death,Unknown,,0,False,Morning
Nantucket,Massachusetts,-70.099451,41.2834704,No,0,Natural Disaster,Unknown,,0,False,Evening
Nantucket,Massachusetts,-70.099451,41.2834704,No,1,Unknown,Unknown,,0,False,Unknown
Nantucket,Massachusetts,-70.099451,41.2834704,No,2+,Supernatural,Unknown,,0,False,Evening
Nantucket,Massachusetts,-70.099451,41.2834704,No,3+,Supernatural,Unknown,,0,False,Dusk
Nantucket,Massachusetts,-70.099451,41.2834704,Yes,1,Supernatural,ghost,,1,False,Unknown
New Bedford,Massachusetts,-70.93420499999999,41.6362152,No,2+,Supernatural,Unknown,,0,False,Unknown
New Bedford,Massachusetts,-70.93420499999999,41.6362152,No,2+,Supernatural,shadow,,1,False,Unknown
New Bedford,Massachusetts,-70.93420499999999,41.6362152,No,3,Supernatural,apparition presence,,2,False,Dusk
New Bedford,Massachusetts,-70.93420499999999,41.6362152,No,5+,Murder,Unknown,,0,False,Evening
New Bedford,Massachusetts,-70.93420499999999,41.6362152,No,4+,Suicide,Unknown,,0,False,Unknown
New Bedford,Massachusetts,-70.93420499999999,41.6362152,No,0,Supernatural,presence,,1,False,Dusk
New Braintree,Massachusetts,-72.12591139999999,42.3167581,No,0,Supernatural,Unknown,,0,False,Evening
Newbury,Massachusetts,-70.8714528,42.7649497,Yes,1,Suicide,Unknown,,0,False,Evening
Newbury/Byfield,Massachusetts,-70.94751029999999,42.7595355,Yes,4+,Supernatural,Unknown,,0,False,Evening
Newburyport,Massachusetts,-70.87727509999999,42.8125913,No,0,Supernatural,Unknown,,0,False,Evening
Newburyport,Massachusetts,-70.87727509999999,42.8125913,Yes,2,Supernatural,ghost,"unknown ghost, friendly ghost",1,False,Unknown
Newburyport,Massachusetts,-70.87727509999999,42.8125913,No,2+,Supernatural,Unknown,,0,False,Evening
Norfolk,Massachusetts,-71.3250563,42.1195426,Yes,2+,Supernatural,Unknown,,0,False,Unknown
North Adams,Massachusetts,-73.1087148,42.70091499999999,No,1,Murder,Unknown,,0,False,Dusk
North Andover,Massachusetts,-71.1350575,42.69870239999999,No,2+,Natural Disaster,ghost figure,"mysterious ghost, darkened figure, various figure",2,False,Evening
North Andover,Massachusetts,-71.1350575,42.69870239999999,No,0,Supernatural,ghost,,1,True,Dusk
North Attleboro,Massachusetts,-71.35654389999999,41.9695516,No,1,Supernatural,presence,,1,False,Unknown
North Attleboro,Massachusetts,-71.35654389999999,41.9695516,No,1,Supernatural,Unknown,,0,False,Evening
Northampton,Massachusetts,-72.64120129999999,42.3250896,No,0,Supernatural,apparition,,1,False,Dusk
Northampton,Massachusetts,-72.64120129999999,42.3250896,Yes,1,Supernatural,figure,,1,False,Evening
Northampton,Massachusetts,-72.64120129999999,42.3250896,Yes,1,Murder,ghost,,1,False,Morning
Northfield,Massachusetts,-72.4528885,42.6959093,No,0,Supernatural,ghost,,1,False,Dusk
Norton,Massachusetts,-71.1869963,41.9667703,No,0,Supernatural,ghost specter,library ghost,2,False,Evening
Norwood,Massachusetts,-71.19896949999999,42.19439089999999,Yes,5+,Suicide,Unknown,,0,False,Dusk
In California Page 2,California,-122.4207899,37.7743105,No,1,Unknown,Unknown,,0,False,Evening
Onset,Massachusetts,-70.6578104,41.7417714,Yes,0,Supernatural,shadow,,1,False,Dusk
Orange,Massachusetts,-72.3097914,42.590354,No,1+,Supernatural,Unknown,,0,False,Evening
Oxford,Massachusetts,-71.8647577,42.1167606,Yes,1,Unknown,Unknown,,0,False,Evening
Oxford,Massachusetts,-71.8647577,42.1167606,Yes,1+,Supernatural,presence,,1,False,Unknown
Palmer,Massachusetts,-72.3286869,42.1584103,Yes,1,Supernatural,orb figure,cloaked figure,2,True,Unknown
Palmer,Massachusetts,-72.3286869,42.1584103,No,0,Supernatural,apparition,,1,False,Unknown
Paxton,Massachusetts,-71.9278427,42.3114889,No,2+,Supernatural,ghost,,1,False,Evening
Paxton,Massachusetts,-71.9278427,42.3114889,Yes,2+,Supernatural,ghost,,1,False,Dusk
Paxton,Massachusetts,-71.9278427,42.3114889,No,3,Supernatural,figure,,1,False,Dusk
Peabody,Massachusetts,-70.9286609,42.5278731,Yes,2+,Murder,ghost presence,,2,False,Evening
Peabody,Massachusetts,-70.9286609,42.5278731,No,0,Supernatural,Unknown,,0,False,Dusk
Peabody,Massachusetts,-70.9286609,42.5278731,No,1,Supernatural,spirit,,1,False,Evening
Pembroke,Massachusetts,-70.80919999999999,42.0714925,No,0,Unknown,Unknown,,0,False,Dusk
Pittsfield,Massachusetts,-73.2453824,42.4500845,Yes,0,Supernatural,Unknown,,0,False,Dusk
Plymouth,Massachusetts,-70.6672621,41.9584457,Yes,0,Supernatural,spirit,,1,False,Dusk
Plymouth,Massachusetts,-70.6672621,41.9584457,No,0,Murder,Unknown,,0,False,Evening
Plymouth,Massachusetts,-70.6672621,41.9584457,No,0,Supernatural,presence,strong presence,1,False,Dusk
Plymouth,Massachusetts,-70.6672621,41.9584457,No,1,Supernatural,apparition,,1,False,Dusk
Princeton,Massachusetts,-71.877296,42.4487019,Yes,3+,Supernatural,Unknown,,0,False,Morning
Provincetown,Massachusetts,-70.1786425,42.0584412,No,2+,Supernatural,presence,,1,False,Dusk
Quincy,Massachusetts,-71.0022705,42.2528772,No,3+,Murder,ghost,,1,False,Evening
Magalia,California,-121.5783059,39.8121058,Yes,5,Supernatural,ghost apparition,,2,False,Evening
Malibu,California,-118.7797571,34.0259216,No,0,Unknown,Unknown,,0,False,Dusk
Malibu Lake (Agoura Hills),California,-118.757,34.107,No,2+,Supernatural,figure,,1,False,Morning
Manteca,California,-121.2160526,37.7974273,Yes,3,Murder,ghost,,1,False,Evening
Manteca,California,-121.2160526,37.7974273,No,0,Natural Disaster,ghost,,1,False,Evening
Manteca,California,-121.2160526,37.7974273,Yes,2,Murder,apparition,,1,False,Dusk
Manteca,California,-121.2160526,37.7974273,Yes,0,Murder,Unknown,,0,False,Evening
<>Manteca,California,,,Yes,2+,Unknown,Unknown,,0,False,Evening
Marin,California,-122.7633036,38.083403,Yes,0,Supernatural,ghost spirit,,2,False,Dusk
Marina Del Rey,California,-118.4517449,33.9802893,No,1,Murder,ghost,,1,False,Dusk
Menlo Park,California,-122.1817252,37.4529598,No,1,Supernatural,Unknown,,0,False,Evening
Menlo Park,California,-122.1817252,37.4529598,No,2,Murder,ghost,,1,False,Dusk
Merced,California,-120.4829677,37.3021632,No,0,Unknown,Unknown,,0,False,Dusk
Merced,California,-120.4829677,37.3021632,Yes,0,Unknown,Unknown,,0,False,Dusk
Merced,California,-120.4829677,37.3021632,No,2+,Suicide,ghost,,1,False,Morning
Merced,California,-120.4829677,37.3021632,No,1,Unknown,Unknown,,0,False,Dusk
Milpitas,California,-121.8995741,37.4323341,Yes,1,Unknown,Unknown,,0,False,Morning
Mission Hills,California,-120.4364208,34.68824560000001,No,1,Supernatural,apparition,,1,False,Dusk
Modesto,California,-120.9968782,37.63909719999999,Yes,2+,Supernatural,Unknown,,0,False,Evening
Modesto,California,-120.9968782,37.63909719999999,Yes,1,Murder,ghost,,1,False,Dusk
Modesto,California,-120.9968782,37.63909719999999,Yes,2+,Suicide,spirit figure,,2,False,Unknown
Modesto,California,-120.9968782,37.63909719999999,Yes,2,Supernatural,ghost entity,,2,False,Dusk
Modesto,California,-120.9968782,37.63909719999999,Yes,0,Supernatural,spirit,,1,False,Dusk
Modesto,California,-120.9968782,37.63909719999999,Yes,3+,Murder,Unknown,,0,False,Dusk
Modesto,California,-120.9968782,37.63909719999999,No,0,Murder,Unknown,,0,False,Dusk
Mokelumne Hill,California,-120.7063219,38.3004709,No,0,Murder,Unknown,,0,False,Dusk
Monrovia,California,-118.0019482,34.1442616,No,0,Supernatural,apparition,,1,False,Dusk
Monrovia,California,-118.0019482,34.1442616,No,2+,Supernatural,ghost,,1,False,Evening
Monrovia,California,-118.0019482,34.1442616,Yes,2,Supernatural,Unknown,,0,False,Dusk
Montebello,California,-118.1137535,34.0165053,No,2+,Murder,spirit shadow figure,,3,False,Evening
Montebello,California,-118.1137535,34.0165053,No,1+,Unknown,Unknown,,0,False,Evening
Montebello,California,-118.1137535,34.0165053,Yes,3,Supernatural,Unknown,,0,False,Evening
Quincy,Massachusetts,-71.0022705,42.2528772,No,1,Natural Disaster,Unknown,,0,False,Dusk
Rehoboth,Massachusetts,-71.2393933,41.8470056,Yes,1,Natural Disaster,Unknown,,0,False,Dusk
Rehoboth,Massachusetts,-71.2393933,41.8470056,Yes,1,Supernatural,Unknown,,0,False,Dusk
Rehoboth,Massachusetts,-71.2393933,41.8470056,Yes,26,Supernatural,Unknown,,0,False,Unknown
Rehoboth,Massachusetts,-71.2393933,41.8470056,Yes,2+,Unknown,Unknown,,0,False,Unknown
Rehoboth,Massachusetts,-71.2393933,41.8470056,No,0,Supernatural,Unknown,,0,False,Evening
Rochester,Massachusetts,-70.8452677,41.7549658,No,1,Unknown,Unknown,,0,False,Dusk
Rockland,Massachusetts,-70.9161551,42.1306563,Yes,1+,Murder,Unknown,,0,False,Dusk
Royalston,Massachusetts,-72.18786039999999,42.6775856,No,1,Supernatural,shadow figure,"black figure, black shadow",2,False,Unknown
Rutland,Massachusetts,-71.9481211,42.3695086,No,1,Supernatural,Unknown,,0,False,Unknown
Saugus,Massachusetts,-71.0110473,42.4651421,No,0,Unknown,Unknown,,0,False,Evening
Salem,Massachusetts,-70.8967155,42.51954,No,0,Unknown,witch,,1,False,Unknown
Salem,Massachusetts,-70.8967155,42.51954,No,0,Murder,Unknown,,0,False,Dusk
Salem,Massachusetts,-70.8967155,42.51954,No,0,Supernatural,witch,,1,False,Evening
Salem,Massachusetts,-70.8967155,42.51954,No,1,Supernatural,shadow,,1,False,Unknown
Salem,Massachusetts,-70.8967155,42.51954,No,1,Supernatural,Unknown,,0,False,Unknown
Salem,Massachusetts,-70.8967155,42.51954,No,1,Supernatural,ghost,,1,False,Dusk
Salem,Massachusetts,-70.8967155,42.51954,No,0,Supernatural,spirit,,1,False,Dusk
Salem,Massachusetts,-70.8967155,42.51954,Yes,0,Murder,ghost,,1,False,Dusk
Salem,Massachusetts,-70.8967155,42.51954,No,3+,Death,ghost figure,,2,False,Morning
Salem,Massachusetts,-70.8967155,42.51954,Yes,5+,Supernatural,Unknown,,0,False,Dusk
Salem,Massachusetts,-70.8967155,42.51954,No,0,Supernatural,ghost,,1,False,Dusk
Sandisfield,Massachusetts,-73.1431637,42.1125914,No,1,Supernatural,apparition,,1,False,Dusk
Sandwich,Massachusetts,-70.49393169999999,41.7589615,No,1,Supernatural,Unknown,,0,False,Dusk
Savoy,Massachusetts,-73.0287112,42.5667512,No,0,Suicide,ghost,,1,False,Evening
Scituate,Massachusetts,-70.7258633,42.195929,Yes,0,Supernatural,Unknown,,0,False,Dusk
Scituate,Massachusetts,-70.7258633,42.195929,No,1,Supernatural,Unknown,,0,False,Dusk
Scituate,Massachusetts,-70.7258633,42.195929,No,1,Supernatural,ghost,,1,False,Morning
Seekonk,Massachusetts,-71.3369972,41.808434,Yes,0,Supernatural,ghost,,1,False,Evening
Shrewsbury,Massachusetts,-71.71284709999999,42.2959267,Yes,2+,Supernatural,Unknown,,0,False,Unknown
Montebello,California,-118.1137535,34.0165053,Yes,3+,Supernatural,Unknown,,0,False,Unknown
Montebello,California,-118.1137535,34.0165053,No,0,Supernatural,figure,,1,False,Evening
Montebello,California,-118.1137535,34.0165053,No,0,Murder,Unknown,,0,False,Dusk
Monterey,California,-121.8946761,36.6002378,No,0,Murder,Unknown,,0,False,Dusk
Monterey County,California,-121.3541631,36.3136201,No,1,Supernatural,ghost,,1,False,Dusk
Moorpark,California,-118.8820414,34.285558,No,0,Murder,ghost,,1,False,Dusk
Moreno Valley,California,-117.2296717,33.9424658,Yes,0,Supernatural,spirit,,1,False,Unknown
Moreno Valley,California,-117.2296717,33.9424658,Yes,2+,Murder,figure,,1,False,Dusk
Moreno Valley,California,-117.2296717,33.9424658,No,1,Unknown,Unknown,,0,True,Dusk
Morro Bay,California,-120.8499924,35.3659445,No,0,Supernatural,Unknown,,0,False,Dusk
Morro Bay,California,-120.8499924,35.3659445,No,2,Unknown,Unknown,,0,False,Evening
Moss Beach,California,-122.5133117,37.5274401,No,0,Murder,spirit,"shaped spirit, mischievous spirit",1,False,Unknown
Mount Baldy,California,-117.6589752,34.2363809,No,1,Supernatural,ghost,,1,False,Dusk
Montebello,California,-118.1137535,34.0165053,Yes,3+,Supernatural,Unknown,,0,False,Dusk
Mountain View,California,-122.0838511,37.3860517,No,2,Supernatural,Unknown,,0,False,Evening
Murrieta,California,-117.2139232,33.5539143,Yes,3+,Supernatural,ghost,,1,False,Dusk
Murrieta,California,-117.2139232,33.5539143,No,1,Supernatural,Unknown,,0,False,Evening
Murrieta,California,-117.2139232,33.5539143,No,0,Supernatural,apparition,,1,False,Evening
Napa,California,-122.286865,38.2975381,No,1,Supernatural,ghost,,1,False,Evening
Nevada City,California,-121.0160594,39.2615606,No,0,Supernatural,Unknown,,0,False,Dusk
Newberry Park,California,-118.9070887,34.1805403,Yes,5+,Murder,Unknown,,0,False,Morning
Newberry Springs,California,-116.6889227,34.8286042,No,0,Supernatural,spirit,,1,False,Dusk
Newark,California,-122.0402399,37.5296593,Yes,2+,Supernatural,Unknown,,0,False,Evening
Newark,California,-122.0402399,37.5296593,Yes,3,Supernatural,ghost,,1,False,Morning
Newport Beach,California,-117.9298493,33.6188829,No,0,Murder,Unknown,,0,False,Evening
Newport Beach,California,-117.9298493,33.6188829,Yes,1,Supernatural,spirit apparition phantom,full apparition,3,False,Morning
Newport Beach,California,-117.9298493,33.6188829,Yes,1,Murder,Unknown,,0,False,Evening
Newport Beach,California,-117.9298493,33.6188829,No,4,Supernatural,spirit,,1,False,Evening
Niles,California,-121.9871217,37.58366890000001,No,2+,Murder,ghost orb witch,"white witch, young ghost, white witch, common ghost",3,True,Dusk
Sommerville,Massachusetts,-71.0994968,42.3875968,Yes,2,Supernatural,shadow,,1,False,Dusk
South Attleboro,Massachusetts,-71.3619997,41.908433,No,1+,Supernatural,spirit orb figure presence,strong presence,4,False,Dusk
South Hadley,Massachusetts,-72.57479339999999,42.2591729,Yes,1,Supernatural,apparition,,1,False,Dusk
Spencer,Massachusetts,-71.9922867,42.2439682,No,2+,Supernatural,Unknown,,0,False,Dusk
Spencer,Massachusetts,-71.9922867,42.2439682,No,0,Murder,Unknown,,0,False,Dusk
Springfield,Massachusetts,-72.589811,42.1014831,No,10+,Supernatural,Unknown,,0,False,Dusk
Springfield,Massachusetts,-72.589811,42.1014831,Yes,1+,Supernatural,Unknown,,0,False,Unknown
Springfield,Massachusetts,-72.589811,42.1014831,No,3+,Supernatural,Unknown,,0,False,Morning
Springfield,Massachusetts,-72.589811,42.1014831,Yes,1+,Unknown,Unknown,,0,False,Dusk
Springfield,Massachusetts,-72.589811,42.1014831,No,0,Suicide,Unknown,,0,False,Dusk
Springfield,Massachusetts,-72.589811,42.1014831,No,133,Unknown,Unknown,,0,False,Dusk
Stoneham,Massachusetts,-71.0999719,42.4802469,No,0,Unknown,witch,,1,False,Dusk
Stoneham,Massachusetts,-71.0999719,42.4802469,No,0,Unknown,Unknown,,0,False,Evening
Stoneham,Massachusetts,-71.0999719,42.4802469,No,1+,Supernatural,ghost,,1,False,Unknown
Sturbridge,Massachusetts,-72.0787059,42.1084122,No,3+,Supernatural,spirit,,1,False,Unknown
Sudbury,Massachusetts,-71.4161725,42.3834278,No,1,Supernatural,Unknown,,0,False,Morning
Taunton,Massachusetts,-71.0897674,41.900101,No,1+,Supernatural,Unknown,,0,False,Dusk
Taunton,Massachusetts,-71.0897674,41.900101,Yes,2+,Supernatural,Unknown,,0,False,Dusk
Taunton,Massachusetts,-71.0897674,41.900101,Yes,3+,Supernatural,Unknown,,0,False,Dusk
Taunton,Massachusetts,-71.0897674,41.900101,Yes,0,Death,Unknown,,0,False,Dusk
Taunton,Massachusetts,-71.0897674,41.900101,Yes,1,Supernatural,ghost,,1,False,Unknown
Taunton,Massachusetts,-71.0897674,41.900101,No,2+,Supernatural,apparition,,1,False,Dusk
Taunton,Massachusetts,-71.0897674,41.900101,No,0,Natural Disaster,Unknown,,0,False,Dusk
Taunton,Massachusetts,-71.0897674,41.900101,No,2,Supernatural,Unknown,,0,False,Dusk
Taunton,Massachusetts,-71.0897674,41.900101,Yes,3+,Murder,ghost,,1,False,Unknown
Turners Falls,Massachusetts,-72.5564777,42.60425230000001,No,0,Murder,Unknown,,0,False,Dusk
Tewksbury,Massachusetts,-71.23422479999999,42.6106478,No,1,Supernatural,ghost apparition,,2,False,Evening
Tewksbury,Massachusetts,-71.23422479999999,42.6106478,No,1,Supernatural,figure,,1,False,Unknown
Tewksbury,Massachusetts,-71.23422479999999,42.6106478,No,1,Supernatural,apparition,white apparition,1,False,Evening
Tyngsboro,Massachusetts,-71.4244224,42.6766696,No,0,Murder,ghost,,1,False,Dusk
Tyngsboro,Massachusetts,-71.4244224,42.6766696,No,1,Supernatural,Unknown,,0,False,Evening
Tewksbury,Massachusetts,-71.23422479999999,42.6106478,Yes,5+,Supernatural,spirit,,1,False,Dusk
Uxbridge,Massachusetts,-71.6302532,42.07724289999999,No,1+,Supernatural,Unknown,,0,False,Evening
Uxbridge,Massachusetts,-71.6302532,42.07724289999999,Yes,3+,Unknown,Unknown,,0,False,Dusk
Narth fork,California,-119.5094012,37.2293678,Yes,0,Unknown,Unknown,,0,False,Evening
North Hills,California,-118.4849365,34.235822,Yes,2+,Supernatural,Unknown,,0,False,Dusk
Norwalk,California,-118.081733,33.9022367,Yes,0,Supernatural,Unknown,,0,False,Evening
Norwalk,California,-118.081733,33.9022367,Yes,2+,Supernatural,ghost figure mist,,3,False,Unknown
Norwalk,California,-118.081733,33.9022367,Yes,0,Death,Unknown,,0,False,Evening
Oakland,California,-122.2711137,37.8043637,No,1,Supernatural,ghost,,1,False,Dusk
Oakland,California,-122.2711137,37.8043637,No,0,Supernatural,ghost,,1,False,Evening
Oakland,California,-122.2711137,37.8043637,No,0,Supernatural,Unknown,,0,False,Dusk
Oakland,California,-122.2711137,37.8043637,No,0,Supernatural,ghost,,1,False,Morning
Oakland,California,-122.2711137,37.8043637,No,0,Supernatural,ghost specter orb,,3,True,Dusk
Oakland,California,-122.2711137,37.8043637,No,5+,Supernatural,ghost,,1,False,Unknown
Oakland Hill,California,-122.1713928,37.7984901,No,1+,Supernatural,ghost spirit,,2,False,Dusk
Oceanside,California,-117.3794834,33.1958696,No,0,Suicide,Unknown,,0,True,Dusk
Oceanside,California,-117.3794834,33.1958696,Yes,5+,Natural Disaster,spirit apparition,female spirit,2,False,Dusk
Ojai,California,-119.242889,34.4480495,No,0,Murder,ghost,final ghost,1,False,Unknown
Ojai,California,-119.242889,34.4480495,Yes,1,Unknown,Unknown,,0,False,Evening
Ontario,California,-117.6508876,34.0633443,Yes,1,Supernatural,ghost,,1,False,Dusk
Ontario,California,-117.6508876,34.0633443,No,1,Murder,Unknown,,0,False,Dusk
Ontario,California,-117.6508876,34.0633443,No,2,Supernatural,Unknown,,0,False,Dusk
Ontario,California,-117.6508876,34.0633443,No,0,Unknown,Unknown,,0,False,Dusk
Ontario,California,-117.6508876,34.0633443,Yes,3+,Natural Disaster,shadow,,1,False,Unknown
Ontario,California,-117.6508876,34.0633443,Yes,1,Unknown,Unknown,,0,False,Dusk
Ontario,California,-117.6508876,34.0633443,Yes,3+,Supernatural,ghost,,1,False,Evening
Orange,California,-117.8531007,33.7879139,Yes,2+,Supernatural,ghost apparition,,2,False,Dusk
Orange,California,-117.8531007,33.7879139,Yes,5+,Supernatural,ghost spirit shadow,,3,False,Dusk
Orange County,California,-117.8311428,33.7174708,Yes,3+,Supernatural,presence,invisible presence,1,False,Unknown
Orange County,California,-117.8311428,33.7174708,No,0,Death,figure,,1,False,Evening
Uxbridge,Massachusetts,-71.6302532,42.07724289999999,No,2+,Supernatural,figure,,1,False,Dusk
Uxbridge,Massachusetts,-71.6302532,42.07724289999999,Yes,2+,Supernatural,ghost,,1,False,Dusk
Wakefield,Massachusetts,-71.0723391,42.5039395,Yes,0,Supernatural,Unknown,,0,False,Evening
Waltham,Massachusetts,-71.2356113,42.3764852,Yes,0,Supernatural,spirit,,1,False,Evening
Waltham,Massachusetts,-71.2356113,42.3764852,No,0,Unknown,Unknown,,0,False,Dusk
Ware,Massachusetts,-72.2398566,42.2598457,Yes,5+,Supernatural,ghost shadow presence,,3,True,Dusk
Wareham,Massachusetts,-70.71973419999999,41.7614511,No,1,Supernatural,Unknown,,0,False,Evening
Watertown,Massachusetts,-71.1828321,42.3709299,Yes,3+,Supernatural,shadow,,1,False,Unknown
Watertown,Massachusetts,-71.1828321,42.3709299,No,0,Supernatural,Unknown,,0,False,Dusk
Webster,Massachusetts,-71.88006279999999,42.05009099999999,No,1,Supernatural,Unknown,,0,False,Evening
Wellesley,Massachusetts,-71.29238769999999,42.296797,No,2+,Supernatural,Unknown,,0,False,Dusk
West Roxbury,Massachusetts,-71.1626756,42.2797554,No,0,Unknown,Unknown,,0,False,Dusk
West Springfield,Massachusetts,-72.6203675,42.1070383,No,0,Murder,Unknown,,0,False,Dusk
West Springfield,Massachusetts,-72.6203675,42.1070383,No,2+,Supernatural,ghost,,1,False,Evening
West Stockbridge,Massachusetts,-73.3677582,42.3338097,No,2+,Supernatural,apparition,,1,False,Evening
West Yarmouth,Massachusetts,-70.2411312,41.6501114,No,2+,Supernatural,Unknown,,0,False,Unknown
Westfield,Massachusetts,-72.749538,42.1250929,Yes,3+,Supernatural,Unknown,,0,False,Unknown
Westfield,Massachusetts,-72.749538,42.1250929,No,0,Suicide,Unknown,,0,False,Evening
Westford,Massachusetts,-71.4378411,42.5792583,No,2+,Supernatural,ghost,grey ghost,1,False,Unknown
Westminster,Massachusetts,-71.91063079999999,42.5459227,Yes,2+,Supernatural,Unknown,,0,False,Evening
Westport,Massachusetts,-71.0735476,41.5700183,No,0,Unknown,Unknown,,0,False,Dusk
Westport,Massachusetts,-71.0735476,41.5700183,No,2+,Natural Disaster,presence,,1,False,Evening
Weston,Massachusetts,-71.3031132,42.3667625,Yes,3+,Supernatural,Unknown,,0,False,Dusk
Weston,Massachusetts,-71.3031132,42.3667625,No,3,Supernatural,Unknown,,0,False,Unknown
Orange County,California,-117.8311428,33.7174708,No,1,Supernatural,Unknown,,0,False,Unknown
Orange County,California,-117.8311428,33.7174708,Yes,4+,Supernatural,ghost spirit apparition entity,late spirit,4,False,Dusk
Orange County,California,-117.8311428,33.7174708,No,0,Supernatural,ghost witch,,2,False,Unknown
Orange County,California,-117.8311428,33.7174708,No,0,Supernatural,ghost,,1,False,Morning
Orange County,California,-117.8311428,33.7174708,No,1,Unknown,Unknown,,0,False,Dusk
Oxnard,California,-119.1770516,34.1975048,No,1,Unknown,Unknown,,0,False,Morning
Oxnard,California,-119.1770516,34.1975048,No,2+,Unknown,Unknown,,0,False,Dusk
Oxnard,California,-119.1770516,34.1975048,No,0,Murder,Unknown,,0,False,Dusk
Oxnard,California,-119.1770516,34.1975048,Yes,3+,Murder,ghost apparition,"full apparition, visible ghost, playful ghost",2,False,Dusk
Oxnard,California,-119.1770516,34.1975048,Yes,5+,Murder,ghost figure,"hooded figure, popular ghost",2,False,Dusk
Pacifica,California,-122.4869194,37.6138253,Yes,2+,Unknown,Unknown,,0,False,Unknown
Pacoima,California,-118.4104684,34.2767691,No,3+,Supernatural,presence,,1,False,Dusk
Palmdale,California,-118.1164613,34.5794343,No,1,Supernatural,figure,black figure,1,False,Dusk
Palmdale,California,-118.1164613,34.5794343,Yes,0,Supernatural,ghost figure,,2,False,Dusk
Palo Alto,California,-122.1430195,37.4418834,Yes,1,Murder,figure,,1,False,Dusk
Palos Verdes,California,-118.3870173,33.7444613,No,0,Supernatural,Unknown,,0,False,Evening
Palos Verdes,California,-118.3870173,33.7444613,Yes,0,Murder,Unknown,,0,False,Unknown
Palos Verdes,California,-118.3870173,33.7444613,Yes,3+,Supernatural,Unknown,,0,False,Evening
Palos Verdes,California,-118.3870173,33.7444613,Yes,0,Death,apparition,,1,False,Dusk
Palos Verdes,California,-118.3870173,33.7444613,Yes,3+,Suicide,Unknown,,0,False,Dusk
Panorama City,California,-118.442425,34.227617,Yes,3+,Unknown,Unknown,,0,False,Evening
Panorama City,California,-118.442425,34.227617,Yes,1,Unknown,Unknown,,0,False,Dusk
Pomona,California,-117.7499909,34.055103,No,1,Unknown,Unknown,,0,False,Evening
Parker Dam,California,-114.1430071,34.287246,Yes,1,Unknown,Unknown,,0,False,Dusk
Pasadena,California,-118.1445155,34.1477849,Yes,3+,Suicide,orb,,1,False,Unknown
Pasadena,California,-118.1445155,34.1477849,No,0,Unknown,Unknown,,0,False,Dusk
Pasadena,California,-118.1445155,34.1477849,No,0,Murder,Unknown,,0,False,Dusk
Pasadena,California,-118.1445155,34.1477849,Yes,1+,Supernatural,shadow,,1,False,Dusk
Pasadena,California,-118.1445155,34.1477849,No,0,Supernatural,ghost,,1,False,Evening
Pasadena,California,-118.1445155,34.1477849,Yes,0,Supernatural,Unknown,,0,False,Dusk
Pasadena,California,-118.1445155,34.1477849,Yes,0,Supernatural,ghost,wild ghost,1,False,Dusk
Weston,Massachusetts,-71.3031132,42.3667625,No,0,Unknown,Unknown,,0,False,Evening
Weymouth,Massachusetts,-70.94103559999999,42.2180724,No,1,Supernatural,Unknown,,0,False,Evening
Whitman,Massachusetts,-70.935599,42.0806564,No,3+,Supernatural,Unknown,,0,False,Morning
Wilbraham,Massachusetts,-72.431586,42.1237206,No,Many+,Supernatural,ghost,several ghost,1,False,Dusk
Winchendon,Massachusetts,-72.0439529,42.6871009,No,0,Supernatural,ghost,angry ghost,1,False,Dusk
Winchester,Massachusetts,-71.1369959,42.452303,Yes,0,Murder,Unknown,,0,False,Unknown
Winthrop,Massachusetts,-70.98113339999999,42.3778173,No,0,Unknown,Unknown,,0,False,Dusk
Winthrop,Massachusetts,-70.98113339999999,42.3778173,No,1,Supernatural,ghost,,1,False,Evening
Woburn,Massachusetts,-71.1522765,42.4792618,No,2,Supernatural,ghost,,1,False,Dusk
Woburn,Massachusetts,-71.1522765,42.4792618,No,2+,Supernatural,figure,white figure,1,False,Evening
Woburn,Massachusetts,-71.1522765,42.4792618,Yes,2+,Supernatural,ghost,,1,False,Dusk
Worcester,Massachusetts,-71.8022934,42.2625932,No,3+,Supernatural,ghost,,1,False,Unknown
Worcester,Massachusetts,-71.8022934,42.2625932,Yes,0,Unknown,Unknown,,0,False,Unknown
Yarmouth,Massachusetts,-70.2286681,41.7056291,Yes,3+,Supernatural,spirit,"playful spirit, likely spirit",1,False,Unknown
Pasadena,California,-118.1445155,34.1477849,No,1,Supernatural,Unknown,,0,False,Dusk
Pasadena,California,-118.1445155,34.1477849,Yes,1,Supernatural,spirit apparition figure,particular figure,3,False,Dusk
Pasadena,California,-118.1445155,34.1477849,No,3+,Supernatural,spirit,,1,False,Evening
Pasadena,California,-118.1445155,34.1477849,Yes,1,Supernatural,spirit,,1,False,Unknown
Pasadena,California,-118.1445155,34.1477849,No,2,Unknown,Unknown,,0,False,Dusk
Paso Robles,California,-120.6545022,35.6368759,Yes,1,Supernatural,figure,glowing figure,1,False,Dusk
Paso Robles,California,-120.6545022,35.6368759,Yes,1,Supernatural,Unknown,,0,False,Evening
Paso Robles,California,-120.6545022,35.6368759,Yes,1,Natural Disaster,ghost,,1,False,Unknown
Paramount,California,-118.1597911,33.8894598,Yes,0,Supernatural,shadow,,1,False,Dusk
Paramount,California,-118.1597911,33.8894598,Yes,2+,Murder,Unknown,,0,False,Dusk
Petaluma,California,-122.6366524,38.232417,No,3+,Supernatural,shadow figure,"white figure, dark shadow",2,False,Unknown
Pico Rivera,California,-118.096735,33.9830688,No,3,Supernatural,spirit apparition,,2,False,Evening
Pico Rivera,California,-118.096735,33.9830688,Yes,0,Natural Disaster,Unknown,,0,False,Dusk
Pico Rivera,California,-118.096735,33.9830688,No,0,Supernatural,apparition,,1,False,Dusk
Pittsburg,California,-121.8846806,38.0279762,Yes,0,Supernatural,spirit,,1,False,Unknown
Pittsburg,California,-121.8846806,38.0279762,No,0,Murder,Unknown,,0,False,Dusk
Pittsburg,California,-121.8846806,38.0279762,No,1,Suicide,presence,,1,False,Dusk
Placentia,California,-117.8627548,33.8710729,Yes,1,Murder,Unknown,,0,False,Evening
Placentia,California,-117.8627548,33.8710729,Yes,1,Supernatural,Unknown,,0,False,Dusk
Placer,California,-120.8039474,39.0915751,No,0,Murder,Unknown,,0,False,Dusk
Placerville,California,-120.798546,38.7296252,No,1+,Supernatural,Unknown,,0,False,Dusk
Placerville,California,-120.798546,38.7296252,No,3,Supernatural,ghost presence,,2,False,Unknown
Placerville,California,-120.798546,38.7296252,No,0,Supernatural,ghost,,1,False,Morning
Placerville,California,-120.798546,38.7296252,No,2+,Supernatural,ghost apparition,,2,False,Dusk
Placerville,California,-120.798546,38.7296252,Yes,1,Unknown,Unknown,,0,False,Unknown
Pleasanton,California,-121.8746789,37.6624312,No,3,Supernatural,Unknown,,0,False,Evening
Pleasanton,California,-121.8746789,37.6624312,Yes,2+,Supernatural,Unknown,,0,False,Dusk
Pollock Pines,California,-120.5865935,38.7612923,No,0,Supernatural,orb,,1,False,Dusk
Pomona,California,-117.7499909,34.055103,Yes,1,Supernatural,apparition entity,,2,False,Unknown
Pomona,California,-117.7499909,34.055103,Yes,3+,Supernatural,figure,,1,False,Dusk
Pomona,California,-117.7499909,34.055103,No,1,Supernatural,ghost,,1,False,Dusk
Pomona,California,-117.7499909,34.055103,No,1,Supernatural,figure,male figure,1,False,Evening
Port Costa,California,-122.1833005,38.04630969999999,No,0,Unknown,Unknown,,0,False,Evening
Port Hueneme,California,-119.1951074,34.1477829,No,1,Supernatural,figure,,1,False,Dusk
Porterville,California,-119.0167679,36.06523,Yes,1+,Murder,Unknown,,0,False,Dusk
Prundale,California,-121.6696689,36.7757907,No,0,Unknown,witch,,1,False,Evening
Rialto,California,-117.3703235,34.1064001,Yes,3+,Murder,Unknown,,0,False,Evening
Rancho Cucamonga,California,-117.5931084,34.10639889999999,No,0,Unknown,Unknown,,0,False,Unknown
Rancho Cucamonga,California,-117.5931084,34.10639889999999,No,1,Death,Unknown,,0,False,Morning
Rancho Cucamonga,California,-117.5931084,34.10639889999999,No,1,Murder,apparition,,1,False,Evening
Rancho Palos Verdes,California,-118.3870173,33.7444613,No,0,Unknown,Unknown,,0,False,Dusk
Rancho Palos Verdes,California,-118.3870173,33.7444613,Yes,0,Murder,Unknown,,0,False,Dusk
Ravendale,California,-120.3652226,40.798509,Yes,0,Murder,Unknown,,0,False,Dusk
Redlands,California,-117.1825381,34.0555693,No,0,Supernatural,presence,,1,False,Evening
Redlands,California,-117.1825381,34.0555693,Yes,1,Unknown,Unknown,,0,False,Dusk
Redlands,California,-117.1825381,34.0555693,No,0,Supernatural,Unknown,,0,False,Dusk
Redlands,California,-117.1825381,34.0555693,No,0,Supernatural,Unknown,,0,False,Dusk
Redlands,California,-117.1825381,34.0555693,No,0,Unknown,Unknown,,0,False,Evening
Redlands,California,-117.1825381,34.0555693,Yes,1,Supernatural,ghost,custodian ghost,1,False,Unknown
Redlands,California,-117.1825381,34.0555693,No,3,Supernatural,apparition,,1,False,Dusk
Redlands,California,-117.1825381,34.0555693,No,2+,Murder,ghost figure,,2,False,Dusk
Redlands,California,-117.1825381,34.0555693,No,1,Murder,apparition,,1,False,Dusk
Redlands,California,-117.1825381,34.0555693,No,0,Supernatural,spirit presence,teenage presence,2,False,Evening
Redlands,California,-117.1825381,34.0555693,No,1,Supernatural,figure,,1,False,Evening
Redlands,California,-117.1825381,34.0555693,No,0,Supernatural,ghost,,1,False,Unknown
Redlands,California,-117.1825381,34.0555693,No,0,Supernatural,ghost,,1,False,Dusk
Redlands,California,-117.1825381,34.0555693,No,3+,Supernatural,ghost,,1,False,Dusk
Redondo Beach,California,-118.3884078,33.8491816,Yes,2+,Supernatural,ghost,,1,False,Unknown
Redwood City,California,-122.2363548,37.48521520000001,No,5+,Death,Unknown,,0,False,Unknown
Reedley,California,-119.4504029,36.5963395,Yes,1,Supernatural,Unknown,,0,False,Evening
Rialto,California,-117.3703235,34.1064001,Yes,1,Supernatural,specter,,1,False,Evening
Rialto,California,-117.3703235,34.1064001,No,3+,Unknown,Unknown,,0,False,Dusk
Richmond,California,-122.3477486,37.9357576,No,2+,Supernatural,ghost presence,,2,False,Evening
Ridgecrest,California,-117.6708966,35.6224561,No,3,Murder,ghost,,1,False,Dusk
Riverside,California,-117.3961564,33.9533487,No,3,Suicide,figure,ghostly figure,1,False,Dusk
Riverside,California,-117.3961564,33.9533487,No,1+,Supernatural,spirit,,1,False,Unknown
Riverside,California,-117.3961564,33.9533487,Yes,3+,Murder,spirit presence,"cold presence, random presence",2,False,Dusk
Riverside,California,-117.3961564,33.9533487,No,6,Natural Disaster,spirit,unseen spirit,1,False,Dusk
Riverside,California,-117.3961564,33.9533487,No,1,Supernatural,Unknown,,0,False,Evening
Riverside,California,-117.3961564,33.9533487,Yes,1,Supernatural,Unknown,,0,False,Morning
Riverside,California,-117.3961564,33.9533487,No,0,Unknown,Unknown,,0,False,Dusk
Riverside,California,-117.3961564,33.9533487,No,1,Supernatural,apparition presence,,2,False,Evening
Riverside,California,-117.3961564,33.9533487,No,2+,Unknown,Unknown,,0,False,Dusk
Riverside,California,-117.3961564,33.9533487,No,1,Unknown,Unknown,,0,False,Evening
Riverside,California,-117.3961564,33.9533487,No,1,Supernatural,presence,,1,False,Unknown
Riverside,California,-117.3961564,33.9533487,No,0,Supernatural,Unknown,,0,False,Dusk
Riverside,California,-117.3961564,33.9533487,No,1,Supernatural,apparition,,1,False,Dusk
Riverside,California,-117.3961564,33.9533487,No,0,Supernatural,Unknown,,0,False,Dusk
Riverside,California,-117.3961564,33.9533487,No,0,Supernatural,presence,,1,False,Evening
Riverside,California,-117.3961564,33.9533487,No,1,Supernatural,presence,,1,False,Dusk
Riverside,California,-117.3961564,33.9533487,No,1+,Supernatural,Unknown,,0,False,Dusk
Riverside,California,-117.3961564,33.9533487,No,0,Supernatural,spirit,,1,False,Evening
Riverside,California,-117.3961564,33.9533487,No,0,Unknown,Unknown,,0,False,Evening
Riverside,California,-117.3961564,33.9533487,Yes,1,Supernatural,Unknown,,0,False,Unknown
Riverside,California,-117.3961564,33.9533487,No,1,Unknown,Unknown,,0,False,Dusk
Riverside,California,-117.3961564,33.9533487,No,0,Death,Unknown,,0,False,Evening
Riverside,California,-117.3961564,33.9533487,No,1,Unknown,Unknown,,0,False,Unknown
Riverside,California,-117.3961564,33.9533487,No,2+,Suicide,presence,,1,False,Unknown
Riverside,California,-117.3961564,33.9533487,No,3+,Supernatural,ghost,female ghost,1,False,Morning
Riverside,California,-117.3961564,33.9533487,Yes,2+,Murder,Unknown,,0,False,Dusk
Rocklin,California,-121.2357828,38.7907339,No,0,Supernatural,ghost,,1,False,Dusk
Rocklin,California,-121.2357828,38.7907339,No,3,Supernatural,ghost,,1,False,Dusk
Rohnert Park,California,-122.7010984,38.3396367,No,0,Unknown,Unknown,,0,False,Dusk
Rosemead,California,-118.072846,34.0805651,Yes,2+,Murder,Unknown,,0,False,Evening
Rosemead,California,-118.072846,34.0805651,No,5+,Supernatural,Unknown,,0,False,Unknown
Rosemead,California,-118.072846,34.0805651,No,2+,Murder,figure,shadowy figure,1,False,Unknown
Roseville,California,-121.2880059,38.7521235,No,0,Supernatural,ghost,,1,False,Evening
Rowland Heights,California,-117.9053395,33.9761238,No,1+,Unknown,Unknown,,0,False,Evening
Rubidoux,California,-117.4262714,33.9958669,No,3,Supernatural,figure,,1,False,Unknown
Sacremento,California,-121.4943996,38.5815719,No,0,Supernatural,apparition,,1,False,Dusk
Sacramento,California,-121.4943996,38.5815719,No,1,Supernatural,apparition presence,,2,False,Dusk
Sacramento,California,-121.4943996,38.5815719,Yes,2,Supernatural,ghost,,1,False,Evening
Sacramento,California,-121.4943996,38.5815719,Yes,0,Murder,spirit,,1,False,Dusk
Sacramento,California,-121.4943996,38.5815719,Yes,0,Supernatural,Unknown,,0,False,Dusk
Sacramento,California,-121.4943996,38.5815719,No,1,Unknown,Unknown,,0,False,Evening
Sacramento,California,-121.4943996,38.5815719,Yes,0,Supernatural,shadow,,1,False,Dusk
Sacramento,California,-121.4943996,38.5815719,Yes,4+,Murder,apparition presence,,2,False,Dusk
Sacramento,California,-121.4943996,38.5815719,No,1,Murder,mist,ectoplasm mist,1,True,Dusk
Sacramento,California,-121.4943996,38.5815719,No,1,Supernatural,ghost,,1,False,Dusk
Sacramento,California,-121.4943996,38.5815719,Yes,1,Supernatural,ghost,,1,False,Unknown
Sacramento,California,-121.4943996,38.5815719,Yes,1,Supernatural,ghost,,1,False,Unknown
Sacramento,California,-121.4943996,38.5815719,No,3+,Supernatural,apparition,,1,False,Unknown
Sacramento,California,-121.4943996,38.5815719,Yes,4,Supernatural,Unknown,,0,False,Dusk
Sacramento,California,-121.4943996,38.5815719,Yes,0,Supernatural,ghost specter,,2,False,Evening
Sacramento,California,-121.4943996,38.5815719,Yes,0,Unknown,Unknown,,0,False,Evening
Sacramento,California,-121.4943996,38.5815719,No,1+,Supernatural,Unknown,,0,False,Unknown
Salinas,California,-121.6555013,36.6777372,No,1+,Supernatural,Unknown,,0,False,Dusk
Salinas,California,-121.6555013,36.6777372,No,2+,Unknown,Unknown,,0,False,Dusk
Salinas,California,-121.6555013,36.6777372,Yes,3+,Supernatural,Unknown,,0,False,Unknown
San Bernardino,California,-117.2897652,34.1083449,No,2,Murder,poltergeist,,1,False,Dusk
San Bernardino,California,-117.2897652,34.1083449,No,1,Supernatural,apparition,,1,False,Dusk
San Bernardino,California,-117.2897652,34.1083449,No,5+,Supernatural,ghost,,1,False,Evening
San Bernardino,California,-117.2897652,34.1083449,No,1,Supernatural,presence,,1,False,Dusk
San Bernardino,California,-117.2897652,34.1083449,No,1,Unknown,Unknown,,0,False,Dusk
San Bernardino,California,-117.2897652,34.1083449,No,1,Supernatural,Unknown,,0,False,Morning
San Bernardino,California,-117.2897652,34.1083449,No,0,Unknown,Unknown,,0,False,Dusk
San Bernardino,California,-117.2897652,34.1083449,No,3+,Supernatural,figure,,1,False,Dusk
San Bruno,California,-122.4110835,37.6304904,No,2+,Supernatural,shadow,,1,False,Evening
San Clemente,California,-117.6126004,33.4273521,Yes,0,Murder,Unknown,,0,False,Dusk
San Clemente,California,-117.6126004,33.4273521,No,1,Unknown,Unknown,,0,False,Morning
San Clemente,California,-117.6126004,33.4273521,No,1,Murder,ghost,general ghost,1,False,Morning
San Diego,California,-117.1610838,32.715738,No,1,Supernatural,ghost,,1,False,Dusk
San Diego,California,-117.1610838,32.715738,Yes,1,Supernatural,Unknown,,0,False,Dusk
San Diego,California,-117.1610838,32.715738,Yes,3,Unknown,Unknown,,0,False,Evening
San Diego,California,-117.1610838,32.715738,Yes,1,Supernatural,Unknown,,0,False,Dusk
San Diego,California,-117.1610838,32.715738,Yes,0,Supernatural,apparition,,1,False,Unknown
San Diego,California,-117.1610838,32.715738,No,3,Supernatural,ghost,,1,False,Dusk
San Diego,California,-117.1610838,32.715738,No,0,Supernatural,ghost,,1,False,Dusk
San Diego,California,-117.1610838,32.715738,No,0,Unknown,Unknown,,0,False,Dusk
San Diego,California,-117.1610838,32.715738,No,0,Supernatural,Unknown,,0,False,Dusk
San Diego,California,-117.1610838,32.715738,No,1,Suicide,Unknown,,0,False,Dusk
San Diego,California,-117.1610838,32.715738,Yes,2,Natural Disaster,ghost apparition orb presence,"eerie presence, second presence, unknown presence, large orb, right orb",4,True,Morning
San Diego,California,-117.1610838,32.715738,No,5+,Death,Unknown,,0,False,Evening
San Diego,California,-117.1610838,32.715738,Yes,1,Supernatural,Unknown,,0,False,Dusk
San Diego,California,-117.1610838,32.715738,Yes,2+,Supernatural,Unknown,,0,False,Evening
San Diego,California,-117.1610838,32.715738,Yes,1+,Supernatural,Unknown,,0,False,Dusk
San Diego,California,-117.1610838,32.715738,No,0,Supernatural,Unknown,,0,False,Evening
San Diego,California,-117.1610838,32.715738,Yes,2+,Supernatural,Unknown,,0,False,Unknown
San Diego,California,-117.1610838,32.715738,No,1+,Supernatural,ghost spirit,,2,False,Evening
San Diego,California,-117.1610838,32.715738,No,1,Murder,Unknown,,0,False,Dusk
San Diego,California,-117.1610838,32.715738,No,1,Supernatural,Unknown,,0,False,Dusk
San Diego,California,-117.1610838,32.715738,No,2+,Unknown,Unknown,,0,False,Dusk
San Diego,California,-117.1610838,32.715738,No,0,Supernatural,apparition orb,,2,True,Unknown
San Diego,California,-117.1610838,32.715738,Yes,0,Supernatural,ghost,,1,False,Dusk
San Diego,California,-117.1610838,32.715738,No,2,Supernatural,presence,,1,False,Morning
San Diego,California,-117.1610838,32.715738,Yes,0,Supernatural,Unknown,,0,False,Dusk
San Diego,California,-117.1610838,32.715738,No,1,Supernatural,spirit,,1,False,Dusk
San Diego,California,-117.1610838,32.715738,No,1+,Murder,presence,Strong presence,1,False,Evening
San Dimas,California,-117.8067257,34.1066756,No,3+,Suicide,presence,,1,False,Evening
San Dimas,California,-117.8067257,34.1066756,Yes,4+,Supernatural,spirit,,1,False,Evening
San Dimas,California,-117.8067257,34.1066756,No,2+,Unknown,Unknown,,0,False,Unknown
San Dimas,California,-117.8067257,34.1066756,Yes,0,Supernatural,Unknown,,0,False,Dusk
San Francisco,California,-122.4194155,37.7749295,Yes,1,Murder,Unknown,,0,False,Evening
San Francisco,California,-122.4194155,37.7749295,Yes,3+,Supernatural,Unknown,,0,False,Unknown
San Francisco,California,-122.4194155,37.7749295,No,0,Unknown,Unknown,,0,False,Dusk
San Francisco,California,-122.4194155,37.7749295,Yes,2+,Unknown,Unknown,,0,False,Evening
San Francisco,California,-122.4194155,37.7749295,No,0,Murder,spirit figure,,2,True,Unknown
San Francisco,California,-122.4194155,37.7749295,No,3,Supernatural,Unknown,,0,False,Dusk
San Francisco,California,-122.4194155,37.7749295,Yes,2+,Murder,ghost spirit,,2,False,Evening
San Francisco,California,-122.4194155,37.7749295,Yes,0,Murder,Unknown,,0,False,Dusk
San Francisco,California,-122.4194155,37.7749295,No,0,Death,ghost,,1,False,Dusk
San Francisco,California,-122.4194155,37.7749295,No,0,Supernatural,ghost,,1,False,Evening
San Francisco,California,-122.4194155,37.7749295,Yes,3+,Death,Unknown,,0,False,Evening
San Francisco,California,-122.4194155,37.7749295,Yes,0,Supernatural,ghost,,1,False,Evening
San Francisco,California,-122.4194155,37.7749295,Yes,0,Supernatural,Unknown,,0,False,Evening
San Francisco,California,-122.4194155,37.7749295,No,1,Death,Unknown,,0,False,Dusk
San Francisco,California,-122.4194155,37.7749295,No,0,Unknown,Unknown,,0,False,Evening
San Francisco,California,-122.4194155,37.7749295,Yes,3,Murder,figure,,1,False,Unknown
San Francisco,California,-122.4194155,37.7749295,No,3+,Supernatural,ghost spirit,,2,False,Dusk
San Francisco,California,-122.4194155,37.7749295,No,0,Supernatural,spirit,,1,False,Evening
San Francisco,California,-122.4194155,37.7749295,No,1,Unknown,Unknown,,0,False,Dusk
San Francisco,California,-122.4194155,37.7749295,No,3,Supernatural,spirit figure presence,young spirit,3,False,Unknown
San Francisco,California,-122.4194155,37.7749295,No,0,Supernatural,spirit,,1,False,Evening
San Francisco,California,-122.4194155,37.7749295,Yes,2+,Supernatural,Unknown,,0,False,Dusk
San Francisco,California,-122.4194155,37.7749295,Yes,0,Unknown,Unknown,,0,False,Dusk
San Francisco,California,-122.4194155,37.7749295,No,1,Murder,Unknown,,0,False,Dusk
San Francisco,California,-122.4194155,37.7749295,No,1,Supernatural,apparition shadow figure,"gray figure, directional shadow",3,False,Unknown
San Francisco,California,-122.4194155,37.7749295,No,0,Supernatural,Unknown,,0,False,Dusk
San Francisco,California,-122.4194155,37.7749295,No,2+,Supernatural,figure,,1,False,Evening
San Gabriel,California,-118.1058333,34.09611110000001,Yes,2+,Supernatural,apparition,hazy apparition,1,False,Unknown
San Gabriel,California,-118.1058333,34.09611110000001,Yes,2+,Supernatural,spirit,,1,False,Dusk
San Gabriel,California,-118.1058333,34.09611110000001,No,5,Death,Unknown,,0,True,Dusk
San Gabriel,California,-118.1058333,34.09611110000001,No,0,Suicide,Unknown,,0,False,Dusk
San Gabriel,California,-118.1058333,34.09611110000001,Yes,1,Unknown,Unknown,,0,False,Dusk
San Gabriel,California,-118.1058333,34.09611110000001,No,1,Unknown,Unknown,,0,False,Dusk
San Jacinto,California,-116.958635,33.7839084,Yes,1,Supernatural,shadow,,1,False,Evening
San Jacinto,California,-116.958635,33.7839084,No,0,Supernatural,presence,,1,False,Unknown
San Jose,California,-121.8863286,37.3382082,Yes,3+,Supernatural,figure,shadowy figure,1,False,Evening
San Jose,California,-121.8863286,37.3382082,No,1+,Murder,Unknown,,0,False,Dusk
San Jose,California,-121.8863286,37.3382082,No,0,Unknown,Unknown,,0,False,Evening
San Jose,California,-121.8863286,37.3382082,Yes,3+,Unknown,Unknown,,0,False,Evening
San Jose,California,-121.8863286,37.3382082,No,1,Supernatural,Unknown,,0,False,Dusk
San Jose,California,-121.8863286,37.3382082,Yes,2+,Murder,Unknown,,0,False,Dusk
San Jose,California,-121.8863286,37.3382082,Yes,2+,Unknown,Unknown,,0,False,Dusk
San Jose,California,-121.8863286,37.3382082,No,3,Supernatural,ghost,mysterious ghost,1,False,Dusk
San Jose,California,-121.8863286,37.3382082,Yes,0,Murder,Unknown,,0,False,Dusk
San Jose,California,-121.8863286,37.3382082,No,1+,Suicide,Unknown,,0,False,Evening
San Jose,California,-121.8863286,37.3382082,No,1,Suicide,ghost,,1,False,Dusk
San Jose,California,-121.8863286,37.3382082,No,0,Murder,Unknown,,0,False,Morning
San Jose,California,-121.8863286,37.3382082,No,2,Supernatural,spirit figure presence,,3,False,Unknown
San Jose,California,-121.8863286,37.3382082,No,0,Suicide,ghost,,1,False,Dusk
San Jose,California,-121.8863286,37.3382082,Yes,1+,Supernatural,Unknown,,0,False,Evening
San Jose,California,-121.8863286,37.3382082,No,1,Suicide,Unknown,,0,False,Dusk
San Jose,California,-121.8863286,37.3382082,Yes,1,Supernatural,Unknown,,0,False,Evening
San Jose,California,-121.8863286,37.3382082,No,0,Supernatural,ghost,young ghost,1,False,Morning
San Jose,California,-121.8863286,37.3382082,Yes,0,Murder,Unknown,,0,False,Dusk
San Jose,California,-121.8863286,37.3382082,Yes,0,Murder,spirit apparition,,2,False,Evening
San Juan Capistrano,California,-117.6627655,33.5019027,No,1,Supernatural,Unknown,,0,False,Evening
San Juan Capistrano,California,-117.6627655,33.5019027,No,1,Unknown,Unknown,,0,False,Evening
San Juan Capistrano,California,-117.6627655,33.5019027,Yes,3+,Supernatural,shadow,,1,False,Dusk
San Lorenzo,California,-122.1244088,37.6810422,No,2+,Murder,Unknown,,0,False,Dusk
San Luis Obisbo,California,-120.6596156,35.2827524,No,1+,Supernatural,Unknown,,0,False,Evening
San Luis Obispo,California,-120.6596156,35.2827524,No,2+,Death,ghost figure,human figure,2,False,Evening
Altus,Arkansas,-93.7624172,35.4461965,No,0,Supernatural,Unknown,,0,False,Morning
Arkadelphia,Arkansas,-93.0537839,34.1209292,Yes,2,Supernatural,ghost,,1,False,Evening
Arkadelphia,Arkansas,-93.0537839,34.1209292,No,2+,Supernatural,orb,,1,False,Unknown
Bald Knob,Arkansas,-91.5679114,35.3098066,Yes,1,Supernatural,Unknown,,0,False,Dusk
Batesville,Arkansas,-91.6409721,35.769799,No,4,Murder,Unknown,,0,True,Evening
Batesville,Arkansas,-91.6409721,35.769799,Yes,4+,Supernatural,shadow,,1,False,Dusk
Beebe,Arkansas,-91.8795856,35.0706423,Yes,3,Supernatural,Unknown,,0,False,Unknown
Benton,Arkansas,-92.586828,34.5645371,Yes,0,Unknown,Unknown,,0,False,Unknown
Bentonville,Arkansas,-94.2088172,36.3728538,No,1,Supernatural,apparition poltergeist,,2,False,Dusk
Bentonville,Arkansas,-94.2088172,36.3728538,No,1,Supernatural,Unknown,,0,False,Dusk
Berryville,Arkansas,-93.5679667,36.364792,No,2+,Supernatural,Unknown,,0,False,Unknown
Bigolow,Arkansas,-92.6298847,35.0011986,Yes,1,Unknown,Unknown,,0,False,Dusk
Bono,Arkansas,-90.8026153,35.9086842,No,0,Supernatural,apparition,,1,False,Unknown
Bradley,Arkansas,-93.6548983,33.0981881,Yes,0,Supernatural,Unknown,,0,False,Dusk
Camden,Arkansas,-92.8343294,33.5845581,No,2+,Murder,Unknown,,0,False,Unknown
Camden,Arkansas,-92.8343294,33.5845581,Yes,1,Supernatural,orb,,1,False,Evening
Camden,Arkansas,-92.8343294,33.5845581,No,0,Supernatural,ghost,,1,False,Evening
Cave City,Arkansas,-91.5484709,35.9417397,No,0,Murder,witch,,1,False,Dusk
Charlette,Arkansas,-91.4390149,35.8166368,Yes,3+,Supernatural,apparition,,1,False,Dusk
Clarksville,Arkansas,-93.4665731,35.4714724,No,0,Supernatural,ghost,,1,False,Dusk
Clarendon,Arkansas,-91.313737,34.6931517,Yes,1,Murder,Unknown,,0,False,Dusk
Coal Hill,Arkansas,-93.6729697,35.4373073,Yes,1,Supernatural,Unknown,,0,False,Unknown
Conway,Arkansas,-92.4421011,35.0886963,Yes,1,Supernatural,ghost presence,,2,False,Evening
Conway,Arkansas,-92.4421011,35.0886963,No,0,Supernatural,Unknown,,0,False,Dusk
Conway,Arkansas,-92.4421011,35.0886963,No,3,Supernatural,presence,,1,False,Evening
Cotter,Arkansas,-92.5354402,36.2711798,Yes,0,Supernatural,apparition,,1,False,Unknown
Crossett,Arkansas,-91.9612427,33.1281779,No,1,Supernatural,Unknown,,0,False,Evening
Dardanelle,Arkansas,-93.1579532,35.2231408,Yes,1,Supernatural,shadow,,1,False,Dusk
DeQueen,Arkansas,-94.3413168,34.0378916,Yes,1,Unknown,Unknown,,0,False,Dusk
Dover,Arkansas,-93.1143407,35.4014712,No,0,Supernatural,ghost,,1,False,Dusk
Dyer,Arkansas,-94.1377058,35.492309,No,1,Unknown,Unknown,,0,False,Unknown
Eagle River,Arkansas,-93.940833,36.267778,No,0,Supernatural,Unknown,,0,False,Unknown
Eureka Springs,Arkansas,-93.7379711,36.4011825,No,1,Unknown,Unknown,,0,False,Evening
Eureka Springs,Arkansas,-93.7379711,36.4011825,No,5+,Supernatural,ghost,,1,False,Evening
Evansville,Arkansas,-94.4965417,35.7955749,Yes,1,Unknown,Unknown,,0,False,Dusk
Fairbanks,Arkansas,-92.272098,35.4445233,Yes,1,Supernatural,ghost,active ghost,1,False,Evening
Fort Smith,Arkansas,-94.3985475,35.3859242,Yes,1,Supernatural,Unknown,,0,False,Dusk
Grant County,Arkansas,-92.4208713,34.2628015,No,0,Supernatural,ghost,,1,False,Dusk
Grant County,Arkansas,-92.4208713,34.2628015,No,1,Death,ghost apparition,,2,False,Unknown
Grant County,Arkansas,-92.4208713,34.2628015,Yes,0,Supernatural,ghost,,1,False,Unknown
Gravel Ridge,Arkansas,-92.1907037,34.868423,Yes,0,Death,apparition,,1,False,Evening
Gurdon,Arkansas,-93.1540591,33.9209365,No,1,Unknown,Unknown,,0,False,Evening
Hampton,Arkansas,-92.4698762,33.537892,No,1,Unknown,Unknown,,0,False,Morning
Hickory Valley,Arkansas,-91.5565264,35.8959073,Yes,3+,Supernatural,figure,,1,False,Evening
Horatio,Arkansas,-94.3571494,33.9384482,No,0,Unknown,Unknown,,0,False,Dusk
Hot Springs,Arkansas,-93.0551795,34.5037004,Yes,0,Murder,ghost,,1,False,Dusk
Hot Springs,Arkansas,-93.0551795,34.5037004,Yes,1,Supernatural,Unknown,,0,False,Evening
Hot Springs,Arkansas,-93.0551795,34.5037004,No,2,Unknown,Unknown,,0,False,Dusk
Jacksonville,Arkansas,-92.1101458,34.8662005,Yes,0,Supernatural,Unknown,,0,False,Dusk
Jacksonville,Arkansas,-92.1101458,34.8662005,Yes,0,Supernatural,Unknown,,0,False,Dusk
Jonesboro,Arkansas,-90.704279,35.84229670000001,No,0,Supernatural,ghost,,1,False,Dusk
Jonesboro,Arkansas,-90.704279,35.84229670000001,Yes,3+,Supernatural,apparition poltergeist,,2,False,Evening
Jonesboro,Arkansas,-90.704279,35.84229670000001,Yes,3+,Unknown,Unknown,,0,False,Evening
Jonesboro,Arkansas,-90.704279,35.84229670000001,Yes,3+,Supernatural,ghost spirit,mischievous ghost,2,False,Dusk
Adair Village,Oregon,-123.2178759,44.6706762,Yes,0,Death,Unknown,,0,False,Unknown
Jonesboro,Arkansas,-90.704279,35.84229670000001,Yes,0,Natural Disaster,Unknown,,0,False,Dusk
Jonesboro,Arkansas,-90.704279,35.84229670000001,Yes,6+,Murder,shadow,,1,False,Morning
Judsonia,Arkansas,-91.6398575,35.270085,No,1,Unknown,Unknown,,0,False,Evening
Leola,Arkansas,-92.5909931,34.1695418,Yes,0,Supernatural,orb,,1,False,Unknown
Little Rock,Arkansas,-92.2895948,34.7464809,No,1,Unknown,Unknown,,0,False,Dusk
Little Rock,Arkansas,-92.2895948,34.7464809,No,0,Supernatural,Unknown,,0,False,Evening
Little Rock,Arkansas,-92.2895948,34.7464809,Yes,2+,Supernatural,ghost,,1,False,Dusk
Little Rock,Arkansas,-92.2895948,34.7464809,No,0,Supernatural,ghost,,1,False,Dusk
Little Rock,Arkansas,-92.2895948,34.7464809,Yes,2+,Supernatural,apparition,,1,False,Dusk
Little Rock,Arkansas,-92.2895948,34.7464809,No,1,Supernatural,Unknown,,0,False,Unknown
Little Rock,Arkansas,-92.2895948,34.7464809,Yes,1,Supernatural,Unknown,,0,False,Dusk
Magnet Cove,Arkansas,-92.8701803,34.444489,Yes,1,Supernatural,Unknown,,0,False,Unknown
Magnolia,Arkansas,-93.239334,33.2670725,Yes,4+,Suicide,Unknown,,0,False,Dusk
Magnolia,Arkansas,-93.239334,33.2670725,No,1,Murder,ghost,,1,True,Dusk
McCrory,Arkansas,-91.2001246,35.2561978,No,3,Supernatural,Unknown,,0,False,Evening
McCrory,Arkansas,-91.2001246,35.2561978,Yes,10+,Supernatural,ghost,,1,False,Dusk
Melbourne,Arkansas,-91.9084819,36.0595148,No,1,Supernatural,ghost orb,,2,False,Unknown
Mena,Arkansas,-94.2396554,34.5862171,No,1+,Supernatural,ghost,,1,False,Dusk
Mena/Potter,Arkansas,-94.3077128,34.5526062,Yes,1,Supernatural,Unknown,,0,False,Evening
Monett,Arkansas,-90.3442678,35.8906286,Yes,1,Unknown,Unknown,,0,False,Unknown
Mountain View,Arkansas,-92.11765210000002,35.8684075,Yes,0,Supernatural,Unknown,,0,False,Dusk
Mountain View,Arkansas,-92.11765210000002,35.8684075,Yes,1,Supernatural,Unknown,,0,False,Unknown
North Little Rock,Arkansas,-92.2670941,34.769536,No,0,Supernatural,ghost,,1,False,Dusk
North Little Rock,Arkansas,-92.2670941,34.769536,Yes,0,Unknown,Unknown,,0,False,Dusk
North Little Rock,Arkansas,-92.2670941,34.769536,No,0,Unknown,Unknown,,0,False,Morning
North Little Rock,Arkansas,-92.2670941,34.769536,No,1,Unknown,Unknown,,0,False,Morning
North Little Rock,Arkansas,-92.2670941,34.769536,Yes,2+,Supernatural,shadow,,1,False,Dusk
North Little Rock,Arkansas,-92.2670941,34.769536,No,1,Supernatural,shadow,,1,False,Dusk
North of Cedarville,Arkansas,-94.3668792,35.5698087,Yes,1,Supernatural,Unknown,,0,False,Unknown
Oxford,Arkansas,-91.9293165,36.2211783,Yes,2+,Supernatural,shadow witch,,2,False,Dusk
Ozark,Arkansas,-93.8276965,35.4870295,No,0,Supernatural,Unknown,,0,False,Morning
Albany,Oregon,-123.1059282,44.6365107,No,1,Supernatural,ghost,small ghost,1,False,Dusk
Albany,Oregon,-123.1059282,44.6365107,No,0,Murder,ghost,,1,False,Evening
Ashland,Oregon,-122.7094767,42.1945758,No,3,Murder,ghost mist,blue mist,2,False,Dusk
Athena,Oregon,-118.4905251,45.8117992,Yes,0,Supernatural,figure,whitish figure,1,False,Dusk
Baker City,Oregon,-117.8343848,44.7748748,No,1,Supernatural,Unknown,,0,False,Evening
Bend,Oregon,-121.3153096,44.0581728,No,0,Supernatural,ghost,,1,False,Dusk
Bend,Oregon,-121.3153096,44.0581728,Yes,0,Supernatural,ghost,,1,False,Dusk
Bend,Oregon,-121.3153096,44.0581728,Yes,1,Unknown,Unknown,,0,False,Dusk
Bend,Oregon,-121.3153096,44.0581728,No,0,Supernatural,orb,,1,False,Evening
Beaverton,Oregon,-122.8037102,45.48706199999999,Yes,2+,Supernatural,Unknown,,0,False,Dusk
Beaverton,Oregon,-122.8037102,45.48706199999999,No,3+,Supernatural,Unknown,,0,False,Evening
Beaverton,Oregon,-122.8037102,45.48706199999999,No,1,Supernatural,figure,"shadowy figure, shadowy figure",1,False,Unknown
Bend,Oregon,-121.3153096,44.0581728,Yes,1,Supernatural,Unknown,,0,False,Dusk
Burns,Oregon,-119.0541032,43.5862606,No,20,Supernatural,presence,,1,False,Unknown
Canby,Oregon,-122.6921006,45.2622655,No,2+,Unknown,Unknown,,0,False,Dusk
Cannon Beach,Oregon,-123.9615274,45.8917738,No,2+,Supernatural,ghost presence,,2,False,Dusk
Cannon Beach,Oregon,-123.9615274,45.8917738,No,2+,Murder,ghost phantom,,2,False,Unknown
Cave Junction,Oregon,-123.6481235,42.1628912,No,1,Supernatural,ghost,,1,False,Evening
Central Point,Oregon,-122.9164307,42.3759586,Yes,2,Natural Disaster,Unknown,,0,False,Dusk
Clackamas,Oregon,-122.5703692,45.4076205,Yes,5+,Supernatural,Unknown,,0,False,Dusk
Corvallis,Oregon,-123.2620435,44.5645659,Yes,1,Supernatural,Unknown,,0,False,Dusk
Corvallis,Oregon,-123.2620435,44.5645659,No,1,Supernatural,presence,"cold presence, unknown presence",1,False,Unknown
Corvallis,Oregon,-123.2620435,44.5645659,No,1+,Murder,spirit,angry spirit,1,False,Evening
Cottage Grove,Oregon,-123.0595246,43.797623,No,0,Supernatural,spirit,,1,False,Evening
Cottage Grove,Oregon,-123.0595246,43.797623,Yes,1,Unknown,Unknown,,0,False,Unknown
Culver,Oregon,-121.2130974,44.5256753,No,0,Supernatural,ghost,,1,False,Dusk
Dayton,Oregon,-123.0762134,45.2206728,No,0,Supernatural,spirit,,1,False,Dusk
Paragould,Arkansas,-90.4973286,36.0584021,No,3+,Supernatural,ghost,,1,False,Unknown
Paragould,Arkansas,-90.4973286,36.0584021,No,3+,Murder,specter,,1,False,Dusk
Paragould,Arkansas,-90.4973286,36.0584021,No,2+,Murder,figure,,1,False,Dusk
Pea Ridge,Arkansas,-94.1152041,36.4539625,No,0,Supernatural,Unknown,,0,False,Evening
Piggott,Arkansas,-90.1906542,36.382839,No,2+,Unknown,Unknown,,0,False,Evening
Pine Bluff,Arkansas,-92.0031955,34.2284312,No,0,Murder,apparition,ghostly apparition,1,False,Evening
Prescott,Arkansas,-93.3810057,33.8026107,No,1,Supernatural,presence,negative presence,1,False,Evening
Rector,Arkansas,-90.2926008,36.2631185,No,0,Supernatural,ghost,,1,False,Dusk
Rogers,Arkansas,-94.1185366,36.3320196,Yes,0,Natural Disaster,phantom mist,,2,False,Dusk
Rogers,Arkansas,-94.1185366,36.3320196,Yes,2+,Supernatural,ghost,,1,False,Dusk
Rush,Arkansas,-92.5710601,36.1325645,Yes,1,Supernatural,ghost,,1,False,Dusk
Russellville,Arkansas,-93.1337856,35.2784173,Yes,3+,Suicide,Unknown,,0,False,Dusk
Russellville,Arkansas,-93.1337856,35.2784173,No,0,Murder,Unknown,,0,False,Morning
Russellville,Arkansas,-93.1337856,35.2784173,Yes,1,Supernatural,ghost,,1,False,Evening
Saddle Community,Arkansas,,,No,2+,Supernatural,Unknown,,0,False,Unknown
Sardis,Arkansas,-92.407933,34.5317605,No,2+,Supernatural,Unknown,,0,False,Unknown
Scott,Arkansas,-92.0962552,34.6964808,Yes,0,Supernatural,Unknown,,0,False,Evening
Scott,Arkansas,-92.0962552,34.6964808,Yes,0,Supernatural,apparition,,1,False,Dusk
Searcy,Arkansas,-91.7336846,35.2468204,Yes,2+,Supernatural,ghost,,1,True,Dusk
Sebastian,Arkansas,-94.315422,35.2260397,Yes,0,Murder,figure,,1,False,Dusk
Sheridan,Arkansas,-92.4012654,34.3070406,Yes,0,Supernatural,apparition,,1,False,Dusk
Springfield,Arkansas,-92.5576595,35.2675809,Yes,0,Supernatural,Unknown,,0,False,Dusk
Tazlina,Arkansas,,,No,3,Supernatural,ghost spirit,,2,False,Unknown
Tuckerman,Arkansas,-91.1984601,35.7306327,No,1,Murder,ghost,,1,False,Dusk
Tuckerman,Arkansas,-91.1984601,35.7306327,Yes,0,Unknown,Unknown,,0,False,Unknown
Tyronza,Arkansas,-90.358711,35.49008269999999,Yes,0,Supernatural,Unknown,,0,False,Dusk
Van Buren,Arkansas,-94.348268,35.436756,No,2+,Unknown,Unknown,,0,False,Dusk
Vilonia,Arkansas,-92.2079277,35.083975,No,1,Supernatural,orb,,1,False,Evening
Damascus,Oregon,-122.4589783,45.4176209,No,1+,Supernatural,ghost shadow,eerie ghost,2,True,Dusk
Elgin,Oregon,-117.917434,45.5648612,Yes,3+,Murder,Unknown,,0,False,Evening
Elgin,Oregon,-117.917434,45.5648612,No,2,Supernatural,ghost,,1,False,Dusk
Enterprise,Oregon,-117.2787816,45.4262617,Yes,1,Unknown,Unknown,,0,False,Evening
Eugene,Oregon,-123.0867536,44.0520691,Yes,5+,Supernatural,ghost,,1,False,Evening
Eugene,Oregon,-123.0867536,44.0520691,No,1,Supernatural,presence,weird presence,1,False,Unknown
Eugene,Oregon,-123.0867536,44.0520691,Yes,3,Supernatural,presence,ominous presence,1,False,Unknown
Eugene,Oregon,-123.0867536,44.0520691,Yes,1,Supernatural,Unknown,,0,False,Evening
Eugene,Oregon,-123.0867536,44.0520691,No,0,Supernatural,Unknown,,0,False,Dusk
Eugene,Oregon,-123.0867536,44.0520691,Yes,0,Supernatural,spirit,,1,False,Dusk
Eugene,Oregon,-123.0867536,44.0520691,No,1,Supernatural,Unknown,,0,False,Evening
Eugene,Oregon,-123.0867536,44.0520691,No,1,Unknown,Unknown,,0,False,Evening
Eugene,Oregon,-123.0867536,44.0520691,No,1+,Murder,ghost,,1,False,Dusk
Florence,Oregon,-124.099841,43.9826214,No,1,Supernatural,Unknown,,0,False,Dusk
Florence,Oregon,-124.099841,43.9826214,No,0,Supernatural,Unknown,,0,False,Dusk
Forest Grove,Oregon,-123.1106631,45.5198364,No,0,Supernatural,ghost,dangerous ghost,1,False,Evening
Forest Grove,Oregon,-123.1106631,45.5198364,No,2+,Supernatural,apparition,,1,False,Dusk
Forest Grove,Oregon,-123.1106631,45.5198364,No,100+,Supernatural,spirit,,1,False,Evening
Forest Grove,Oregon,-123.1106631,45.5198364,Yes,2,Supernatural,ghost,"second ghost, third ghost, angry ghost",1,False,Evening
Gales Creek,Oregon,-123.2148333,45.5865011,Yes,1,Supernatural,apparition,,1,False,Morning
Gates,Oregon,-122.4167483,44.7562329,No,1+,Murder,spirit figure,ghostly figure,2,False,Unknown
Gold Hill,Oregon,-123.0506035,42.4317894,No,3,Supernatural,Unknown,,0,False,Dusk
Gold Hill,Oregon,-123.0506035,42.4317894,No,0,Natural Disaster,ghost,,1,False,Dusk
Gervais,Oregon,-122.8975952,45.1081752,Yes,2+,Murder,Unknown,,0,False,Evening
Helix,Oregon,-118.6582318,45.8506443,No,2,Supernatural,Unknown,,0,False,Dusk
Hermiston,Oregon,-119.2894604,45.8404101,Yes,1,Supernatural,ghost,"few ghost, different ghost",1,True,Evening
Hermiston,Oregon,-119.2894604,45.8404101,No,0,Unknown,Unknown,,0,False,Evening
Idanha,Oregon,-122.0786856,44.7026218,No,4,Supernatural,spirit,,1,False,Dusk
Jacksonville,Oregon,-122.9669865,42.31345839999999,No,0,Supernatural,ghost,,1,False,Dusk
Jacksonville,Oregon,-122.9669865,42.31345839999999,No,1+,Unknown,Unknown,,0,False,Evening
Jacksonville,Oregon,-122.9669865,42.31345839999999,Yes,1,Supernatural,presence,insane presence,1,False,Unknown
Keizer,Oregon,-123.0262077,44.9901194,No,2+,Supernatural,Unknown,,0,False,Dusk
Vilonia,Arkansas,-92.2079277,35.083975,Yes,1,Supernatural,ghost,,1,False,Unknown
Ward,Arkansas,-91.950421,35.0303648,No,0,Unknown,Unknown,,0,False,Evening
Warren,Arkansas,-92.064583,33.6126086,No,0,Supernatural,ghost,,1,False,Evening
Washington,Arkansas,-93.6826796,33.774005,No,0,Supernatural,ghost phantom,,2,False,Dusk
Woodson,Arkansas,-92.2109816,34.5292609,No,3+,Murder,Unknown,,0,False,Dusk
Woodson,Arkansas,-92.2109816,34.5292609,No,1,Supernatural,Unknown,,0,False,Unknown
Klamath Falls,Oregon,-121.7816704,42.224867,No,2+,Supernatural,apparition,,1,False,Dusk
Klamath Falls,Oregon,-121.7816704,42.224867,No,0,Supernatural,Unknown,,0,False,Evening
Klamath Falls,Oregon,-121.7816704,42.224867,Yes,3,Supernatural,ghost spirit,,2,False,Evening
Klamath Falls,Oregon,-121.7816704,42.224867,Yes,0,Murder,Unknown,,0,False,Unknown
Klamath Falls,Oregon,-121.7816704,42.224867,Yes,5+,Supernatural,apparition,,1,False,Dusk
La Grande,Oregon,-118.0877188,45.3245771,No,2+,Murder,Unknown,,0,False,Dusk
La Grande,Oregon,-118.0877188,45.3245771,Yes,5+,Suicide,ghost figure,,2,False,Dusk
Lafayette,Oregon,-123.1148259,45.2442834,No,10+,Supernatural,witch,,1,False,Dusk
Mary Hurst,Oregon,-122.6543286,45.3891078,Yes,4,Supernatural,Unknown,,0,False,Dusk
McMinnville,Oregon,-123.1987163,45.21011619999999,No,0,Unknown,Unknown,,0,False,Dusk
McMinnville,Oregon,-123.1987163,45.21011619999999,No,1,Unknown,Unknown,,0,False,Dusk
Medford,Oregon,-122.8755949,42.3265152,Yes,1+,Supernatural,Unknown,,0,False,Dusk
Molalla,Oregon,-122.5770322,45.1473445,Yes,0,Supernatural,Unknown,,0,False,Unknown
Monmouth,Oregon,-123.2339888,44.8484524,No,1,Supernatural,Unknown,,0,True,Dusk
Mount Angel,Oregon,-122.8000917,45.0678986,Yes,2+,Unknown,Unknown,,0,False,Unknown
Mount Hood National Forest,Oregon,-121.7094038,45.332175,Yes,3,Supernatural,Unknown,,0,False,Dusk
Myrtle Point,Oregon,-124.138992,43.064832,No,3+,Supernatural,ghost,,1,False,Evening
Newberg,Oregon,-122.9731565,45.3001178,No,2+,Supernatural,apparition,,1,False,Dusk
Newport,Oregon,-124.0534505,44.6367836,No,1,Supernatural,ghost,,1,False,Dusk
North Bend,Oregon,-124.2242803,43.4065012,Yes,2+,Supernatural,Unknown,,0,False,Unknown
Nyssa,Oregon,-116.9948804,43.8768289,Yes,5+,Supernatural,figure entity,,2,True,Dusk
Ontario,Oregon,-116.9629378,44.0265525,No,2+,Death,witch,,1,False,Evening
Oregon city,Oregon,-122.6067584,45.3573429,No,0,Supernatural,Unknown,,0,False,Evening
Pendleton,Oregon,-118.7885967,45.672075,Yes,2+,Unknown,Unknown,,0,False,Unknown
Pendleton,Oregon,-118.7885967,45.672075,No,1,Supernatural,Unknown,,0,False,Dusk
Pendleton,Oregon,-118.7885967,45.672075,No,1+,Supernatural,ghost,,1,False,Morning
Pendleton,Oregon,-118.7885967,45.672075,No,0,Murder,Unknown,,0,False,Dusk
Pendleton,Oregon,-118.7885967,45.672075,Yes,1,Supernatural,ghost,former Ghost,1,False,Dusk
Pendleton,Oregon,-118.7885967,45.672075,No,1,Unknown,Unknown,,0,False,Unknown
Pendleton,Oregon,-118.7885967,45.672075,No,4+,Unknown,Unknown,,0,False,Unknown
Portland,Oregon,-122.6764815,45.5230622,Yes,0,Murder,Unknown,,0,False,Dusk
Portland,Oregon,-122.6764815,45.5230622,No,1,Supernatural,entity,unknown entity,1,False,Unknown
Portland,Oregon,-122.6764815,45.5230622,No,0,Supernatural,ghost,,1,False,Evening
Portland,Oregon,-122.6764815,45.5230622,No,0,Supernatural,ghost,,1,False,Evening
Portland,Oregon,-122.6764815,45.5230622,Yes,3+,Supernatural,entity,unknown entity,1,False,Unknown
Portland,Oregon,-122.6764815,45.5230622,No,2+,Supernatural,apparition presence,threatening presence,2,False,Evening
Portland,Oregon,-122.6764815,45.5230622,No,4,Supernatural,spirit,,1,False,Dusk
Portland,Oregon,-122.6764815,45.5230622,Yes,0,Murder,Unknown,,0,False,Evening
Portland,Oregon,-122.6764815,45.5230622,Yes,2+,Unknown,Unknown,,0,False,Evening
Portland,Oregon,-122.6764815,45.5230622,No,1,Supernatural,Unknown,,0,False,Unknown
Portland,Oregon,-122.6764815,45.5230622,No,1,Murder,Unknown,,0,False,Unknown
Portland,Oregon,-122.6764815,45.5230622,Yes,11+,Supernatural,apparition,,1,False,Unknown
Portland,Oregon,-122.6764815,45.5230622,Yes,1,Supernatural,Unknown,,0,False,Evening
Portland,Oregon,-122.6764815,45.5230622,No,0,Supernatural,apparition,ghostly apparition,1,False,Evening
Portland,Oregon,-122.6764815,45.5230622,No,2+,Supernatural,Unknown,,0,False,Evening
Portland,Oregon,-122.6764815,45.5230622,No,3+,Supernatural,spirit,,1,False,Dusk
Portland,Oregon,-122.6764815,45.5230622,No,0,Murder,ghost,,1,False,Dusk
Portland,Oregon,-122.6764815,45.5230622,No,1,Supernatural,spirit apparition,,2,False,Dusk
Portland,Oregon,-122.6764815,45.5230622,No,1,Supernatural,Unknown,,0,False,Morning
In California Page 1,California,-122.4207543,37.7741344,No,1,Unknown,Unknown,,0,False,Evening
Portland,Oregon,-122.6764815,45.5230622,No,1,Unknown,Unknown,,0,False,Morning
Portland,Oregon,-122.6764815,45.5230622,No,1+,Supernatural,ghost,,1,False,Evening
Portland,Oregon,-122.6764815,45.5230622,No,1,Supernatural,Unknown,,0,False,Dusk
Portland,Oregon,-122.6764815,45.5230622,No,1,Suicide,spirit,,1,False,Dusk
Portland,Oregon,-122.6764815,45.5230622,No,2,Supernatural,phantom,,1,False,Dusk
Redmond,Oregon,-121.1739212,44.2726203,Yes,4+,Supernatural,apparition orb presence,strange presence,3,True,Dusk
Roseburg,Oregon,-123.3417381,43.216505,Yes,5+,Supernatural,Unknown,,0,False,Unknown
Salem,Oregon,-123.0350963,44.9428975,No,0,Unknown,Unknown,,0,False,Morning
Salem,Oregon,-123.0350963,44.9428975,No,2,Supernatural,ghost,,1,False,Evening
Salem,Oregon,-123.0350963,44.9428975,No,0,Natural Disaster,Unknown,,0,False,Unknown
Salem,Oregon,-123.0350963,44.9428975,No,2+,Murder,Unknown,,0,False,Evening
Salem,Oregon,-123.0350963,44.9428975,No,0,Supernatural,Unknown,,0,True,Evening
Salem,Oregon,-123.0350963,44.9428975,No,0,Supernatural,entity,evil entity,1,False,Evening
Salem,Oregon,-123.0350963,44.9428975,No,0,Murder,Unknown,,0,False,Dusk
Salem,Oregon,-123.0350963,44.9428975,No,3+,Murder,Unknown,,0,False,Dusk
Salem,Oregon,-123.0350963,44.9428975,No,2+,Murder,ghost,,1,False,Dusk
Salem,Oregon,-123.0350963,44.9428975,No,1,Supernatural,Unknown,,0,False,Dusk
Salem,Oregon,-123.0350963,44.9428975,No,1,Supernatural,ghost,,1,False,Evening
Salem,Oregon,-123.0350963,44.9428975,No,1,Supernatural,Unknown,,0,False,Evening
Salem,Oregon,-123.0350963,44.9428975,No,3+,Murder,Unknown,,0,False,Dusk
Salem,Oregon,-123.0350963,44.9428975,Yes,1,Supernatural,apparition,,1,False,Dusk
Salem,Oregon,-123.0350963,44.9428975,No,3+,Murder,ghost figure,black figure,2,False,Unknown
Salem,Oregon,-123.0350963,44.9428975,No,1,Supernatural,spirit figure,,2,False,Dusk
Salem,Oregon,-123.0350963,44.9428975,Yes,2+,Murder,spirit,,1,False,Dusk
Salem,Oregon,-123.0350963,44.9428975,No,0,Supernatural,ghost,,1,False,Morning
Salem,Oregon,-123.0350963,44.9428975,No,0,Unknown,Unknown,,0,False,Dusk
Sheridan,Oregon,-123.3948291,45.0992814,Yes,1,Supernatural,spirit shadow witch,old witch,3,False,Evening
Sheridan,Oregon,-123.3948291,45.0992814,No,0,Unknown,Unknown,,0,False,Dusk
Sherwood,Oregon,-122.840098,45.3565074,No,0,Supernatural,Unknown,,0,False,Evening
St. Helens,Oregon,-122.8158185,45.8590111,No,2,Supernatural,ghost,,1,False,Evening
Adelaida,California,-120.874138,35.645397,No,3,Supernatural,ghost spirit apparition orb,large orb,4,True,Evening
Agoura,California,-118.7616764,34.1533395,No,0,Murder,Unknown,,0,False,Dusk
Alameda,California,-122.2416355,37.7652065,Yes,1,Murder,orb figure,,2,True,Evening
Alameda,California,-122.2416355,37.7652065,No,2,Supernatural,ghost,female ghost,1,False,Evening
Alameda,California,-122.2416355,37.7652065,No,2+,Death,ghost,,1,False,Dusk
Alameda,California,-122.2416355,37.7652065,Yes,2+,Supernatural,ghost,,1,False,Unknown
Alhambra,California,-118.1270146,34.095287,Yes,1+,Suicide,Unknown,,0,False,Evening
Alhambra,California,-118.1270146,34.095287,No,1,Supernatural,ghost,female ghost,1,False,Evening
Alhambra,California,-118.1270146,34.095287,Yes,5+,Unknown,Unknown,,0,False,Dusk
Alhambra,California,-118.1270146,34.095287,Yes,7,Supernatural,ghost,,1,False,Unknown
Alhambra,California,-118.1270146,34.095287,Yes,3,Supernatural,Unknown,,0,False,Dusk
Alhambra,California,-118.1270146,34.095287,Yes,2+,Supernatural,Unknown,,0,False,Dusk
Altadena,California,-118.1313188,34.190162,No,2+,Supernatural,Unknown,,0,False,Dusk
Altadena,California,-118.1313188,34.190162,No,1,Suicide,Unknown,,0,False,Dusk
Altadena,California,-118.1313188,34.190162,Yes,2+,Natural Disaster,Unknown,,0,False,Evening
Amboy,California,-115.7444411,34.5577721,No,2,Supernatural,ghost,,1,False,Evening
Anaheim,California,-117.9143012,33.8365932,No,0,Supernatural,Unknown,,0,False,Dusk
Anaheim,California,-117.9143012,33.8365932,Yes,1,Unknown,Unknown,,0,False,Evening
Anaheim,California,-117.9143012,33.8365932,Yes,0,Supernatural,Unknown,,0,False,Dusk
Anaheim,California,-117.9143012,33.8365932,Yes,0,Murder,Unknown,,0,False,Unknown
Anaheim,California,-117.9143012,33.8365932,No,1,Unknown,Unknown,,0,False,Dusk
Anaheim,California,-117.9143012,33.8365932,No,2+,Unknown,Unknown,,0,False,Evening
Anaheim,California,-117.9143012,33.8365932,No,3+,Supernatural,presence,strange presence,1,False,Dusk
Anaheim Hills,California,-117.7490656,33.8508021,No,0,Murder,Unknown,,0,False,Dusk
Antelope Acres,California,-118.28861,34.75444,No,0,Supernatural,Unknown,,0,False,Dusk
Anderson,California,-122.2977815,40.448208,Yes,0,Murder,Unknown,,0,False,Evening
Antioch,California,-121.805789,38.0049214,No,0,Supernatural,witch,,1,False,Morning
Antioch,California,-121.805789,38.0049214,No,1,Supernatural,witch,,1,False,Dusk
Antioch,California,-121.805789,38.0049214,No,0,Murder,ghost spirit witch,,3,False,Dusk
Antioch,California,-121.805789,38.0049214,No,0,Unknown,Unknown,,0,False,Evening
Antioch,California,-121.805789,38.0049214,Yes,0,Murder,spirit,,1,False,Dusk
Antioch,California,-121.805789,38.0049214,Yes,0,Supernatural,Unknown,,0,False,Dusk
St. Helens,Oregon,-122.8158185,45.8590111,No,1,Supernatural,spirit,,1,False,Dusk
St. Helens,Oregon,-122.8158185,45.8590111,Yes,1,Supernatural,Unknown,,0,False,Unknown
Tigard,Oregon,-122.7714861,45.4312294,Yes,3+,Supernatural,apparition presence,large presence,2,False,Dusk
Tigard,Oregon,-122.7714861,45.4312294,Yes,1,Supernatural,Unknown,,0,False,Unknown
Tigard,Oregon,-122.7714861,45.4312294,No,0,Supernatural,ghost,,1,False,Dusk
Tigard,Oregon,-122.7714861,45.4312294,No,0,Supernatural,ghost presence,ominous presence,2,False,Evening
Troutdale,Oregon,-122.3873133,45.5392862,No,1+,Supernatural,Unknown,,0,False,Dusk
Troutdale,Oregon,-122.3873133,45.5392862,No,2+,Death,Unknown,,0,False,Dusk
Umatilla,Oregon,-119.3425179,45.9173549,No,0,Supernatural,ghost,,1,False,Evening
Union,Oregon,-117.8652126,45.2084696,Yes,1,Supernatural,presence,,1,False,Dusk
Vale,Oregon,-117.2382311,43.9821055,Yes,1,Unknown,mist,green mist,1,False,Evening
Veneta,Oregon,-123.3509294,44.0487342,No,0,Murder,ghost,,1,False,Dusk
Warrenton,Oregon,-123.9237557,46.1651049,Yes,0,Supernatural,figure,menacing figure,1,False,Evening
Wilsonville,Oregon,-122.7737062,45.2998418,No,2+,Unknown,Unknown,,0,False,Evening
Wolf Creek,Oregon,-123.3953424,42.6953954,No,6,Supernatural,apparition vampire,,2,False,Dusk
Woodburn,Oregon,-122.8553724,45.143731,No,1,Supernatural,figure presence,"strange presence, white figure, shadowy figure",2,False,Unknown
Antioch,California,-121.805789,38.0049214,Yes,1,Supernatural,figure,,1,False,Dusk
Antioch,California,-121.805789,38.0049214,Yes,0,Supernatural,Unknown,,0,False,Evening
Antioch,California,-121.805789,38.0049214,Yes,1,Supernatural,Unknown,,0,False,Unknown
Apple Valley,California,-117.1858759,34.5008311,No,2,Suicide,ghost,,1,False,Dusk
Apple Valley,California,-117.1858759,34.5008311,No,1,Supernatural,Unknown,,0,False,Dusk
Arcadia,California,-118.0353449,34.1397292,No,0,Unknown,Unknown,,0,False,Unknown
Arcadia,California,-118.0353449,34.1397292,No,1,Supernatural,ghost,,1,False,Evening
Arcadia,California,-118.0353449,34.1397292,Yes,2+,Supernatural,ghost,,1,False,Evening
Arcadia,California,-118.0353449,34.1397292,No,0,Supernatural,Unknown,,0,False,Evening
Arcadia,California,-118.0353449,34.1397292,Yes,1,Death,presence,,1,False,Dusk
Arcadia,California,-118.0353449,34.1397292,Yes,3+,Supernatural,figure,,1,False,Dusk
Arcadia,California,-118.0353449,34.1397292,No,3,Supernatural,Unknown,,0,False,Evening
Arcadia,California,-118.0353449,34.1397292,No,2+,Supernatural,Unknown,,0,False,Unknown
Arcata,California,-124.0828396,40.8665166,No,3+,Murder,ghost,,1,False,Dusk
Armagosa,California,-117.6917245,33.53825339999999,No,2+,Supernatural,ghost orb,,2,True,Evening
Arroyo Garnde,California,-120.5907252,35.1185868,Yes,2,Supernatural,ghost,,1,False,Evening
Arroyo Grande,California,-120.5907252,35.1185868,No,1,Supernatural,Unknown,,0,False,Unknown
Artesia,California,-118.0831212,33.8658484,No,0,Supernatural,Unknown,,0,False,Dusk
Atwater,California,-120.609084,37.3477174,No,1,Supernatural,Unknown,,0,False,Evening
Azusa,California,-117.9075627,34.1336186,No,1,Supernatural,Unknown,,0,False,Evening
Baja,California,-115.2837585,30.8406338,No,0,Unknown,Unknown,,0,False,Dusk
Bakersfield,California,-119.0187125,35.3732921,No,3,Supernatural,ghost,,1,False,Dusk
Bakersfield,California,-119.0187125,35.3732921,No,0,Supernatural,apparition,,1,False,Unknown
Bakersfield,California,-119.0187125,35.3732921,No,0,Supernatural,ghost,,1,False,Dusk
Bakersfield,California,-119.0187125,35.3732921,No,0,Supernatural,Unknown,,0,False,Dusk
Bakersfield,California,-119.0187125,35.3732921,No,1,Murder,ghost,,1,False,Morning
Bakersfield,California,-119.0187125,35.3732921,No,4,Supernatural,apparition,,1,False,Unknown
Bakersfield,California,-119.0187125,35.3732921,Yes,0,Unknown,Unknown,,0,False,Morning
Bakersfield,California,-119.0187125,35.3732921,Yes,2+,Supernatural,Unknown,,0,False,Dusk
Bakersfield,California,-119.0187125,35.3732921,Yes,2,Supernatural,spirit figure,,2,False,Evening
Bakersfield,California,-119.0187125,35.3732921,Yes,2,Supernatural,spirit,,1,False,Unknown
Bakersfield,California,-119.0187125,35.3732921,No,3,Supernatural,apparition shadow,,2,False,Evening
Bakersfield,California,-119.0187125,35.3732921,Yes,1,Unknown,Unknown,,0,False,Unknown
Bakersfield,California,-119.0187125,35.3732921,No,0,Supernatural,Unknown,,0,False,Dusk
Bakersfield,California,-119.0187125,35.3732921,No,2+,Supernatural,Unknown,,0,False,Dusk
Bakersfield,California,-119.0187125,35.3732921,No,1,Supernatural,ghost,,1,True,Dusk
Baldwin Park,California,-117.9608978,34.0852868,Yes,0,Supernatural,ghost,,1,False,Morning
Banning,California,-116.8764103,33.9255713,No,0,Supernatural,apparition,,1,False,Evening
Banta (Tracy),California,-121.379934,37.7252749,No,0,Supernatural,Unknown,,0,False,Dusk
Bay Point,California,-121.9616274,38.0290872,No,2+,Suicide,Unknown,,0,False,Evening
Beaumont,California,-116.977248,33.9294606,No,2,Supernatural,Unknown,,0,False,Unknown
Bell Gardens,California,-118.1514588,33.9652918,No,0,Murder,Unknown,,0,False,Evening
Bell Gardens,California,-118.1514588,33.9652918,No,0,Murder,ghost,,1,False,Morning
Bell Gardens,California,-118.1514588,33.9652918,Yes,3+,Unknown,Unknown,,0,False,Dusk
Bell Gardens,California,-118.1514588,33.9652918,No,0,Unknown,Unknown,,0,False,Dusk
Bellflower,California,-118.1170117,33.8816818,No,3+,Murder,Unknown,,0,False,Dusk
Bellflower,California,-118.1170117,33.8816818,No,0,Suicide,Unknown,,0,False,Dusk
Bellflower,California,-118.1170117,33.8816818,No,0,Unknown,Unknown,,0,False,Unknown
Bellflower,California,-118.1170117,33.8816818,No,0,Supernatural,Unknown,,0,False,Dusk
Belmont,California,-122.2758008,37.5202145,Yes,0,Murder,ghost,,1,False,Unknown
Benicia,California,-122.1585777,38.049365,Yes,1,Natural Disaster,apparition,,1,False,Unknown
Benicia,California,-122.1585777,38.049365,No,3,Unknown,Unknown,,0,False,Dusk
Benicia,California,-122.1585777,38.049365,Yes,3+,Supernatural,apparition,,1,False,Dusk
Berkeley,California,-122.272747,37.8715926,No,0,Supernatural,ghost,,1,False,Evening
Beverly Hills,California,-118.4003563,34.0736204,No,3,Supernatural,ghost,,1,False,Evening
Beverly Hills,California,-118.4003563,34.0736204,Yes,0,Supernatural,Unknown,,0,False,Unknown
Beverly Hills,California,-118.4003563,34.0736204,No,2+,Supernatural,ghost,,1,False,Evening
Bloomington,California,-117.3958797,34.07029,Yes,0,Unknown,Unknown,,0,False,Evening
Bodie,California,-119.01251,38.21277930000001,No,0,Unknown,Unknown,,0,False,Unknown
Bodega Bay,California,-123.0480571,38.33325,No,0,Supernatural,Unknown,,0,False,Unknown
Boulder Creek,California,-122.1221869,37.12605780000001,Yes,0,Supernatural,Unknown,,0,False,Unknown
Boyle Heights,California,-118.2117257,34.0297895,No,0,Murder,Unknown,,0,False,Dusk
Brea,California,-117.9002918,33.916475,Yes,1,Supernatural,shadow,,1,False,Unknown
Brea,California,-117.9002918,33.916475,No,4,Supernatural,figure,,1,False,Evening
Brea Canyon Road,California,-117.7853201,34.0527279,No,0,Unknown,Unknown,,0,False,Dusk
Brentwood,California,-121.6957863,37.931868,Yes,21+,Supernatural,spirit,,1,False,Dusk
Brentwood,California,-121.6957863,37.931868,No,0,Supernatural,Unknown,,0,False,Dusk
Brookdale,California,-122.106181,37.1062446,No,0,Natural Disaster,Unknown,,0,False,Dusk
Buena Park,California,-117.9981387,33.8674044,Yes,5+,Natural Disaster,Unknown,,0,False,Dusk
Buena Park,California,-117.9981387,33.8674044,No,1,Supernatural,Unknown,,0,False,Dusk
Burbank,California,-118.3089661,34.1808392,No,1,Supernatural,Unknown,,0,False,Evening
Burney,California,-121.6608205,40.8823811,No,0,Natural Disaster,figure,,1,False,Evening
Byron,California,-121.6380069,37.8671476,Yes,2,Supernatural,shadow,,1,False,Dusk
Cabazon,California,-116.7872399,33.9175154,No,0,Unknown,Unknown,,0,False,Dusk
Calabasas,California,-118.6614809,34.1367208,No,0,Supernatural,Unknown,,0,False,Dusk
Calavares County,California,-120.6805037,38.1960477,No,1,Murder,ghost presence,,2,False,Dusk
Calico,California,-116.8653421,34.9455639,No,1,Supernatural,ghost,actual ghost,1,False,Dusk
Calico,California,-116.8653421,34.9455639,No,1,Supernatural,apparition,,1,False,Dusk
Calexico,California,-115.4988834,32.6789476,No,5,Murder,Unknown,,0,False,Evening
Calexico,California,-115.4988834,32.6789476,No,0,Supernatural,apparition,,1,False,Evening
Camarillo,California,-119.0376023,34.2163937,Yes,12+,Supernatural,ghost figure entity,nervous entity,3,False,Dusk
Camarillo,California,-119.0376023,34.2163937,No,0,Murder,Unknown,,0,False,Unknown
Cameron Park,California,-120.9871643,38.6687929,No,1,Unknown,Unknown,,0,False,Dusk
Camp Pendleton,California,-117.3811366,33.2295467,Yes,2+,Murder,ghost,,1,False,Dusk
Campbell,California,-121.9499568,37.2871651,Yes,1,Supernatural,figure,,1,False,Evening
Canoga Park,California,-118.6058609,34.208254,No,1,Supernatural,Unknown,,0,False,Unknown
Canoga Park,California,-118.6058609,34.208254,No,0,Supernatural,ghost,,1,False,Evening
Canoga Park,California,-118.6058609,34.208254,Yes,2,Supernatural,ghost apparition,,2,False,Unknown
Canyon Lake,California,-117.2730931,33.6850215,No,1,Unknown,Unknown,,0,False,Dusk
Capitola,California,-121.953293,36.9752283,Yes,0,Supernatural,Unknown,,0,False,Dusk
Capitola,California,-121.953293,36.9752283,No,1,Supernatural,ghost orb,,2,False,Evening
Carmel,California,-121.9232879,36.5552386,No,1,Unknown,Unknown,,0,False,Dusk
Carlsbad,California,-117.3505939,33.1580933,Yes,2,Supernatural,Unknown,,0,False,Dusk
Carson,California,-118.281693,33.8316745,No,0,Murder,spirit,,1,False,Evening
Carson,California,-118.281693,33.8316745,No,1,Supernatural,Unknown,,0,False,Evening
Carson,California,-118.281693,33.8316745,No,0,Supernatural,ghost orb,,2,False,Dusk
Carson,California,-118.281693,33.8316745,No,1,Murder,Unknown,,0,False,Dusk
Castro Valley,California,-122.0863522,37.6940973,Yes,2,Supernatural,shadow,,1,False,Evening
Castro Valley,California,-122.0863522,37.6940973,Yes,1,Murder,Unknown,,0,False,Dusk
Catalina Island,California,-118.4163103,33.3878856,No,0,Supernatural,ghost spirit specter,,3,False,Evening
Cerro Gordo,California,-117.791744,36.5393799,No,1,Supernatural,Unknown,,0,False,Evening
Cerro Gordo,California,-117.791744,36.5393799,No,0,Supernatural,ghost,,1,True,Evening
Cerritos,California,-118.0647871,33.8583483,Yes,2+,Supernatural,Unknown,,0,False,Evening
Cherokee,California,-121.53722,39.6463899,Yes,0,Murder,Unknown,,0,False,Evening
Chico,California,-121.8374777,39.7284944,No,1,Supernatural,spirit,,1,False,Unknown
Chino,California,-117.688944,34.0122346,No,1,Murder,ghost,,1,False,Evening
Chowchilla,California,-120.2601754,37.1229997,No,1,Natural Disaster,Unknown,,0,False,Dusk
Chowchilla,California,-120.2601754,37.1229997,No,2+,Supernatural,Unknown,,0,False,Unknown
Chowchilla,California,-120.2601754,37.1229997,Yes,4,Supernatural,ghost apparition,,2,False,Dusk
Chowchilla,California,-120.2601754,37.1229997,No,3+,Supernatural,shadow presence,,2,False,Evening
Chualar,California,-121.5185514,36.5705171,No,1,Supernatural,Unknown,,0,False,Evening
Chula Vista,California,-117.0841955,32.6400541,Yes,1,Murder,Unknown,,0,False,Dusk
City of Industry,California,-117.9586754,34.0197335,No,2,Supernatural,figure,,1,False,Unknown
Claremont,California,-117.7197785,34.0966764,Yes,0,Supernatural,Unknown,,0,False,Unknown
Claremont,California,-117.7197785,34.0966764,Yes,10+,Supernatural,ghost spirit,,2,False,Evening
Claremont,California,-117.7197785,34.0966764,Yes,3+,Supernatural,ghost mist,white mist,2,False,Dusk
Claremont,California,-117.7197785,34.0966764,Yes,1,Supernatural,figure,,1,False,Evening
Claremont,California,-117.7197785,34.0966764,No,1+,Murder,Unknown,,0,False,Dusk
Clayton,California,-121.9357925,37.9410341,No,0,Supernatural,ghost,,1,False,Evening
Clayton,California,-121.9357925,37.9410341,No,0,Supernatural,Unknown,,0,False,Evening
Clayton,California,-121.9357925,37.9410341,No,1,Supernatural,ghost,,1,False,Dusk
Clayton,California,-121.9357925,37.9410341,No,1,Supernatural,spirit,,1,False,Dusk
Clayton,California,-121.9357925,37.9410341,No,2+,Supernatural,ghost spirit,next spirit,2,False,Dusk
Clear Lake,California,-122.6263728,38.9582307,Yes,1,Murder,apparition,,1,False,Evening
Clovis,California,-119.7029194,36.8252277,No,0,Supernatural,ghost,,1,False,Evening
Coachella Valley,California,-116.3591772,33.7666873,Yes,2+,Supernatural,Unknown,,0,False,Dusk
Coloma,California,-120.8902916,38.7999214,Yes,1+,Supernatural,ghost,,1,False,Dusk
Coloma,California,-120.8902916,38.7999214,No,1+,Supernatural,ghost shadow,indistinct shadow,2,False,Dusk
Coloma,California,-120.8902916,38.7999214,No,1,Supernatural,ghost phantom,,2,False,Unknown
Coloma,California,-120.8902916,38.7999214,Yes,1,Natural Disaster,shadow,,1,False,Dusk
Coloma,California,-120.8902916,38.7999214,No,2,Murder,ghost spirit,mischievous spirit,2,False,Morning
Coloma,California,-120.8902916,38.7999214,Yes,5+,Murder,ghost,,1,False,Dusk
Coloma,California,-120.8902916,38.7999214,Yes,0,Supernatural,Unknown,,0,False,Dusk
Colton,California,-117.3136547,34.0739016,No,0,Unknown,Unknown,,0,False,Unknown
Colton,California,-117.3136547,34.0739016,No,6,Unknown,Unknown,,0,False,Dusk
Columbia,California,-120.4013061,38.0363119,Yes,2+,Supernatural,ghost shadow,female ghost,2,False,Dusk
Commerce,California,-118.1597929,34.0005691,No,2+,Supernatural,Unknown,,0,False,Morning
Concord,California,-122.0310733,37.9779776,Yes,2+,Unknown,Unknown,,0,False,Unknown
Concord,California,-122.0310733,37.9779776,Yes,0,Unknown,Unknown,,0,False,Evening
Concord,California,-122.0310733,37.9779776,Yes,0,Supernatural,apparition,,1,False,Dusk
Corona,California,-117.5664384,33.8752935,No,0,Supernatural,spirit,,1,False,Dusk
Corona,California,-117.5664384,33.8752935,No,2+,Natural Disaster,apparition,,1,False,Unknown
Corona,California,-117.5664384,33.8752935,Yes,2,Murder,ghost shadow,,2,False,Dusk
Corona,California,-117.5664384,33.8752935,No,5+,Supernatural,entity,,1,False,Morning
Coronado,California,-117.1830891,32.6858853,No,0,Supernatural,Unknown,,0,False,Evening
Costa Mesa,California,-117.9188221,33.6412156,Yes,1,Unknown,Unknown,,0,False,Evening
Costa Mesa,California,-117.9188221,33.6412156,No,2+,Supernatural,Unknown,,0,False,Morning
Covina,California,-117.8903397,34.0900091,No,0,Supernatural,Unknown,,0,False,Evening
Covina,California,-117.8903397,34.0900091,Yes,1,Supernatural,Unknown,,0,False,Dusk
Crescent City,California,-124.2025913,41.7557501,Yes,2,Unknown,Unknown,,0,False,Dusk
Crockett,California,-122.2130236,38.0524208,No,1,Unknown,Unknown,,0,False,Evening
Cypress,California,-118.0368507,33.8169366,Yes,5+,Supernatural,apparition,,1,False,Dusk
Cypress,California,-118.0368507,33.8169366,No,2+,Unknown,Unknown,,0,False,Morning
Daly City,California,-122.4702079,37.6879241,No,0,Unknown,Unknown,,0,False,Dusk
Davis,California,-121.7405167,38.5449065,No,1,Unknown,Unknown,,0,False,Unknown
Death Valley Junction,California,-116.410599,36.300308,No,0,Supernatural,orb,,1,True,Dusk
Del Rey,California,-119.593744,36.6591171,Yes,1,Unknown,Unknown,,0,False,Evening
Delano,California,-119.2470536,35.7688425,No,0,Supernatural,ghost,,1,False,Dusk
Devoure,California,-117.4105251,34.2334918,No,0,Unknown,Unknown,,0,False,Dusk
Devour,California,-117.4105251,34.2334918,No,1,Natural Disaster,Unknown,,0,False,Morning
Diamond Bar,California,-117.8103367,34.0286226,No,1,Murder,Unknown,,0,False,Dusk
Dinuba,California,-119.3870656,36.5432837,No,0,Unknown,Unknown,,0,False,Dusk
Dinuba,California,-119.3870656,36.5432837,No,1,Murder,Unknown,,0,False,Dusk
Disneyland,California,-117.9189742,33.8120918,No,2+,Supernatural,Unknown,,0,False,Morning
Disneyland,California,-117.9189742,33.8120918,No,0,Supernatural,spirit figure,,2,False,Morning
Disneyland,California,-117.9189742,33.8120918,Yes,2+,Natural Disaster,Unknown,,0,False,Unknown
Disneyland,California,-117.9189742,33.8120918,Yes,7,Supernatural,spirit,,1,False,Dusk
Disneyland,California,-117.9189742,33.8120918,No,1,Supernatural,Unknown,,0,False,Dusk
Disneyland,California,-117.9189742,33.8120918,No,0,Supernatural,ghost,,1,False,Evening
Disneyland,California,-117.9189742,33.8120918,No,1,Unknown,Unknown,,0,True,Evening
Disneyland,California,-117.9189742,33.8120918,No,1,Supernatural,ghost,,1,False,Dusk
Disneyland,California,-117.9189742,33.8120918,No,1,Unknown,Unknown,,0,False,Dusk
Disneyland,California,-117.9189742,33.8120918,No,2+,Unknown,Unknown,,0,False,Unknown
Disneyland,California,-117.9189742,33.8120918,No,2+,Supernatural,ghost,,1,False,Evening
Disneyland,California,-117.9189742,33.8120918,No,0,Supernatural,presence,,1,False,Dusk
Dorrington,California,-120.2746191,38.2950565,No,1,Supernatural,ghost,,1,False,Dusk
Downey,California,-118.1331593,33.9401088,No,3+,Unknown,Unknown,,0,False,Unknown
Downey,California,-118.1331593,33.9401088,Yes,0,Supernatural,Unknown,,0,False,Unknown
Downey,California,-118.1331593,33.9401088,Yes,1,Supernatural,apparition,,1,False,Dusk
Downieville,California,-120.8276966,39.5595198,No,3+,Supernatural,Unknown,,0,False,Evening
Duarte,California,-117.9772873,34.1394513,Yes,1,Unknown,Unknown,,0,False,Dusk
Dublin,California,-121.9357918,37.7021521,No,0,Unknown,Unknown,,0,False,Unknown
Dublin,California,-121.9357918,37.7021521,No,0,Murder,Unknown,,0,False,Dusk
Dunlap,California,-119.1209469,36.738281,Yes,3,Supernatural,figure,,1,True,Evening
Echo Park,California,-118.2605574,34.0781593,Yes,2+,Murder,Unknown,,0,False,Evening
East Highland,California,-117.170594,34.1097338,No,1,Supernatural,ghost,,1,False,Morning
East Los Angeles,California,-118.1669736,34.0224417,Yes,2+,Murder,Unknown,,0,False,Dusk
East Los Angeles,California,-118.1669736,34.0224417,No,0,Supernatural,Unknown,,0,False,Dusk
East Los Angeles,California,-118.1669736,34.0224417,Yes,4,Supernatural,ghost,,1,False,Dusk
East Los Angeles,California,-118.1669736,34.0224417,Yes,1+,Supernatural,Unknown,,0,False,Evening
East Los Angeles,California,-118.1669736,34.0224417,Yes,1,Supernatural,shadow figure,"black shadow, red shadow",2,False,Dusk
East Los Angeles,California,-118.1669736,34.0224417,Yes,1,Unknown,Unknown,,0,False,Dusk
East Los Angeles,California,-118.1669736,34.0224417,Yes,5+,Supernatural,ghost,"ill ghost, patient ghost",1,False,Unknown
East San Jose,California,-121.8202035,37.3262122,No,0,Supernatural,ghost,,1,False,Dusk
Eastlake,California,-116.976412,32.6556653,No,2+,Supernatural,figure,ghostly figure,1,False,Dusk
Edwards Air Force Base,California,-117.8912085,34.9240314,No,4,Supernatural,apparition,black apparition,1,False,Morning
El Cajon,California,-116.9625269,32.7947731,No,1,Supernatural,ghost,real ghost,1,True,Evening
El Centro,California,-115.5630514,32.792,Yes,2+,Supernatural,Unknown,,0,False,Unknown
El Centro,California,-115.5630514,32.792,Yes,3+,Unknown,Unknown,,0,False,Evening
El Centro,California,-115.5630514,32.792,Yes,1+,Supernatural,Unknown,,0,False,Evening
El Centro,California,-115.5630514,32.792,No,0,Unknown,Unknown,,0,False,Dusk
El Centro,California,-115.5630514,32.792,Yes,2+,Supernatural,ghost poltergeist,unexplained ghost,2,False,Evening
El Centro,California,-115.5630514,32.792,No,1,Unknown,Unknown,,0,False,Dusk
El Dorado,California,-120.4357631,38.74263759999999,Yes,3,Supernatural,orb,,1,False,Dusk
El Monte,California,-118.0275667,34.0686206,No,0,Suicide,Unknown,,0,False,Dusk
El Monte,California,-118.0275667,34.0686206,No,3+,Supernatural,apparition,,1,False,Morning
El Monte,California,-118.0275667,34.0686206,No,2+,Supernatural,figure,,1,False,Evening
Elk Grove,California,-121.3716178,38.4087993,No,3+,Supernatural,Unknown,,0,False,Unknown
Encino,California,-118.5214282,34.1517492,No,1,Supernatural,ghost presence,,2,False,Unknown
Eureka,California,-124.1636729,40.8020712,No,1,Suicide,ghost,,1,False,Dusk
Eureka,California,-124.1636729,40.8020712,No,1,Supernatural,Unknown,,0,False,Dusk
Fair Oaks,California,-121.2721718,38.6446264,No,1,Supernatural,ghost,,1,False,Evening
Fairfax,California,-122.5888686,37.9871454,Yes,1+,Supernatural,ghost spirit,,2,False,Dusk
Fallbrook,California,-117.2511466,33.3764196,No,6+,Murder,Unknown,,0,False,Dusk
Fallbrook,California,-117.2511466,33.3764196,No,1,Supernatural,apparition,,1,False,Unknown
Fallbrook,California,-117.2511466,33.3764196,Yes,1+,Murder,Unknown,,0,False,Evening
Fallbrook,California,-117.2511466,33.3764196,No,14,Natural Disaster,orb,orbs orb,1,False,Evening
Fallbrook,California,-117.2511466,33.3764196,No,24,Unknown,Unknown,,0,False,Morning
Fallbrook,California,-117.2511466,33.3764196,No,1+,Unknown,Unknown,,0,False,Dusk
Fallbrook,California,-117.2511466,33.3764196,Yes,2,Supernatural,spirit,,1,False,Morning
Ferndale,California,-124.2639441,40.5762406,No,1,Supernatural,ghost phantom,,2,False,Evening
Fillmore,California,-118.918154,34.3991639,No,1,Supernatural,Unknown,,0,False,Dusk
Fontana,California,-117.435048,34.0922335,Yes,3+,Supernatural,figure,,1,False,Unknown
Fontana,California,-117.435048,34.0922335,Yes,5+,Supernatural,ghost spirit,several ghost,2,False,Evening
Fontana,California,-117.435048,34.0922335,No,1,Unknown,Unknown,,0,False,Evening
Fontana,California,-117.435048,34.0922335,No,2+,Supernatural,ghost,,1,False,Evening
Fontana,California,-117.435048,34.0922335,Yes,1,Unknown,Unknown,,0,False,Evening
Fontana,California,-117.435048,34.0922335,No,0,Supernatural,Unknown,,0,False,Morning
Fontana,California,-117.435048,34.0922335,Yes,1,Supernatural,presence,,1,False,Evening
Fontana,California,-117.435048,34.0922335,No,0,Supernatural,Unknown,,0,False,Dusk
Fontana,California,-117.435048,34.0922335,No,1,Unknown,Unknown,,0,False,Evening
Forest Falls,California,-116.9203046,34.0883449,Yes,1+,Supernatural,ghost presence,,2,False,Unknown
Fort Bragg,California,-123.8052935,39.445723,No,2+,Supernatural,Unknown,,0,False,Dusk
Fort Bragg,California,-123.8052935,39.445723,No,1+,Supernatural,Unknown,,0,False,Dusk
Fort Bragg,California,-123.8052935,39.445723,Yes,1,Supernatural,Unknown,,0,False,Evening
Fort Bragg,California,-123.8052935,39.445723,No,3,Supernatural,ghost,,1,False,Unknown
Fort Bragg,California,-123.8052935,39.445723,No,2,Supernatural,Unknown,,0,False,Evening
Foster City,California,-122.2710788,37.5585465,No,0,Murder,shadow,,1,False,Unknown
Fountain Valley,California,-117.9544069,33.7090212,Yes,6+,Death,apparition poltergeist,Many poltergeist,2,False,Unknown
Freedom,California,-121.8021647,36.938468,Yes,0,Murder,Unknown,,0,False,Dusk
Fremont,California,-121.9885719,37.5482697,No,2,Natural Disaster,Unknown,,0,False,Dusk
Fremont,California,-121.9885719,37.5482697,Yes,1,Death,apparition figure,,2,False,Dusk
Fremont,California,-121.9885719,37.5482697,Yes,1,Murder,Unknown,,0,False,Dusk
Fremont,California,-121.9885719,37.5482697,Yes,3+,Natural Disaster,mist,,1,False,Unknown
Fremont,California,-121.9885719,37.5482697,No,1,Supernatural,orb,,1,True,Evening
Fremont,California,-121.9885719,37.5482697,No,1,Supernatural,ghost,,1,False,Evening
Fremont,California,-121.9885719,37.5482697,Yes,2+,Unknown,Unknown,,0,False,Unknown
Fresno,California,-119.7725868,36.7468422,Yes,2,Supernatural,ghost poltergeist entity,,3,False,Morning
Fresno,California,-119.7725868,36.7468422,No,1+,Supernatural,spirit,,1,False,Dusk
Fresno,California,-119.7725868,36.7468422,No,1+,Supernatural,spirit,,1,False,Evening
Fresno,California,-119.7725868,36.7468422,No,0,Natural Disaster,Unknown,,0,False,Dusk
Fresno,California,-119.7725868,36.7468422,No,1+,Supernatural,ghost spirit,"much ghost, white spirit",2,False,Dusk
Fresno,California,-119.7725868,36.7468422,No,1,Supernatural,Unknown,,0,False,Evening
Fresno,California,-119.7725868,36.7468422,Yes,2+,Suicide,ghost,,1,False,Dusk
Fresno,California,-119.7725868,36.7468422,No,0,Supernatural,ghost,,1,False,Dusk
Fresno,California,-119.7725868,36.7468422,No,22+,Murder,poltergeist,,1,False,Unknown
Fullerton,California,-117.9242123,33.8703645,Yes,1,Supernatural,Unknown,,0,False,Dusk
Fullerton,California,-117.9242123,33.8703645,Yes,1,Supernatural,Unknown,,0,False,Unknown
Fullerton,California,-117.9242123,33.8703645,No,1,Natural Disaster,ghost,,1,True,Evening
Fullerton,California,-117.9242123,33.8703645,No,1,Murder,ghost,,1,False,Dusk
Fullerton,California,-117.9242123,33.8703645,Yes,0,Murder,spirit,,1,False,Evening
Fullerton,California,-117.9242123,33.8703645,No,1,Supernatural,ghost,,1,False,Dusk
Fullerton,California,-117.9242123,33.8703645,No,1,Supernatural,Unknown,,0,False,Dusk
Fullerton,California,-117.9242123,33.8703645,Yes,0,Supernatural,ghost,,1,False,Evening
Garden Grove,California,-117.9379952,33.7742692,Yes,3,Supernatural,ghost apparition,,2,False,Evening
Garden Grove,California,-117.9379952,33.7742692,No,2,Supernatural,Unknown,,0,False,Evening
Garden Grove,California,-117.9379952,33.7742692,No,3+,Murder,Unknown,,0,False,Unknown
Georgetown,California,-120.8385462,38.9068445,No,1,Supernatural,ghost,,1,False,Dusk
Georgetown,California,-120.8385462,38.9068445,No,0,Natural Disaster,Unknown,,0,False,Dusk
Georgetown,California,-120.8385462,38.9068445,No,1,Unknown,Unknown,,0,False,Dusk
Geyserville,California,-122.9027647,38.7074755,Yes,4+,Supernatural,ghost spirit,,2,False,Dusk
Gilroy,California,-121.5682751,37.0057816,No,1,Unknown,Unknown,,0,False,Evening
Gilroy,California,-121.5682751,37.0057816,No,2+,Unknown,Unknown,,0,False,Evening
Gilroy,California,-121.5682751,37.0057816,Yes,1,Murder,Unknown,,0,False,Dusk
Gilroy,California,-121.5682751,37.0057816,No,2,Murder,mist,,1,False,Unknown
Gilroy,California,-121.5682751,37.0057816,Yes,2,Murder,ghost,,1,False,Dusk
Gilroy,California,-121.5682751,37.0057816,Yes,2,Unknown,Unknown,,0,False,Evening
Glen Ellen,California,-122.5241487,38.3640795,No,1,Unknown,Unknown,,0,False,Evening
Glen Ellen,California,-122.5241487,38.3640795,No,0,Supernatural,ghost,,1,False,Dusk
Glendale,California,-118.255075,34.1425078,No,0,Unknown,Unknown,,0,False,Dusk
Glendora,California,-117.865339,34.1361187,No,5,Supernatural,apparition,,1,False,Dusk
Glendora,California,-117.865339,34.1361187,Yes,2,Murder,Unknown,,0,False,Morning
Glendora,California,-117.865339,34.1361187,No,3,Unknown,Unknown,,0,False,Dusk
Gorman,California,-118.8525956,34.7960902,No,2+,Unknown,Unknown,,0,False,Evening
Granada Hills,California,-118.5021527,34.2793576,No,1,Supernatural,apparition,,1,False,Unknown
Grass Valley,California,-121.0610606,39.2190608,Yes,1+,Supernatural,spirit,,1,False,Dusk
Grass Valley,California,-121.0610606,39.2190608,Yes,3,Supernatural,ghost,,1,False,Evening
Grass Valley,California,-121.0610606,39.2190608,No,3+,Unknown,Unknown,,0,False,Dusk
Grass Valley,California,-121.0610606,39.2190608,No,3+,Murder,apparition,,1,False,Unknown
Groveland,California,-120.2308167,37.8388779,No,19,Supernatural,ghost,,1,False,Unknown
Guerneville,California,-122.9961102,38.5018575,No,0,Unknown,Unknown,,0,False,Morning
Half Moon Bay,California,-122.4285862,37.4635519,No,1,Murder,Unknown,,0,False,Dusk
Hanford,California,-119.6456844,36.3274502,No,0,Supernatural,Unknown,,0,False,Dusk
Hanford,California,-119.6456844,36.3274502,Yes,3+,Supernatural,spirit entity,,2,False,Unknown
Hanford,California,-119.6456844,36.3274502,Yes,2,Supernatural,ghost,,1,False,Dusk
Hanford,California,-119.6456844,36.3274502,No,2+,Supernatural,ghost,,1,False,Unknown
Hanford,California,-119.6456844,36.3274502,Yes,3,Supernatural,ghost,,1,False,Dusk
Hanford,California,-119.6456844,36.3274502,No,1,Supernatural,ghost,,1,False,Dusk
Hanford,California,-119.6456844,36.3274502,No,1,Supernatural,ghost,,1,False,Evening
Harbor City,California,-118.2965084,33.7906551,No,0,Unknown,Unknown,,0,False,Evening
Hawthorne,California,-118.3525748,33.9164032,Yes,1,Supernatural,Unknown,,0,False,Dusk
Hawthorne Blvd,California,-118.3539932,33.8529097,No,1,Unknown,Unknown,,0,False,Morning
Hayward,California,-122.0807964,37.6688205,No,2,Supernatural,ghost,,1,False,Evening
Hayward,California,-122.0807964,37.6688205,No,0,Supernatural,Unknown,,0,False,Evening
Hayward,California,-122.0807964,37.6688205,Yes,0,Murder,shadow,,1,False,Dusk
Hayward,California,-122.0807964,37.6688205,Yes,1+,Supernatural,shadow orb,,2,True,Unknown
Hayward,California,-122.0807964,37.6688205,No,2+,Supernatural,Unknown,,0,False,Dusk
Hayward,California,-122.0807964,37.6688205,No,1+,Murder,Unknown,,0,False,Dusk
Healdsburg,California,-122.8691609,38.6104658,No,0,Supernatural,ghost,,1,False,Unknown
Heber,California,-115.529718,32.7308911,Yes,1,Supernatural,Unknown,,0,False,Evening
Hemet,California,-116.9719684,33.7475203,No,2+,Supernatural,ghost figure,"resident ghost, white figure",2,False,Evening
Hemet/San Jacinto,California,-116.9590041,33.7569198,No,3+,Murder,Unknown,,0,False,Evening
Hemet,California,-116.9719684,33.7475203,No,0,Supernatural,Unknown,,0,False,Evening
Hermosa Beach,California,-118.3995194,33.8622366,Yes,1,Supernatural,Unknown,,0,False,Unknown
Highland Park,California,-118.1854042,34.1157564,No,0,Supernatural,apparition,,1,False,Evening
Hollywood,California,-118.3286614,34.0928092,No,2+,Supernatural,Unknown,,0,False,Dusk
Hollywood,California,-118.3286614,34.0928092,No,2+,Supernatural,spirit,,1,False,Dusk
Hollywood,California,-118.3286614,34.0928092,No,1,Supernatural,ghost,,1,False,Dusk
Hollywood,California,-118.3286614,34.0928092,No,1+,Supernatural,Unknown,,0,False,Dusk
Hollywood,California,-118.3286614,34.0928092,No,2+,Supernatural,ghost,,1,False,Evening
Hollywood,California,-118.3286614,34.0928092,No,0,Supernatural,ghost presence,unknown presence,2,False,Unknown
Hollywood,California,-118.3286614,34.0928092,No,1,Supernatural,ghost,,1,False,Evening
Hollywood,California,-118.3286614,34.0928092,Yes,3+,Suicide,shadow,,1,False,Morning
Hollywood,California,-118.3286614,34.0928092,No,1,Suicide,spirit,,1,False,Dusk
Hollywood,California,-118.3286614,34.0928092,No,3,Supernatural,ghost figure,,2,False,Unknown
Hollywood,California,-118.3286614,34.0928092,Yes,2+,Supernatural,shadow,,1,False,Dusk
Hollywood,California,-118.3286614,34.0928092,No,1,Supernatural,Unknown,,0,False,Morning
Hollywood,California,-118.3286614,34.0928092,No,3+,Murder,ghost,,1,False,Dusk
Hollywood,California,-118.3286614,34.0928092,Yes,3+,Supernatural,Unknown,,0,False,Evening
Hollywood,California,-118.3286614,34.0928092,No,2+,Supernatural,ghost,,1,False,Morning
Hollywood,California,-118.3286614,34.0928092,No,0,Supernatural,entity,evil entity,1,False,Evening
Hollywood,California,-118.3286614,34.0928092,Yes,2+,Supernatural,figure,,1,False,Evening
Hollywood,California,-118.3286614,34.0928092,No,0,Supernatural,ghost presence,,2,False,Evening
Hollywood,California,-118.3286614,34.0928092,No,1,Unknown,Unknown,,0,False,Unknown
Hollywood,California,-118.3286614,34.0928092,No,9,Murder,ghost spirit entity,particular spirit,3,False,Dusk
Hollywood,California,-118.3286614,34.0928092,Yes,1,Supernatural,apparition,,1,False,Unknown
Hollywood,California,-118.3286614,34.0928092,Yes,3+,Supernatural,Unknown,,0,False,Evening
Humboldt,California,-123.8695086,40.7450055,No,0,Unknown,Unknown,,0,False,Evening
Huntington Beach,California,-117.9988026,33.6594835,No,1,Supernatural,apparition,,1,False,Dusk
Huntington Beach,California,-117.9988026,33.6594835,Yes,2+,Supernatural,apparition,,1,False,Morning
Huntington Beach,California,-117.9988026,33.6594835,Yes,1+,Supernatural,ghost,,1,False,Dusk
Huntington Beach,California,-117.9988026,33.6594835,No,0,Suicide,Unknown,,0,False,Dusk
Huntington Park,California,-118.2250725,33.9816812,Yes,5+,Supernatural,Unknown,,0,False,Dusk
Idyllwild,California,-116.7152556,33.7467471,Yes,0,Supernatural,Unknown,,0,False,Evening
Imperial,California,-115.5694391,32.8475528,No,4+,Natural Disaster,shadow figure mist,hooded shadow,3,True,Evening
Imperial,California,-115.5694391,32.8475528,No,1,Supernatural,Unknown,,0,False,Evening
Imperial Valley,California,-114.9633007,32.7375477,No,1+,Murder,Unknown,,0,False,Dusk
Indio,California,-116.2155619,33.7205771,No,1,Murder,figure,male figure,1,False,Evening
Inglewood,California,-118.3531311,33.9616801,No,2+,Supernatural,Unknown,,0,False,Dusk
Ione,California,-120.9327177,38.3526912,No,0,Unknown,Unknown,,0,False,Morning
Irvine,California,-117.8265049,33.6845673,No,0,Supernatural,figure,,1,False,Unknown
Irvine,California,-117.8265049,33.6845673,No,1+,Supernatural,spirit,friendly spirit,1,False,Evening
Irvine,California,-117.8265049,33.6845673,No,0,Unknown,Unknown,,0,False,Evening
Irvine,California,-117.8265049,33.6845673,Yes,0,Murder,Unknown,,0,False,Evening
Irvine,California,-117.8265049,33.6845673,No,0,Supernatural,apparition,"large apparition, black apparition",1,False,Dusk
Jamestown,California,-120.4226952,37.9532584,No,0,Murder,Unknown,,0,False,Morning
Keddie,California,-120.9503435,40.0031409,No,1,Murder,Unknown,,0,False,Unknown
Keene,California,-118.5623117,35.2235728,Yes,0,Supernatural,Unknown,,0,False,Dusk
Kelso,California,-115.6536072,35.0124884,No,1,Suicide,Unknown,,0,False,Dusk
Kerman,California,-120.059879,36.72355719999999,No,3+,Supernatural,witch,,1,False,Dusk
Kerman,California,-120.059879,36.72355719999999,Yes,1,Unknown,Unknown,,0,False,Dusk
Kern,California,-118.8596804,35.4937274,Yes,3+,Supernatural,ghost,,1,False,Evening
Kern county,California,-118.8596804,35.4937274,No,0,Unknown,Unknown,,0,False,Evening
Kern County/ Bakersfield,California,-119.0187125,35.3732921,No,1,Murder,Unknown,,0,False,Evening
Keyes,California,-120.9154858,37.5565994,No,1+,Supernatural,Unknown,,0,False,Unknown
Kingsburg,California,-119.5540175,36.5138398,Yes,3+,Supernatural,orb figure,,2,False,Unknown
La Habra,California,-117.946137,33.9318591,Yes,1,Supernatural,Unknown,,0,False,Dusk
La Habra,California,-117.946137,33.9318591,Yes,2+,Supernatural,Unknown,,0,False,Dusk
La Habra,California,-117.946137,33.9318591,Yes,3,Supernatural,Unknown,,0,False,Dusk
La Habra,California,-117.946137,33.9318591,No,5+,Supernatural,Unknown,,0,False,Unknown
La Habra Heights,California,-117.9506186,33.9608461,No,0,Supernatural,shadow,,1,False,Dusk
La Jolla,California,-117.2712717,32.8328112,Yes,1,Unknown,Unknown,,0,False,Dusk
La Mirada,California,-118.0120086,33.9172357,No,0,Unknown,Unknown,,0,False,Evening
La Mirada,California,-118.0120086,33.9172357,Yes,3+,Supernatural,figure,"whitish figure, grey figure",1,False,Unknown
La Mirada,California,-118.0120086,33.9172357,Yes,1,Supernatural,Unknown,,0,False,Unknown
La Puente,California,-117.9495083,34.0200114,Yes,2,Murder,Unknown,,0,False,Evening
La Puente,California,-117.9495083,34.0200114,No,3,Natural Disaster,Unknown,,0,False,Evening
La Puente,California,-117.9495083,34.0200114,No,0,Murder,spirit,,1,False,Dusk
La Puente,California,-117.9495083,34.0200114,Yes,5+,Supernatural,Unknown,,0,False,Dusk
La Quinta,California,-116.3100095,33.6633573,Yes,2+,Unknown,Unknown,,0,False,Evening
La Selva Beach,California,-121.8646774,36.9366186,Yes,2+,Supernatural,Unknown,,0,False,Dusk
La Verne,California,-117.7678355,34.1008426,No,0,Supernatural,spirit shadow,unknown spirit,2,False,Dusk
Lafayette,California,-122.1180201,37.8857582,Yes,2+,Supernatural,apparition,,1,False,Dusk
Laguna Hills,California,-117.6986604,33.5916433,No,1,Unknown,Unknown,,0,False,Morning
Laguna Woods,California,-117.7251162,33.6101702,Yes,2,Unknown,Unknown,,0,False,Evening
Lake Balboa,California,-118.5010942,34.2010832,No,1,Supernatural,presence,,1,False,Evening
Lake Elsinore,California,-117.3272615,33.6680772,No,0,Natural Disaster,Unknown,,0,False,Unknown
Lake Elsinore,California,-117.3272615,33.6680772,No,0,Murder,Unknown,,0,False,Dusk
Lake Elsinore,California,-117.3272615,33.6680772,Yes,2+,Suicide,Unknown,,0,False,Morning
Lake Elsinore,California,-117.3272615,33.6680772,No,2+,Supernatural,spirit,,1,False,Evening
Lake Elsinore,California,-117.3272615,33.6680772,Yes,3+,Unknown,Unknown,,0,False,Dusk
Lake Forrest,California,-117.6861023,33.6469437,Yes,1+,Unknown,Unknown,,0,True,Dusk
Lake Hughes,California,-118.4525466,34.6773324,No,1,Supernatural,Unknown,,0,False,Evening
Lakewood,California,-118.1339563,33.8536269,Yes,0,Supernatural,Unknown,,0,False,Dusk
Lakewood,California,-118.1339563,33.8536269,No,0,Unknown,Unknown,,0,False,Unknown
Lancaster,California,-118.1541632,34.6867846,Yes,2+,Supernatural,Unknown,,0,False,Unknown
Lancaster,California,-118.1541632,34.6867846,No,1,Unknown,Unknown,,0,False,Evening
Lancaster,California,-118.1541632,34.6867846,Yes,1,Supernatural,Unknown,,0,False,Dusk
Lancaster,California,-118.1541632,34.6867846,No,0,Supernatural,figure,white figure,1,False,Unknown
Lancaster,California,-118.1541632,34.6867846,Yes,0,Natural Disaster,ghost,,1,False,Dusk
Lancaster,California,-118.1541632,34.6867846,No,3+,Supernatural,ghost figure,"black figure, other figure",2,False,Evening
Lancaster,California,-118.1541632,34.6867846,Yes,1,Supernatural,ghost,,1,False,Evening
Lathrop,California,-121.27661,37.8227046,No,1,Supernatural,ghost,,1,False,Dusk
Lemongrove,California,-117.0314172,32.7425516,No,1,Supernatural,Unknown,,0,False,Unknown
Lemoore,California,-119.7829107,36.3007835,No,0,Unknown,Unknown,,0,False,Dusk
Lemoore,California,-119.7829107,36.3007835,Yes,3,Supernatural,shadow presence,,2,False,Dusk
Lemoore,California,-119.7829107,36.3007835,Yes,2,Supernatural,ghost,,1,False,Morning
Lemoore,California,-119.7829107,36.3007835,Yes,5+,Supernatural,spirit shadow,,2,False,Unknown
Lennox,California,-118.3525752,33.9380695,Yes,2+,Supernatural,Unknown,,0,False,Dusk
Lennox,California,-118.3525752,33.9380695,No,1,Unknown,Unknown,,0,False,Dusk
Lincoln,California,-121.2930079,38.891565,No,2+,Supernatural,ghost,,1,False,Unknown
Livermore,California,-121.7680088,37.6818745,Yes,0,Unknown,Unknown,,0,False,Dusk
Livermore,California,-121.7680088,37.6818745,Yes,0,Murder,Unknown,,0,False,Evening
Loma Linda,California,-117.2611527,34.0483474,Yes,0,Supernatural,ghost,,1,False,Morning
Lomita,California,-118.3150722,33.7922392,No,0,Supernatural,Unknown,,0,False,Unknown
Lompoc,California,-120.4579409,34.6391501,Yes,2,Suicide,figure,white figure,1,False,Dusk
Lompoc,California,-120.4579409,34.6391501,No,2,Supernatural,presence,other presence,1,False,Morning
Lompoc,California,-120.4579409,34.6391501,Yes,3,Supernatural,Unknown,,0,False,Dusk
Lone Pine,California,-118.0628654,36.6060444,No,1,Unknown,Unknown,,0,False,Dusk
Long Beach,California,-118.1937395,33.7700504,No,2+,Unknown,Unknown,,0,False,Dusk
Long Beach,California,-118.1937395,33.7700504,Yes,2+,Supernatural,Unknown,,0,False,Unknown
Long Beach,California,-118.1937395,33.7700504,Yes,1,Supernatural,figure,,1,False,Evening
Long Beach,California,-118.1937395,33.7700504,Yes,2+,Supernatural,Unknown,,0,False,Evening
Long Beach,California,-118.1937395,33.7700504,No,5+,Unknown,Unknown,,0,False,Evening
Long Beach,California,-118.1937395,33.7700504,No,0,Supernatural,Unknown,,0,False,Dusk
Long Beach,California,-118.1937395,33.7700504,No,3+,Supernatural,presence,,1,False,Dusk
Long Beach,California,-118.1937395,33.7700504,Yes,4+,Murder,ghost apparition,,2,False,Dusk
Long Beach,California,-118.1937395,33.7700504,No,0,Supernatural,Unknown,,0,False,Dusk
Los Angeles,California,-118.2436849,34.0522342,No,3,Supernatural,figure,ghostly figure,1,False,Dusk
Los Angeles,California,-118.2436849,34.0522342,Yes,0,Death,Unknown,,0,False,Dusk
Los Angeles,California,-118.2436849,34.0522342,Yes,3+,Supernatural,Unknown,,0,False,Evening
Los Angeles,California,-118.2436849,34.0522342,No,1,Supernatural,Unknown,,0,False,Dusk
Los Angeles,California,-118.2436849,34.0522342,Yes,0,Natural Disaster,spirit,,1,False,Evening
Los Angeles,California,-118.2436849,34.0522342,Yes,0,Supernatural,Unknown,,0,False,Evening
Los Angeles,California,-118.2436849,34.0522342,Yes,2+,Natural Disaster,Unknown,,0,False,Dusk
Los Angeles,California,-118.2436849,34.0522342,Yes,0,Unknown,Unknown,,0,False,Dusk
Los Angeles,California,-118.2436849,34.0522342,Yes,2+,Supernatural,ghost,,1,False,Dusk
Los Angeles,California,-118.2436849,34.0522342,No,0,Death,figure,,1,False,Dusk
Los Angeles,California,-118.2436849,34.0522342,Yes,2,Supernatural,Unknown,,0,False,Dusk
Los Angeles,California,-118.2436849,34.0522342,Yes,1,Supernatural,Unknown,,0,False,Evening
Los Angeles,California,-118.2436849,34.0522342,Yes,3+,Murder,Unknown,,0,False,Dusk
Los Angeles,California,-118.2436849,34.0522342,Yes,2+,Supernatural,apparition,,1,False,Evening
Los Angeles,California,-118.2436849,34.0522342,Yes,0,Natural Disaster,ghost,several ghost,1,False,Dusk
Los Angeles,California,-118.2436849,34.0522342,Yes,3+,Natural Disaster,Unknown,,0,False,Dusk
Los Angeles,California,-118.2436849,34.0522342,No,3+,Supernatural,spirit figure,,2,False,Unknown
Los Angeles,California,-118.2436849,34.0522342,No,3,Murder,shadow,,1,False,Unknown
Los Angeles,California,-118.2436849,34.0522342,Yes,1,Supernatural,Unknown,,0,False,Unknown
Los Angeles,California,-118.2436849,34.0522342,No,2+,Death,presence,,1,False,Dusk
Los Angeles,California,-118.2436849,34.0522342,No,0,Supernatural,shadow,,1,False,Dusk
Los Angeles,California,-118.2436849,34.0522342,No,2+,Supernatural,witch,other witch,1,False,Dusk
Los Angeles,California,-118.2436849,34.0522342,Yes,2+,Supernatural,ghost,,1,False,Dusk
Los Angeles,California,-118.2436849,34.0522342,Yes,2+,Supernatural,apparition,,1,True,Dusk
Los Angeles,California,-118.2436849,34.0522342,Yes,5+,Murder,Unknown,,0,False,Unknown
Los Angeles,California,-118.2436849,34.0522342,No,2+,Murder,Unknown,,0,False,Evening
Los Angeles,California,-118.2436849,34.0522342,Yes,2+,Murder,Unknown,,0,False,Unknown
Los Angeles,California,-118.2436849,34.0522342,No,2,Supernatural,ghost,,1,False,Evening
Los Angeles,California,-118.2436849,34.0522342,Yes,0,Murder,Unknown,,0,False,Unknown
Los Angeles,California,-118.2436849,34.0522342,No,3+,Murder,spirit,active spirit,1,False,Dusk
Los Angeles,California,-118.2436849,34.0522342,No,0,Supernatural,Unknown,,0,False,Unknown
Los Angeles,California,-118.2436849,34.0522342,No,1,Supernatural,apparition,,1,False,Morning
Los Angeles,California,-118.2436849,34.0522342,No,6,Supernatural,apparition,,1,False,Unknown
Los Angeles,California,-118.2436849,34.0522342,No,3,Supernatural,apparition figure,human figure,2,True,Morning
Los Angeles,California,-118.2436849,34.0522342,Yes,1,Death,phantom,playful phantom,1,False,Evening
Los Angeles,California,-118.2436849,34.0522342,No,3+,Supernatural,presence,,1,False,Dusk
Los Angeles,California,-118.2436849,34.0522342,No,3+,Suicide,apparition presence,eerie presence,2,False,Dusk
Los Angeles,California,-118.2436849,34.0522342,No,3,Supernatural,Unknown,,0,False,Dusk
Los Angeles,California,-118.2436849,34.0522342,No,1+,Supernatural,ghost apparition,,2,False,Dusk
Los Angeles,California,-118.2436849,34.0522342,No,2+,Supernatural,ghost,,1,False,Dusk
Los Angeles,California,-118.2436849,34.0522342,Yes,2+,Unknown,Unknown,,0,False,Evening
Los Angeles,California,-118.2436849,34.0522342,Yes,3,Murder,ghost,,1,False,Evening
Los Angeles,California,-118.2436849,34.0522342,No,1+,Supernatural,spirit presence,"playful spirit, other spirit, heavy presence",2,False,Unknown
Los Angeles,California,-118.2436849,34.0522342,No,0,Suicide,presence,,1,False,Morning
Los Angeles,California,-118.2436849,34.0522342,Yes,0,Unknown,Unknown,,0,False,Unknown
Los Angeles,California,-118.2436849,34.0522342,No,0,Supernatural,ghost,,1,False,Dusk
Los Angeles,California,-118.2436849,34.0522342,No,1,Supernatural,Unknown,,0,False,Dusk
Los Angeles,California,-118.2436849,34.0522342,No,5+,Supernatural,Unknown,,0,False,Dusk
Los Angeles,California,-118.2436849,34.0522342,No,1,Supernatural,ghost,,1,False,Unknown
Los Angeles,California,-118.2436849,34.0522342,No,0,Murder,Unknown,,0,False,Dusk
Los Angeles,California,-118.2436849,34.0522342,Yes,1,Murder,Unknown,,0,False,Dusk
Los Angeles,California,-118.2436849,34.0522342,Yes,0,Suicide,apparition,,1,False,Dusk
Los Angeles,California,-118.2436849,34.0522342,No,0,Murder,Unknown,,0,False,Morning
Los Angeles,California,-118.2436849,34.0522342,Yes,3+,Murder,ghost figure,ghostly figure,2,False,Evening
Los Angeles,California,-118.2436849,34.0522342,Yes,0,Suicide,spirit,,1,False,Dusk
Los Angeles,California,-118.2436849,34.0522342,No,4,Murder,apparition figure,running figure,2,False,Dusk
Los Angeles,California,-118.2436849,34.0522342,No,2+,Supernatural,ghost spirit,,2,False,Evening
Los Angeles,California,-118.2436849,34.0522342,No,1,Unknown,Unknown,,0,False,Dusk
Los Angeles,California,-118.2436849,34.0522342,Yes,1,Supernatural,entity,,1,False,Dusk
Los Angeles,California,-118.2436849,34.0522342,Yes,3+,Death,apparition,,1,False,Unknown
Los Angeles,California,-118.2436849,34.0522342,No,1,Unknown,Unknown,,0,False,Dusk
Los Gatos,California,-121.9623751,37.2358078,No,0,Unknown,Unknown,,0,False,Dusk
Los Gatos,California,-121.9623751,37.2358078,Yes,1+,Supernatural,Unknown,,0,False,Evening
Los Gatos,California,-121.9623751,37.2358078,Yes,1,Supernatural,ghost,,1,False,Evening
Los Gatos,California,-121.9623751,37.2358078,No,0,Supernatural,ghost,,1,False,Dusk
Los Gatos,California,-121.9623751,37.2358078,No,1,Supernatural,ghost,,1,True,Morning
Los Gatos,California,-121.9623751,37.2358078,No,1,Unknown,Unknown,,0,False,Dusk
Lynwood,California,-118.2114603,33.930293,No,2+,Murder,Unknown,,0,False,Morning
Ajo,Arizona,-112.8607099,32.3717248,No,0,Murder,Unknown,,0,False,Dusk
Anthem,Arizona,-112.1251372,33.8543346,No,2+,Murder,ghost,,1,False,Dusk
Arizona City,Arizona,-111.6709584,32.7558935,Yes,0,Death,shadow,,1,True,Evening
Bisbee,Arizona,-109.9284084,31.4481547,No,3+,Supernatural,spirit presence,benevolent spirit,2,False,Dusk
Bisbee,Arizona,-109.9284084,31.4481547,Yes,5+,Supernatural,spirit apparition,headless apparition,2,False,Morning
Bisbee,Arizona,-109.9284084,31.4481547,No,1,Supernatural,apparition,dark apparition,1,False,Dusk
Bisbee,Arizona,-109.9284084,31.4481547,Yes,2+,Suicide,Unknown,,0,False,Morning
Bullhead City,Arizona,-114.5285981,35.1359386,No,0,Supernatural,Unknown,,0,False,Evening
Caldwell,Arizona,-111.9682715,33.4524818,Yes,1,Supernatural,shadow,,1,False,Evening
Casa Grande,Arizona,-111.7733902,32.9110027,No,2,Murder,ghost,,1,False,Morning
Casa Grande,Arizona,-111.7733902,32.9110027,Yes,1,Supernatural,shadow,,1,False,Unknown
Casa Grande,Arizona,-111.7733902,32.9110027,No,1,Unknown,mist,black mist,1,False,Evening
Casa Grande,Arizona,-111.7733902,32.9110027,No,3+,Supernatural,Unknown,,0,False,Evening
Casa Grande,Arizona,-111.7733902,32.9110027,Yes,2+,Murder,figure,shadowy figure,1,False,Evening
Chandler,Arizona,-111.8412502,33.3061605,No,2+,Supernatural,Unknown,,0,False,Evening
Chandler,Arizona,-111.8412502,33.3061605,Yes,1,Supernatural,apparition,female apparition,1,False,Unknown
Chinle,Arizona,-109.5526072,36.1544483,Yes,0,Natural Disaster,Unknown,,0,False,Dusk
Cochise,Arizona,-109.9211756,32.1139688,No,0,Unknown,Unknown,,0,False,Morning
Dardanelle,Arizona,-111.7702475,34.8662845,No,0,Murder,Unknown,,0,False,Evening
Douglas,Arizona,-109.5453447,31.3445471,No,0,Supernatural,Unknown,,0,False,Unknown
Elfrida,Arizona,-109.6874513,31.6852283,Yes,3,Murder,apparition,,1,False,Dusk
Flagstaff,Arizona,-111.651302,35.1982836,No,0,Supernatural,ghost,tall ghost,1,False,Dusk
Flagstaff,Arizona,-111.651302,35.1982836,No,2,Supernatural,ghost phantom,female ghost,2,False,Dusk
Flagstaff,Arizona,-111.651302,35.1982836,Yes,1,Supernatural,Unknown,,0,False,Evening
Flagstaff,Arizona,-111.651302,35.1982836,Yes,1,Supernatural,ghost apparition,,2,False,Dusk
Flagstaff,Arizona,-111.651302,35.1982836,No,3+,Suicide,Unknown,,0,False,Dusk
Flagstaff,Arizona,-111.651302,35.1982836,Yes,6,Suicide,figure,dark figure,1,False,Evening
Flagstaff,Arizona,-111.651302,35.1982836,No,2,Supernatural,Unknown,,0,False,Evening
Flagstaff,Arizona,-111.651302,35.1982836,Yes,0,Supernatural,Unknown,,0,False,Evening
Florence,Arizona,-111.3873431,33.0314508,Yes,5+,Murder,Unknown,,0,False,Dusk
Florence,Arizona,-111.3873431,33.0314508,Yes,3,Supernatural,ghost,,1,False,Dusk
Fountain Hills,Arizona,-111.7256936,33.6042079,Yes,1,Murder,Unknown,,0,False,Evening
Fountain Hills,Arizona,-111.7256936,33.6042079,Yes,0,Murder,figure,strange figure,1,False,Dusk
Gilbert,Arizona,-111.789027,33.3528264,No,0,Murder,ghost,,1,False,Dusk
Glendale,Arizona,-112.1859866,33.5386523,Yes,3,Supernatural,Unknown,,0,False,Unknown
Glendale,Arizona,-112.1859866,33.5386523,No,1,Murder,shadow specter,,2,False,Dusk
Glendale,Arizona,-112.1859866,33.5386523,Yes,3+,Supernatural,Unknown,,0,False,Evening
Glendale,Arizona,-112.1859866,33.5386523,Yes,1,Supernatural,Unknown,,0,False,Evening
Glendale,Arizona,-112.1859866,33.5386523,No,1,Supernatural,Unknown,,0,True,Dusk
Globe,Arizona,-110.7864984,33.3942223,Yes,0,Supernatural,Unknown,,0,False,Dusk
Globe,Arizona,-110.7864984,33.3942223,No,0,Supernatural,ghost,,1,False,Dusk
Globe,Arizona,-110.7864984,33.3942223,Yes,1,Supernatural,Unknown,,0,False,Evening
Globe,Arizona,-110.7864984,33.3942223,No,1,Murder,ghost shadow,,2,False,Morning
Goodyear,Arizona,-112.3576567,33.4353394,Yes,1,Unknown,Unknown,,0,False,Dusk
Grand Canyon National Park,Arizona,-112.1129972,36.1069652,No,1+,Supernatural,ghost spirit figure,,3,False,Dusk
Grand Canyon National Park,Arizona,-112.1129972,36.1069652,Yes,1,Supernatural,figure,"black figure, misty figure",1,False,Dusk
Hot Springs,Arizona,-112.9401558,33.4931271,No,0,Unknown,Unknown,,0,False,Evening
Huachuca Military Reservation,Arizona,-110.3461518,31.5547087,No,3,Supernatural,apparition,whitish apparition,1,False,Unknown
Huachuca Military Reservation,Arizona,-110.3461518,31.5547087,No,1+,Murder,Unknown,,0,False,Dusk
Jacksonville,Arizona,-92.1101458,34.8662005,No,1,Supernatural,apparition,,1,False,Evening
Jerome,Arizona,-112.1137716,34.7489107,No,3,Supernatural,ghost,,1,False,Unknown
Jerome,Arizona,-112.1137716,34.7489107,Yes,3,Supernatural,apparition,,1,False,Unknown
Jerome,Arizona,-112.1137716,34.7489107,No,0,Supernatural,presence,,1,False,Dusk
Jerome,Arizona,-112.1137716,34.7489107,No,2,Supernatural,spirit,female spirit,1,False,Evening
Kingman,Arizona,-114.0530065,35.189443,Yes,0,Murder,Unknown,,0,False,Morning
Kingman,Arizona,-114.0530065,35.189443,Yes,1,Supernatural,Unknown,,0,False,Unknown
Lakeside,Arizona,-109.9603843,34.1425438,No,1,Murder,Unknown,,0,False,Dusk
Magnolia,Arizona,-93.239334,33.2670725,No,2+,Supernatural,ghost,,1,False,Evening
Maricopa County,Arizona,-112.4291464,33.2917968,Yes,0,Murder,figure,,1,False,Dusk
Mesa,Arizona,-111.8314724,33.4151843,No,1,Supernatural,Unknown,,0,False,Dusk
Mesa,Arizona,-111.8314724,33.4151843,No,1,Supernatural,apparition shadow,,2,False,Evening
Mesa,Arizona,-111.8314724,33.4151843,No,1,Supernatural,shadow,,1,False,Dusk
Mesa,Arizona,-111.8314724,33.4151843,No,0,Unknown,Unknown,,0,False,Dusk
Mesa,Arizona,-111.8314724,33.4151843,No,1,Murder,spirit,,1,False,Dusk
Mesa,Arizona,-111.8314724,33.4151843,Yes,0,Supernatural,Unknown,,0,False,Dusk
Mesa,Arizona,-111.8314724,33.4151843,Yes,1+,Supernatural,Unknown,,0,False,Dusk
Mesa,Arizona,-111.8314724,33.4151843,Yes,3+,Supernatural,ghost,,1,False,Dusk
Miami,Arizona,-110.8687232,33.3992217,No,2+,Supernatural,Unknown,,0,False,Unknown
Nogales,Arizona,-110.9342532,31.3403775,No,2+,Supernatural,apparition,,1,False,Dusk
Oatman,Arizona,-114.3835698,35.0263915,Yes,3+,Supernatural,ghost,former ghost,1,False,Evening
Oracle,Arizona,-110.7709348,32.6109054,No,2,Supernatural,ghost,,1,False,Evening
Patagonia,Arizona,-110.7561963,31.5395378,Yes,1,Supernatural,Unknown,,0,False,Evening
Peoria,Arizona,-112.2373779,33.5805955,Yes,3+,Supernatural,Unknown,,0,False,Morning
Peoria,Arizona,-112.2373779,33.5805955,No,1,Suicide,Unknown,,0,False,Dusk
Peoria,Arizona,-112.2373779,33.5805955,Yes,2+,Unknown,Unknown,,0,False,Dusk
Phoenix,Arizona,-112.0740373,33.4483771,No,5+,Murder,presence,certain presence,1,False,Evening
Phoenix,Arizona,-112.0740373,33.4483771,Yes,3+,Murder,apparition,,1,False,Dusk
Phoenix,Arizona,-112.0740373,33.4483771,Yes,2+,Supernatural,ghost,,1,False,Evening
Phoenix,Arizona,-112.0740373,33.4483771,Yes,3+,Supernatural,Unknown,,0,False,Unknown
Phoenix,Arizona,-112.0740373,33.4483771,No,3+,Murder,spirit,,1,False,Dusk
Phoenix,Arizona,-112.0740373,33.4483771,Yes,1,Unknown,Unknown,,0,False,Dusk
Phoenix,Arizona,-112.0740373,33.4483771,Yes,3,Supernatural,figure,glowing figure,1,False,Dusk
Phoenix,Arizona,-112.0740373,33.4483771,Yes,3+,Supernatural,ghost presence,,2,False,Dusk
Phoenix,Arizona,-112.0740373,33.4483771,No,0,Supernatural,demon,,1,False,Dusk
Phoenix,Arizona,-112.0740373,33.4483771,Yes,0,Supernatural,Unknown,,0,False,Unknown
Phoenix,Arizona,-112.0740373,33.4483771,Yes,0,Murder,Unknown,,0,False,Evening
Phoenix,Arizona,-112.0740373,33.4483771,Yes,1+,Supernatural,Unknown,,0,False,Dusk
Phoenix,Arizona,-112.0740373,33.4483771,Yes,0,Suicide,ghost,,1,False,Dusk
Phoenix,Arizona,-112.0740373,33.4483771,No,1+,Supernatural,shadow,,1,False,Dusk
Phoenix,Arizona,-112.0740373,33.4483771,No,0,Murder,Unknown,,0,False,Unknown
Phoenix,Arizona,-112.0740373,33.4483771,No,2+,Supernatural,Unknown,,0,False,Dusk
Pinal,Arizona,-111.2845025,32.8162061,Yes,3+,Unknown,Unknown,,0,False,Morning
Prescott,Arizona,-112.4685025,34.5400242,No,5+,Supernatural,ghost,,1,False,Evening
Prescott,Arizona,-112.4685025,34.5400242,Yes,0,Supernatural,Unknown,,0,False,Dusk
Prescott,Arizona,-112.4685025,34.5400242,Yes,1,Supernatural,apparition,,1,False,Dusk
Prescott,Arizona,-112.4685025,34.5400242,No,0,Supernatural,Unknown,,0,False,Dusk
Prescott,Arizona,-112.4685025,34.5400242,Yes,1,Murder,spirit,,1,False,Dusk
Prescott,Arizona,-112.4685025,34.5400242,No,3+,Supernatural,Unknown,,0,False,Dusk
Prescott,Arizona,-112.4685025,34.5400242,No,3+,Supernatural,presence,definite presence,1,False,Morning
Prescott,Arizona,-112.4685025,34.5400242,Yes,1,Supernatural,orb,,1,True,Dusk
Roosevelt Lake,Arizona,-111.1235382,33.6865184,No,0,Supernatural,presence,strange presence,1,False,Unknown
San Manuel,Arizona,-110.6309289,32.5997933,Yes,1,Death,Unknown,,0,False,Evening
Scottsdale,Arizona,-111.9260519,33.4941704,No,0,Unknown,Unknown,,0,False,Unknown
Sierra Vista,Arizona,-110.2772856,31.5455001,No,0,Supernatural,ghost,,1,False,Evening
Sierra Vista,Arizona,-110.2772856,31.5455001,Yes,1,Supernatural,shadow,,1,False,Evening
South Phoenix,Arizona,-112.0734812,33.4067115,No,0,Supernatural,shadow,,1,False,Dusk
St. David,Arizona,-110.2142399,31.9042517,Yes,0,Supernatural,apparition,,1,False,Dusk
Tempe,Arizona,-111.9400054,33.4255104,Yes,1,Unknown,Unknown,,0,False,Dusk
Tempe,Arizona,-111.9400054,33.4255104,No,2,Supernatural,Unknown,,0,False,Unknown
Tempe,Arizona,-111.9400054,33.4255104,Yes,2+,Supernatural,Unknown,,0,False,Morning
Tempe,Arizona,-111.9400054,33.4255104,Yes,5+,Supernatural,Unknown,,0,True,Evening
Tombstone,Arizona,-110.0675764,31.7128683,No,0,Supernatural,ghost,,1,True,Evening
Tombstone,Arizona,-110.0675764,31.7128683,Yes,1,Supernatural,spirit apparition shadow,,3,False,Unknown
Tombstone,Arizona,-110.0675764,31.7128683,Yes,3+,Supernatural,Unknown,,0,False,Dusk
Tombstone,Arizona,-110.0675764,31.7128683,Yes,1+,Supernatural,Unknown,,0,False,Dusk
Tombstone,Arizona,-110.0675764,31.7128683,No,2,Supernatural,ghost,,1,False,Dusk
Tombstone,Arizona,-110.0675764,31.7128683,No,0,Supernatural,ghost,,1,False,Unknown
Tucson,Arizona,-110.926479,32.2217429,No,3+,Unknown,Unknown,,0,False,Dusk
Tucson,Arizona,-110.926479,32.2217429,No,2+,Unknown,Unknown,,0,False,Unknown
Tucson,Arizona,-110.926479,32.2217429,No,2,Supernatural,spirit,,1,False,Evening
Tucson,Arizona,-110.926479,32.2217429,No,1+,Supernatural,Unknown,,0,False,Dusk
Tucson,Arizona,-110.926479,32.2217429,Yes,1,Supernatural,figure,,1,False,Dusk
Tucson,Arizona,-110.926479,32.2217429,Yes,5,Supernatural,figure,female figure,1,False,Morning
Tucson,Arizona,-110.926479,32.2217429,No,0,Murder,Unknown,,0,False,Unknown
Tucson,Arizona,-110.926479,32.2217429,Yes,2+,Unknown,Unknown,,0,False,Evening
Tucson,Arizona,-110.926479,32.2217429,No,1,Unknown,Unknown,,0,False,Dusk
Tucson,Arizona,-110.926479,32.2217429,Yes,0,Supernatural,presence,,1,False,Unknown
Tucson,Arizona,-110.926479,32.2217429,No,1,Supernatural,Unknown,,0,False,Dusk
Tucson,Arizona,-110.926479,32.2217429,No,2+,Unknown,Unknown,,0,False,Dusk
Tucson,Arizona,-110.926479,32.2217429,No,0,Unknown,Unknown,,0,False,Morning
Tucson,Arizona,-110.926479,32.2217429,No,1,Supernatural,Unknown,,0,False,Unknown
Tucson,Arizona,-110.926479,32.2217429,No,1,Supernatural,ghost figure,,2,False,Evening
Tucson,Arizona,-110.926479,32.2217429,No,1,Supernatural,spirit presence,strong presence,2,False,Morning
Tucson,Arizona,-110.926479,32.2217429,No,1,Supernatural,Unknown,,0,False,Dusk
Tucson,Arizona,-110.926479,32.2217429,No,0,Murder,spirit,,1,False,Dusk
Tucson,Arizona,-110.926479,32.2217429,Yes,0,Supernatural,Unknown,,0,False,Dusk
Tucson,Arizona,-110.926479,32.2217429,Yes,2+,Murder,ghost,,1,False,Dusk
Tucson,Arizona,-110.926479,32.2217429,No,0,Supernatural,ghost presence,"heavy presence, negative presence, angry presence",2,False,Dusk
Tucson,Arizona,-110.926479,32.2217429,Yes,3+,Unknown,Unknown,,0,False,Evening
Tucson,Arizona,-110.926479,32.2217429,No,2,Unknown,Unknown,,0,False,Morning
Tucson,Arizona,-110.926479,32.2217429,No,2+,Unknown,Unknown,,0,False,Dusk
Tucson,Arizona,-110.926479,32.2217429,Yes,7+,Murder,specter figure,shadowy figure,2,False,Dusk
Tucson,Arizona,-110.926479,32.2217429,No,2+,Supernatural,Unknown,,0,False,Evening
Tucson,Arizona,-110.926479,32.2217429,Yes,3+,Murder,Unknown,,0,False,Unknown
Tucson,Arizona,-110.926479,32.2217429,Yes,5+,Supernatural,apparition,,1,False,Unknown
Tucson,Arizona,-110.926479,32.2217429,No,1,Murder,apparition,,1,False,Evening
Tucson,Arizona,-110.926479,32.2217429,No,2,Supernatural,spirit,,1,False,Unknown
Whiteriver,Arizona,-109.9642664,33.8369944,Yes,0,Unknown,Unknown,,0,False,Dusk
White Mountains,Arizona,-109.5850926,33.9106043,No,0,Supernatural,ghost,,1,True,Unknown
Wickenburg,Arizona,-112.7301882,33.9697664,Yes,2+,Supernatural,orb,,1,True,Evening
Wickenburg,Arizona,-112.7301882,33.9697664,No,2+,Supernatural,ghost,,1,False,Dusk
Williams,Arizona,-112.1910031,35.24945659999999,No,1,Supernatural,spirit presence,high presence,2,False,Evening
Winkleman,Arizona,-110.7709387,32.9875659,No,2,Supernatural,Unknown,,0,False,Evening
Yuma,Arizona,-114.6276916,32.6926512,No,1,Supernatural,Unknown,,0,False,Dusk
Yuma,Arizona,-114.6276916,32.6926512,No,3,Supernatural,ghost spirit,third spirit,2,False,Evening
Yuma,Arizona,-114.6276916,32.6926512,Yes,4,Supernatural,ghost spirit poltergeist,,3,False,Morning
Aberdeen,Maryland,-76.16411970000001,39.5095556,No,1,Supernatural,figure,"cloaked figure, evil figure",1,False,Dusk
Adelphi,Maryland,-76.97192,39.0031656,Yes,1+,Supernatural,ghost,,1,False,Evening
Anne Arundel County,Maryland,-76.5488232,38.9530109,No,0,Unknown,Unknown,,0,False,Unknown
Annapolis,Maryland,-76.4921829,38.9784453,No,0,Murder,ghost,,1,False,Dusk
Annapolis,Maryland,-76.4921829,38.9784453,No,0,Supernatural,Unknown,,0,False,Unknown
Annapolis,Maryland,-76.4921829,38.9784453,Yes,1+,Murder,Unknown,,0,False,Unknown
Annapolis,Maryland,-76.4921829,38.9784453,Yes,3+,Supernatural,Unknown,,0,False,Unknown
Annapolis,Maryland,-76.4921829,38.9784453,No,3+,Supernatural,shadow,,1,False,Unknown
Annapolis,Maryland,-76.4921829,38.9784453,No,0,Unknown,witch,,1,False,Dusk
Anteitam,Maryland,-77.74249999999999,39.416111,No,0,Murder,ghost,,1,False,Dusk
Arnold,Maryland,-76.50273949999999,39.0320554,No,0,Unknown,Unknown,,0,False,Evening
Baltimore,Maryland,-76.6121893,39.2903848,No,5+,Supernatural,ghost,friendly ghost,1,False,Evening
Baltimore,Maryland,-76.6121893,39.2903848,No,0,Murder,witch,,1,False,Evening
Baltimore,Maryland,-76.6121893,39.2903848,Yes,1,Supernatural,ghost,specific ghost,1,False,Evening
Baltimore,Maryland,-76.6121893,39.2903848,No,0,Supernatural,Unknown,,0,False,Dusk
Baltimore,Maryland,-76.6121893,39.2903848,No,1,Supernatural,spirit,,1,False,Evening
Baltimore,Maryland,-76.6121893,39.2903848,No,0,Natural Disaster,Unknown,,0,False,Evening
Baltimore,Maryland,-76.6121893,39.2903848,Yes,5+,Supernatural,ghost spirit figure,"shadowy figure, evil spirit",3,False,Dusk
Baltimore,Maryland,-76.6121893,39.2903848,No,1,Supernatural,Unknown,,0,False,Dusk
Baltimore,Maryland,-76.6121893,39.2903848,Yes,1,Supernatural,figure,floating figure,1,False,Unknown
Baltimore,Maryland,-76.6121893,39.2903848,No,0,Unknown,Unknown,,0,False,Evening
Baltimore,Maryland,-76.6121893,39.2903848,No,1,Supernatural,Unknown,,0,False,Dusk
Baltimore,Maryland,-76.6121893,39.2903848,No,1,Supernatural,Unknown,,0,False,Dusk
Baltimore,Maryland,-76.6121893,39.2903848,No,2+,Unknown,Unknown,,0,False,Unknown
Baltimore,Maryland,-76.6121893,39.2903848,Yes,1,Unknown,Unknown,,0,False,Dusk
Baltimore,Maryland,-76.6121893,39.2903848,No,1,Supernatural,Unknown,,0,False,Dusk
Baltimore,Maryland,-76.6121893,39.2903848,Yes,1,Supernatural,spirit,,1,False,Evening
Baltimore,Maryland,-76.6121893,39.2903848,Yes,1+,Supernatural,Unknown,,0,False,Dusk
Baltimore,Maryland,-76.6121893,39.2903848,No,0,Supernatural,spirit,heavyset spirit,1,False,Evening
Baltimore,Maryland,-76.6121893,39.2903848,Yes,5+,Supernatural,Unknown,,0,False,Dusk
Baltimore,Maryland,-76.6121893,39.2903848,No,3+,Supernatural,presence,,1,False,Dusk
Baltimore,Maryland,-76.6121893,39.2903848,No,1,Natural Disaster,Unknown,,0,False,Dusk
Baltimore,Maryland,-76.6121893,39.2903848,No,0,Murder,ghost,,1,False,Evening
Baltimore,Maryland,-76.6121893,39.2903848,Yes,5+,Supernatural,ghost,gear ghost,1,False,Evening
Baltimore,Maryland,-76.6121893,39.2903848,No,0,Supernatural,Unknown,,0,False,Evening
Baltimore,Maryland,-76.6121893,39.2903848,No,3+,Supernatural,Unknown,,0,False,Dusk
Baltimore,Maryland,-76.6121893,39.2903848,No,0,Unknown,Unknown,,0,False,Dusk
Baltimore County,Maryland,-76.7336521,39.4647665,No,1,Supernatural,ghost figure,,2,False,Dusk
Baltimore County,Maryland,-76.7336521,39.4647665,Yes,0,Death,Unknown,,0,False,Dusk
Baltimore County,Maryland,-76.7336521,39.4647665,No,0,Murder,Unknown,,0,False,Unknown
Bel Air,Maryland,-76.34829309999999,39.5359406,Yes,3+,Supernatural,Unknown,,0,False,Dusk
Bel Air,Maryland,-76.34829309999999,39.5359406,No,5+,Supernatural,Unknown,,0,False,Dusk
Bel Air,Maryland,-76.34829309999999,39.5359406,Yes,3,Supernatural,Unknown,,0,False,Dusk
Bel Air,Maryland,-76.34829309999999,39.5359406,Yes,5+,Unknown,Unknown,,0,False,Unknown
Beltsville,Maryland,-76.9074739,39.0348317,No,0,Supernatural,Unknown,,0,False,Evening
Bethesda,Maryland,-77.0947092,38.984652,No,0,Supernatural,Unknown,,0,False,Dusk
Boonsboro,Maryland,-77.6524907,39.5062108,No,0,Supernatural,ghost,many ghost,1,True,Evening
Boonsboro,Maryland,-77.6524907,39.5062108,No,0,Supernatural,ghost,many ghost,1,True,Evening
Bowie,Maryland,-76.77913649999999,39.0067768,No,0,Murder,Unknown,,0,False,Evening
Bowie,Maryland,-76.77913649999999,39.0067768,No,1+,Murder,ghost,favorite ghost,1,False,Dusk
Bowie,Maryland,-76.77913649999999,39.0067768,No,1,Supernatural,ghost,,1,False,Unknown
Broomes Island,Maryland,-76.5441218,38.41817950000001,Yes,1,Unknown,Unknown,,0,False,Dusk
Bucktown,Maryland,-76.03077139999999,38.4592865,No,0,Supernatural,Unknown,,0,False,Dusk
Cambridge,Maryland,-76.0788292,38.5631744,No,2+,Supernatural,spirit presence,,2,False,Dusk
Catonsville,Maryland,-76.73191609999999,39.2720509,Yes,2+,Supernatural,Unknown,,0,False,Unknown
Catonsville,Maryland,-76.73191609999999,39.2720509,No,1,Supernatural,Unknown,,0,False,Unknown
Charlotte Hall,Maryland,-76.77802199999999,38.4809565,Yes,2+,Murder,ghost,,1,False,Dusk
Cockeysville,Maryland,-76.6438598,39.4812172,Yes,3,Supernatural,Unknown,,0,False,Dusk
Colesville,Maryland,-77.0019212,39.0756643,Yes,5+,Supernatural,shadow,,1,False,Unknown
College Park,Maryland,-76.93776,38.9896967,Yes,3,Supernatural,ghost,,1,False,Dusk
Columbia,Maryland,-76.86104619999999,39.2037144,No,1,Supernatural,presence,strange presence,1,False,Dusk
Crownsville,Maryland,-76.6013536,39.0284438,No,1,Supernatural,Unknown,,0,False,Dusk
Cumberland,Maryland,-78.7625185,39.6528654,Yes,2+,Supernatural,witch,,1,False,Dusk
Cumberland,Maryland,-78.7625185,39.6528654,No,1,Suicide,apparition,,1,False,Dusk
Cumberland,Maryland,-78.7625185,39.6528654,No,1,Murder,ghost,,1,False,Dusk
Cumberland,Maryland,-78.7625185,39.6528654,Yes,1,Supernatural,ghost,,1,False,Unknown
Drayden,Maryland,-76.48161999999999,38.1787376,No,0,Unknown,Unknown,,0,False,Evening
Drayden,Maryland,-76.48161999999999,38.1787376,No,0,Supernatural,ghost,many ghost,1,False,Dusk
Dundalk,Maryland,-76.5205184,39.2506633,Yes,1,Supernatural,figure,Unexplainable Figure,1,False,Unknown
Dundalk,Maryland,-76.5205184,39.2506633,No,1,Supernatural,orb,,1,False,Evening
Easton,Maryland,-76.0763305,38.7742826,No,1,Supernatural,Unknown,,0,False,Evening
Eldersburg,Maryland,-76.9502567,39.40371469999999,No,1,Supernatural,Unknown,,0,False,Dusk
Elkton,Maryland,-75.83327179999999,39.60677889999999,No,3+,Death,Unknown,,0,False,Unknown
Elkridge,Maryland,-76.7625073,39.1978788,No,6,Supernatural,ghost,,1,False,Dusk
Ellicott City,Maryland,-76.7983067,39.2673283,No,1,Supernatural,Unknown,,0,False,Evening
Ellicott City,Maryland,-76.7983067,39.2673283,Yes,0,Unknown,Unknown,,0,False,Dusk
Ellicott City,Maryland,-76.7983067,39.2673283,No,0,Suicide,Unknown,,0,False,Dusk
Ellicott City,Maryland,-76.7983067,39.2673283,Yes,1,Natural Disaster,ghost,,1,False,Dusk
Ellicott City,Maryland,-76.7983067,39.2673283,Yes,0,Supernatural,Unknown,,0,False,Dusk
Ellicott City,Maryland,-76.7983067,39.2673283,No,0,Supernatural,demon,,1,False,Dusk
Emmetsburg,Maryland,-77.32693069999999,39.7045417,Yes,1+,Supernatural,ghost,,1,False,Unknown
Emittsburg,Maryland,-77.32693069999999,39.7045417,No,2+,Supernatural,ghost,,1,False,Dusk
Fall River,Maryland,-77.1890161,39.0395669,No,2+,Unknown,Unknown,,0,False,Evening
Fort George G. Mead,Maryland,-76.7267773,39.1137602,No,1+,Supernatural,ghost,,1,False,Morning
Fort Meade,Maryland,-76.7267773,39.1137602,No,0,Supernatural,Unknown,,0,False,Morning
Fort Meade,Maryland,-76.7267773,39.1137602,Yes,2+,Unknown,Unknown,,0,False,Dusk
Frederick,Maryland,-77.4105409,39.41426879999999,Yes,0,Unknown,Unknown,,0,False,Evening
Frederick,Maryland,-77.4105409,39.41426879999999,No,2+,Supernatural,ghost,,1,False,Evening
Frederick,Maryland,-77.4105409,39.41426879999999,Yes,0,Murder,Unknown,,0,False,Evening
Frederick,Maryland,-77.4105409,39.41426879999999,Yes,0,Supernatural,Unknown,,0,False,Dusk
Frederick,Maryland,-77.4105409,39.41426879999999,Yes,0,Supernatural,spirit,,1,False,Morning
Frederick,Maryland,-77.4105409,39.41426879999999,Yes,0,Unknown,Unknown,,0,False,Evening
Friendship,Maryland,-76.58940369999999,38.7367839,Yes,5+,Supernatural,presence,,1,False,Dusk
Frostburg,Maryland,-78.92835699999999,39.6581424,No,2,Murder,ghost,,1,False,Dusk
Frostburg,Maryland,-78.92835699999999,39.6581424,No,0,Supernatural,Unknown,,0,False,Dusk
Gaithersburg,Maryland,-77.2013705,39.1434406,Yes,1,Unknown,Unknown,,0,False,Evening
Gaithersburg,Maryland,-77.2013705,39.1434406,Yes,0,Unknown,Unknown,,0,False,Dusk
Gardens of Faith,Maryland,-76.5078947,39.3551135,Yes,1,Supernatural,Unknown,,0,False,Dusk
Germantown,Maryland,-77.2716502,39.1731621,No,1,Murder,Unknown,,0,False,Evening
Glen Dale,Maryland,-76.8205265,38.98761040000001,Yes,3+,Suicide,ghost,,1,False,Dusk
Greenbelt,Maryland,-76.87552819999999,39.0045544,Yes,3+,Supernatural,ghost,,1,False,Evening
Greenbelt,Maryland,-76.87552819999999,39.0045544,Yes,2+,Supernatural,Unknown,,0,False,Unknown
Greenbelt,Maryland,-76.87552819999999,39.0045544,No,1,Supernatural,Unknown,,0,False,Morning
Greenbelt,Maryland,-76.87552819999999,39.0045544,No,1,Supernatural,Unknown,,0,False,Dusk
Greenbelt,Maryland,-76.87552819999999,39.0045544,Yes,3,Supernatural,shadow figure,,2,False,Evening
Greenbelt,Maryland,-76.87552819999999,39.0045544,No,1,Unknown,Unknown,,0,False,Dusk
Greenbelt,Maryland,-76.87552819999999,39.0045544,No,1,Unknown,Unknown,,0,False,Evening
Greenbelt,Maryland,-76.87552819999999,39.0045544,Yes,1,Supernatural,Unknown,,0,False,Evening
Greenbelt,Maryland,-76.87552819999999,39.0045544,No,1,Unknown,Unknown,,0,False,Dusk
Greenbelt,Maryland,-76.87552819999999,39.0045544,No,1,Unknown,Unknown,,0,False,Dusk
Greenbelt,Maryland,-76.87552819999999,39.0045544,No,1,Unknown,Unknown,,0,False,Dusk
Greenbelt,Maryland,-76.87552819999999,39.0045544,No,1,Unknown,Unknown,,0,False,Unknown
Greenbelt,Maryland,-76.87552819999999,39.0045544,No,1,Unknown,Unknown,,0,False,Dusk
Greenbelt,Maryland,-76.87552819999999,39.0045544,No,0,Unknown,Unknown,,0,False,Dusk
Greenbelt,Maryland,-76.87552819999999,39.0045544,No,0,Supernatural,Unknown,,0,False,Dusk
Greenbelt,Maryland,-76.87552819999999,39.0045544,Yes,2+,Supernatural,figure,,1,False,Unknown
Greenbelt,Maryland,-76.87552819999999,39.0045544,No,1,Supernatural,Unknown,,0,False,Evening
Greenbelt,Maryland,-76.87552819999999,39.0045544,No,1,Natural Disaster,Unknown,,0,False,Dusk
Greenbelt,Maryland,-76.87552819999999,39.0045544,Yes,1,Unknown,Unknown,,0,False,Dusk
Greenbelt,Maryland,-76.87552819999999,39.0045544,No,1,Unknown,Unknown,,0,False,Dusk
Greenbelt,Maryland,-76.87552819999999,39.0045544,No,1,Supernatural,shadow,,1,False,Evening
Hagerstown,Maryland,-77.71999319999999,39.6417629,Yes,4+,Murder,apparition figure,dark figure,2,False,Dusk
Hagerstown,Maryland,-77.71999319999999,39.6417629,No,2+,Supernatural,phantom figure,,2,False,Dusk
Hagerstown,Maryland,-77.71999319999999,39.6417629,Yes,1,Unknown,Unknown,,0,False,Dusk
Hagerstown,Maryland,-77.71999319999999,39.6417629,No,0,Supernatural,Unknown,,0,False,Dusk
Harford,Maryland,-76.3637285,39.5838964,No,2+,Supernatural,Unknown,,0,False,Unknown
Harford,Maryland,-76.3637285,39.5838964,No,2+,Unknown,Unknown,,0,False,Unknown
Hebron,Maryland,-75.6877068,38.4201174,No,5+,Supernatural,ghost orb,,2,False,Unknown
Henryton,Maryland,-76.9133105,39.3512158,No,2+,Supernatural,shadow,,1,False,Dusk
Indian head,Maryland,-77.1622016,38.60011859999999,No,3,Supernatural,presence,strong presence,1,False,Dusk
Joppa,Maryland,-76.3557028,39.4290415,No,1+,Supernatural,Unknown,,0,False,Evening
Kingsville,Maryland,-76.41773959999999,39.4487185,Yes,1,Suicide,Unknown,,0,False,Dusk
Landover,Maryland,-76.8966397,38.9340002,No,0,Unknown,Unknown,,0,False,Unknown
Malden,Maryland,-76.6512829,39.3330908,No,0,Unknown,Unknown,,0,False,Evening
Montgomery County,Maryland,-77.2405153,39.1547426,Yes,0,Unknown,Unknown,,0,False,Evening
Montgomery County,Maryland,-77.2405153,39.1547426,No,0,Unknown,Unknown,,0,False,Evening
Mount Savage,Maryland,-78.87974419999999,39.6956417,Yes,0,Supernatural,Unknown,,0,False,Dusk
New Market,Maryland,-77.26942780000002,39.3826031,Yes,0,Supernatural,Unknown,,0,False,Dusk
Odenton,Maryland,-76.7002462,39.0839981,Yes,0,Murder,Unknown,,0,False,Evening
Olney,Maryland,-77.066923,39.1531627,No,2,Supernatural,Unknown,,0,False,Unknown
Pasadena,Maryland,-76.57107529999999,39.1073317,Yes,3+,Natural Disaster,ghost,,1,True,Evening
Perryman,Maryland,-76.2043987,39.4695543,Yes,1,Unknown,Unknown,,0,False,Unknown
Pocomoke,Maryland,-75.56798049999999,38.0756773,No,0,Murder,Unknown,,0,False,Dusk
Point Lookout,Maryland,-76.3374474,38.0609713,No,5+,Supernatural,ghost,male ghost,1,True,Dusk
Point Lookout,Maryland,-76.3374474,38.0609713,Yes,4,Supernatural,figure,,1,False,Morning
Poolesville,Maryland,-77.4169311,39.1459392,No,1,Murder,ghost spirit,,2,False,Evening
Port Deposit,Maryland,-76.11522889999999,39.6048327,No,3+,Murder,Unknown,,0,False,Dusk
Port Tobacco,Maryland,-77.018833,38.51138359999999,No,1,Supernatural,Unknown,,0,False,Evening
Potomac,Maryland,-77.2085914,39.0181651,No,1,Supernatural,Unknown,,0,False,Unknown
Prince Georges County,Maryland,-76.8720961,38.78492110000001,No,0,Unknown,Unknown,,0,False,Evening
Prince George’s County,Maryland,-76.8720961,38.78492110000001,Yes,0,Death,Unknown,,0,False,Evening
Randallstown,Maryland,-76.79525249999999,39.3673278,No,1+,Supernatural,Unknown,,0,False,Dusk
Randallstown,Maryland,-76.79525249999999,39.3673278,No,1,Natural Disaster,Unknown,,0,False,Dusk
Reisterstown,Maryland,-76.82942129999999,39.4695489,Yes,5+,Supernatural,witch,,1,False,Dusk
Reliance,Maryland,-75.7063197,38.6353924,No,0,Murder,ghost,,1,False,Unknown
Rockville,Maryland,-77.1527578,39.0839973,Yes,1,Murder,Unknown,,0,False,Dusk
Rockville,Maryland,-77.1527578,39.0839973,Yes,1,Supernatural,presence,Strange presence,1,False,Dusk
Scotland,Maryland,-76.36189259999999,38.0890152,No,1,Supernatural,presence,,1,False,Evening
Snow Hill,Maryland,-75.39269589999999,38.1770634,No,5+,Supernatural,spirit,,1,False,Dusk
St. Mary's County,Maryland,-76.3637285,38.1060259,Yes,1+,Supernatural,ghost,,1,False,Evening
Summit Lake,Maryland,-77.404384,39.6886056,Yes,3+,Unknown,Unknown,,0,False,Evening
Sykesville,Maryland,-76.9677566,39.3737149,Yes,1,Unknown,Unknown,,0,False,Dusk
Temple Hills,Maryland,-76.9455296,38.8140024,No,2,Unknown,Unknown,,0,False,Dusk
Towson,Maryland,-76.6019125,39.4014955,No,0,Supernatural,ghost,,1,False,Dusk
Tunis Mills,Maryland,-76.1663349,38.8203936,Yes,0,Death,Unknown,,0,False,Dusk
Westminster,Maryland,-76.9958149,39.5753791,No,0,Murder,ghost,,1,False,Evening
Westminster,Maryland,-76.9958149,39.5753791,Yes,0,Supernatural,Unknown,,0,False,Unknown
Westminster,Maryland,-76.9958149,39.5753791,Yes,0,Unknown,Unknown,,0,False,Evening
Westminster,Maryland,-76.9958149,39.5753791,No,0,Murder,Unknown,,0,False,Evening
Woodsboro,Maryland,-77.314706,39.5331563,No,0,Murder,Unknown,,0,False,Dusk
Ada,Oklahoma,-96.6783449,34.774531,No,1,Unknown,Unknown,,0,False,Evening
Ada,Oklahoma,-96.6783449,34.774531,No,2+,Supernatural,Unknown,,0,False,Evening
Alva,Oklahoma,-98.6664737,36.8050308,No,2+,Unknown,Unknown,,0,False,Unknown
Ada,Oklahoma,-96.6783449,34.774531,No,0,Supernatural,figure,,1,False,Evening
Anadarko,Oklahoma,-98.2436625,35.072562,No,3+,Death,Unknown,,0,True,Evening
Alderson,Oklahoma,-95.6919317,34.9000973,Yes,3+,Supernatural,Unknown,,0,False,Dusk
Ardmore,Oklahoma,-97.1436254,34.1742611,No,1,Supernatural,Unknown,,0,False,Unknown
Ardmore,Oklahoma,-97.1436254,34.1742611,No,1,Unknown,Unknown,,0,False,Evening
Avard,Oklahoma,-98.7889783,36.6989211,Yes,1,Murder,orb,,1,True,Unknown
Bartlesville,Oklahoma,-95.9808179,36.7473114,No,0,Supernatural,Unknown,,0,False,Unknown
Bartlesville,Oklahoma,-95.9808179,36.7473114,No,0,Supernatural,Unknown,,0,False,Evening
Bartlesville,Oklahoma,-95.9808179,36.7473114,Yes,1+,Natural Disaster,Unknown,,0,False,Dusk
Bessie,Oklahoma,-98.9881366,35.3858846,Yes,1,Supernatural,apparition,,1,True,Evening
Binger,Oklahoma,-98.3420014,35.3089454,Yes,2+,Unknown,Unknown,,0,False,Evening
Blackwell,Oklahoma,-97.2828207,36.8044767,No,0,Suicide,Unknown,,0,False,Dusk
Blanchard,Oklahoma,-97.6580935,35.1378441,No,1,Supernatural,shadow figure,tall figure,2,False,Unknown
Braggs,Oklahoma,-95.1980169,35.6634306,Yes,2,Supernatural,Unknown,,0,False,Evening
Broken Arrow,Oklahoma,-95.7974526,36.060949,No,0,Natural Disaster,Unknown,,0,False,Unknown
Broken Arrow,Oklahoma,-95.7974526,36.060949,No,0,Supernatural,Unknown,,0,False,Unknown
Broken Arrow,Oklahoma,-95.7974526,36.060949,No,1,Unknown,Unknown,,0,False,Unknown
Broken Arrow,Oklahoma,-95.7974526,36.060949,Yes,1,Supernatural,Unknown,,0,False,Dusk
Broken Bow,Oklahoma,-94.7391045,34.0292764,Yes,0,Supernatural,Unknown,,0,False,Evening
Buffalo,Oklahoma,-99.6303972,36.8355869,No,3+,Supernatural,spirit,,1,False,Evening
Buffalo Valley,Oklahoma,-95.2457462,34.7320067,No,0,Murder,ghost,,1,False,Dusk
Byng,Oklahoma,-96.6655688,34.8611959,Yes,2,Supernatural,ghost,,1,False,Unknown
Byng,Oklahoma,-96.6655688,34.8611959,Yes,1,Supernatural,ghost,,1,False,Dusk
Byng,Oklahoma,-96.6655688,34.8611959,No,2,Supernatural,ghost,,1,False,Evening
Comanche,Oklahoma,-97.963924,34.3689747,No,1,Unknown,Unknown,,0,False,Evening
Catoosa,Oklahoma,-95.74581700000002,36.188987,Yes,0,Suicide,Unknown,,0,False,Dusk
Catoosa,Oklahoma,-95.74581700000002,36.188987,Yes,5+,Supernatural,Unknown,,0,False,Dusk
Choctaw,Oklahoma,-97.2689212,35.4975625,Yes,1+,Unknown,Unknown,,0,False,Dusk
Choctaw,Oklahoma,-97.2689212,35.4975625,No,1+,Unknown,Unknown,,0,False,Evening
Claremore,Oklahoma,-95.61609,36.3125963,Yes,2,Supernatural,Unknown,,0,False,Dusk
Claremore,Oklahoma,-95.61609,36.3125963,No,2+,Unknown,Unknown,,0,False,Morning
Clayton,Oklahoma,-95.3527475,34.589545,Yes,1,Supernatural,Unknown,,0,False,Evening
Clinton,Oklahoma,-98.9673069,35.5156056,No,1,Unknown,Unknown,,0,False,Evening
Calera,Oklahoma,-96.4286022,33.9345433,Yes,3+,Supernatural,Unknown,,0,False,Unknown
Coalgate,Oklahoma,-96.2186092,34.5381481,No,0,Unknown,Unknown,,0,False,Unknown
Concho,Oklahoma,-97.9944958,35.6156047,Yes,1,Murder,Unknown,,0,False,Unknown
Cookson,Oklahoma,-94.919952,35.7109258,Yes,0,Unknown,Unknown,,0,False,Unknown
Coweta,Oklahoma,-95.650814,35.9517674,No,1+,Suicide,Unknown,,0,False,Morning
Coweta,Oklahoma,-95.650814,35.9517674,Yes,1,Supernatural,Unknown,,0,False,Dusk
Comanche,Oklahoma,-97.963924,34.3689747,No,2+,Murder,figure,,1,False,Dusk
Cordell,Oklahoma,-98.9876227,35.291271,No,2+,Unknown,Unknown,,0,False,Dusk
Crescent,Oklahoma,-97.5947685,35.9525431,Yes,1,Unknown,Unknown,,0,False,Evening
Cushing,Oklahoma,-96.76697,35.9850639,Yes,1,Supernatural,demon,,1,False,Dusk
Cushing,Oklahoma,-96.76697,35.9850639,Yes,0,Unknown,Unknown,,0,False,Dusk
Cyril,Oklahoma,-98.2006044,34.8964555,Yes,1+,Murder,Unknown,,0,False,Evening
Cyril,Oklahoma,-98.2006044,34.8964555,Yes,0,Suicide,orb,many orb,1,True,Dusk
Cyril,Oklahoma,-98.2006044,34.8964555,No,0,Unknown,Unknown,,0,False,Evening
Drumright,Oklahoma,-96.6011294,35.9884013,No,1,Supernatural,figure,ghostly figure,1,False,Unknown
Duncan,Oklahoma,-97.9578128,34.5023028,Yes,0,Supernatural,Unknown,,0,False,Dusk
Durant,Oklahoma,-96.3971233,33.9924186,No,0,Murder,ghost,,1,False,Morning
Durant,Oklahoma,-96.3971233,33.9924186,No,2,Murder,Unknown,,0,False,Morning
Durant,Oklahoma,-96.3971233,33.9924186,Yes,2+,Murder,ghost,,1,False,Dusk
Edmond,Oklahoma,-97.47809540000002,35.6528323,Yes,5+,Supernatural,ghost,,1,False,Evening
El Reno,Oklahoma,-97.9550493,35.5322741,Yes,0,Unknown,Unknown,,0,False,Unknown
El Reno,Oklahoma,-97.9550493,35.5322741,No,2,Death,Unknown,,0,False,Unknown
Elk City,Oklahoma,-99.4042592,35.4119944,No,1,Supernatural,apparition poltergeist,,2,False,Unknown
Enid,Oklahoma,-97.8783911,36.3955891,No,1,Supernatural,apparition,,1,False,Dusk
Enid,Oklahoma,-97.8783911,36.3955891,Yes,0,Supernatural,Unknown,,0,False,Dusk
Enid,Oklahoma,-97.8783911,36.3955891,No,1+,Supernatural,spirit,,1,False,Dusk
Enid,Oklahoma,-97.8783911,36.3955891,Yes,1,Unknown,Unknown,,0,False,Dusk
Enid,Oklahoma,-97.8783911,36.3955891,Yes,0,Natural Disaster,Unknown,,0,False,Unknown
Fort Sill,Oklahoma,-98.4184224,34.5938359,Yes,1,Supernatural,Unknown,,0,False,Unknown
Fort Supply,Oklahoma,-99.5723366,36.5736459,Yes,0,Supernatural,ghost,,1,False,Unknown
Fort Washita,Oklahoma,-96.5470147,34.1024837,No,2+,Murder,apparition,green apparition,1,False,Dusk
Grace Mont,Oklahoma,-98.2606085,35.188393,Yes,1,Unknown,Unknown,,0,False,Evening
Guthrie,Oklahoma,-97.4253185,35.878937,Yes,0,Supernatural,ghost,,1,False,Dusk
Guthrie,Oklahoma,-97.4253185,35.878937,Yes,1,Suicide,apparition,,1,True,Evening
Guthrie,Oklahoma,-97.4253185,35.878937,No,1,Supernatural,apparition,,1,False,Dusk
Guthrie,Oklahoma,-97.4253185,35.878937,No,0,Unknown,Unknown,,0,False,Unknown
Guthrie,Oklahoma,-97.4253185,35.878937,No,0,Supernatural,Unknown,,0,False,Dusk
Hammon,Oklahoma,-99.3817653,35.6328261,No,2+,Supernatural,Unknown,,0,False,Dusk
Hammon,Oklahoma,-99.3817653,35.6328261,No,2+,Supernatural,ghost figure,,2,False,Unknown
Harrah,Oklahoma,-97.1636408,35.4895085,No,1,Supernatural,Unknown,,0,False,Dusk
Harrah,Oklahoma,-97.1636408,35.4895085,Yes,0,Murder,Unknown,,0,False,Dusk
Helena,Oklahoma,-98.2700706,36.5461432,Yes,0,Unknown,Unknown,,0,False,Evening
Hobart,Oklahoma,-99.0931317,35.0295009,No,1,Unknown,Unknown,,0,False,Unknown
Hontubby,Oklahoma,-94.5660581,34.8503797,Yes,1,Unknown,Unknown,,0,False,Dusk
Idabel,Oklahoma,-94.8263281,33.8956647,Yes,0,Supernatural,Unknown,,0,False,Dusk
Idabel,Oklahoma,-94.8263281,33.8956647,Yes,2+,Murder,Unknown,,0,False,Evening
Idabel,Oklahoma,-94.8263281,33.8956647,Yes,8+,Supernatural,Unknown,,0,False,Morning
Inola,Oklahoma,-95.5094195,36.1512097,No,1,Supernatural,Unknown,,0,False,Dusk
Jefferson City,Oklahoma,-97.7906099,36.7205853,No,0,Murder,Unknown,,0,False,Dusk
Joy,Oklahoma,-97.141944,34.593611,Yes,3+,Supernatural,Unknown,,0,False,Unknown
Kaw City,Oklahoma,-96.8672668,36.7668466,Yes,1,Supernatural,Unknown,,0,False,Evening
Kelleyville,Oklahoma,-96.2136136,35.9436968,No,1+,Supernatural,Unknown,,0,False,Evening
Kendrick,Oklahoma,-96.7748298,35.7858169,No,1,Supernatural,Unknown,,0,False,Dusk
Keys,Oklahoma,-94.9298999,35.7980574,Yes,1,Supernatural,apparition,,1,False,Dusk
Reading,Oklahoma,-95.9319291,36.1856223,Yes,3+,Suicide,Unknown,,0,False,Dusk
Kinta,Oklahoma,-95.2377458,35.1192644,Yes,2+,Supernatural,Unknown,,0,False,Unknown
Konawa/Pottawattomie,Oklahoma,-96.7527956,34.9595263,No,0,Death,Unknown,,0,False,Unknown
Konawa/Pottawattomie,Oklahoma,-96.7527956,34.9595263,Yes,0,Murder,Unknown,,0,False,Evening
Lawton,Oklahoma,-98.3959291,34.6035669,No,0,Unknown,Unknown,,0,False,Morning
Lawton,Oklahoma,-98.3959291,34.6035669,Yes,0,Supernatural,spirit,,1,False,Dusk
Lawton,Oklahoma,-98.3959291,34.6035669,Yes,2+,Unknown,Unknown,,0,False,Unknown
Lawton,Oklahoma,-98.3959291,34.6035669,No,0,Supernatural,shadow figure,,2,False,Unknown
Lawton,Oklahoma,-98.3959291,34.6035669,No,0,Supernatural,ghost shadow,,2,False,Dusk
Lone wolf,Oklahoma,-99.2495245,34.98950130000001,No,1,Unknown,Unknown,,0,False,Dusk
Macomb,Oklahoma,-97.0089117,35.1467405,Yes,5,Supernatural,spirit,,1,False,Unknown
McAlester,Oklahoma,-95.7697131,34.9334298,Yes,2,Supernatural,spirit figure,,2,False,Evening
Meridian,Oklahoma,-97.2469799,35.8419977,No,1,Unknown,Unknown,,0,False,Evening
Midwest City,Oklahoma,-97.3967019,35.4495065,No,0,Suicide,shadow presence,violent presence,2,False,Dusk
Midwest city,Oklahoma,-97.3967019,35.4495065,Yes,1,Supernatural,Unknown,,0,False,Morning
Millerton(West of Idabel),Oklahoma,-94.8380048,33.9099665,No,2+,Murder,ghost spirit,,2,False,Dusk
Moore,Oklahoma,-97.4867028,35.3395079,Yes,1,Unknown,Unknown,,0,False,Evening
Moore,Oklahoma,-97.4867028,35.3395079,No,1,Murder,Unknown,,0,False,Dusk
Muskogee,Oklahoma,-95.3696909,35.7478769,Yes,2+,Supernatural,apparition phantom,,2,False,Unknown
Muskogee,Oklahoma,-95.3696909,35.7478769,No,0,Supernatural,Unknown,,0,False,Unknown
Muskogee,Oklahoma,-95.3696909,35.7478769,Yes,1,Supernatural,ghost shadow,"big shadow, black shadow",2,False,Evening
Muskogee,Oklahoma,-95.3696909,35.7478769,No,1,Unknown,Unknown,,0,False,Dusk
Noble,Oklahoma,-97.394753,35.1392357,No,0,Unknown,Unknown,,0,False,Dusk
Oak Grove,Oklahoma,-96.3380697,36.205355,Yes,4+,Murder,spirit,,1,False,Dusk
Ochelata,Oklahoma,-95.9797109,36.6000907,No,0,Supernatural,ghost,,1,False,Unknown
Oklahoma City,Oklahoma,-97.5164276,35.4675602,No,2+,Supernatural,mist,floating mist,1,False,Evening
Oklahoma City,Oklahoma,-97.5164276,35.4675602,No,3+,Murder,ghost,,1,False,Evening
Oklahoma City,Oklahoma,-97.5164276,35.4675602,Yes,3+,Supernatural,Unknown,,0,False,Evening
Oklahoma City,Oklahoma,-97.5164276,35.4675602,Yes,5,Suicide,apparition entity,,2,False,Evening
Oklahoma City,Oklahoma,-97.5164276,35.4675602,Yes,3+,Natural Disaster,witch,,1,False,Dusk
Oklahoma City,Oklahoma,-97.5164276,35.4675602,No,1+,Supernatural,spirit,,1,False,Dusk
Oklahoma City,Oklahoma,-97.5164276,35.4675602,Yes,2,Suicide,Unknown,,0,False,Dusk
Oklahoma City,Oklahoma,-97.5164276,35.4675602,No,1+,Murder,spirit witch,old witch,2,False,Dusk
Oklahoma City,Oklahoma,-97.5164276,35.4675602,No,1,Suicide,spirit,,1,False,Morning
Oklahoma City,Oklahoma,-97.5164276,35.4675602,No,2+,Death,Unknown,,0,False,Dusk
Oklahoma City,Oklahoma,-97.5164276,35.4675602,Yes,0,Natural Disaster,Unknown,,0,False,Evening
Oklahoma City,Oklahoma,-97.5164276,35.4675602,No,3+,Supernatural,ghost,,1,False,Unknown
Okmulgee,Oklahoma,-95.9515399,35.6266957,Yes,1,Supernatural,Unknown,,0,False,Dusk
Olive,Oklahoma,-96.4800142,36.0284045,Yes,0,Supernatural,Unknown,,0,False,Evening
Owasso,Oklahoma,-95.8547119,36.2695388,Yes,0,Unknown,Unknown,,0,False,Evening
Pawhuska,Oklahoma,-96.3372309,36.6678426,Yes,0,Supernatural,ghost,,1,False,Dusk
Pawhuska,Oklahoma,-96.3372309,36.6678426,No,0,Unknown,Unknown,,0,False,Evening
Pawhuska,Oklahoma,-96.3372309,36.6678426,Yes,0,Supernatural,Unknown,,0,False,Unknown
Pawhuska,Oklahoma,-96.3372309,36.6678426,No,0,Unknown,Unknown,,0,False,Dusk
Pawhuska,Oklahoma,-96.3372309,36.6678426,Yes,3+,Supernatural,ghost figure,,2,False,Evening
Pawnee,Oklahoma,-96.8039232,36.3378321,No,3+,Supernatural,ghost presence,,2,False,Dusk
Pawnee,Oklahoma,-96.8039232,36.3378321,No,0,Supernatural,shadow,,1,False,Evening
Pawnee,Oklahoma,-96.8039232,36.3378321,Yes,3+,Murder,ghost,,1,False,Dusk
Ponca City,Oklahoma,-97.0855948,36.706981,Yes,3+,Supernatural,ghost,classic ghost,1,False,Dusk
Ponca City,Oklahoma,-97.0855948,36.706981,No,2+,Suicide,shadow,,1,False,Dusk
Poteau,Oklahoma,-94.6235579,35.0537094,Yes,1+,Murder,Unknown,,0,False,Dusk
Prattville (near Sand Springs),Oklahoma,-96.11833,36.1044399,No,2,Unknown,Unknown,,0,False,Evening
Pryor,Oklahoma,-95.3169136,36.3084275,Yes,0,Supernatural,Unknown,,0,False,Evening
Pryor,Oklahoma,-95.3169136,36.3084275,No,0,Unknown,Unknown,,0,True,Morning
Pryor,Oklahoma,-95.3169136,36.3084275,Yes,1,Murder,Unknown,,0,False,Dusk
Quawpaw,Oklahoma,-94.7880057,36.9545117,No,1+,Murder,Unknown,,0,False,Dusk
Riply,Oklahoma,-96.9055843,36.0178366,No,0,Unknown,Unknown,,0,False,Evening
Salina,Oklahoma,-95.1532966,36.2928692,Yes,1,Supernatural,figure presence,,2,True,Morning
Sand Springs,Oklahoma,-96.108891,36.1398102,No,1,Supernatural,shadow,,1,False,Evening
Sand Springs,Oklahoma,-96.108891,36.1398102,No,0,Unknown,Unknown,,0,False,Evening
Schulter,Oklahoma,-95.9566635,35.5145495,Yes,0,Supernatural,Unknown,,0,False,Morning
Seminole,Oklahoma,-96.670573,35.2245201,No,0,Unknown,Unknown,,0,False,Dusk
Seminole,Oklahoma,-96.670573,35.2245201,No,1,Unknown,Unknown,,0,False,Evening
Sentinel,Oklahoma,-99.1753573,35.1578315,No,0,Murder,Unknown,,0,False,Evening
Shawnee,Oklahoma,-96.9253004,35.3272928,No,0,Suicide,Unknown,,0,False,Dusk
Shawnee,Oklahoma,-96.9253004,35.3272928,Yes,1,Supernatural,spirit,,1,False,Dusk
Shawnee,Oklahoma,-96.9253004,35.3272928,Yes,2+,Murder,ghost,,1,False,Morning
Skiatook,Oklahoma,-96.0013847,36.3684245,No,0,Supernatural,witch,,1,False,Dusk
Skiatook/Tulsa,Oklahoma,-96.0013847,36.3684245,No,1,Unknown,Unknown,,0,False,Evening
Spencer,Oklahoma,-97.3678624,35.5103197,Yes,1,Supernatural,Unknown,,0,False,Unknown
Spencer,Oklahoma,-97.3678624,35.5103197,Yes,2+,Supernatural,orb,,1,True,Unknown
Sperry,Oklahoma,-95.991386,36.2973134,No,1+,Murder,Unknown,,0,False,Dusk
Stigler,Oklahoma,-95.1230169,35.253708,Yes,2+,Supernatural,shadow demon,,2,True,Dusk
Stillwater,Oklahoma,-97.0583681,36.1156071,No,2+,Murder,Unknown,,0,False,Dusk
Stillwater,Oklahoma,-97.0583681,36.1156071,Yes,1,Supernatural,Unknown,,0,False,Evening
Stillwater,Oklahoma,-97.0583681,36.1156071,No,1,Supernatural,shadow,,1,False,Evening
Stilwell,Oklahoma,-94.6285553,35.81453,No,2+,Supernatural,spirit,,1,False,Dusk
Sulphur,Oklahoma,-96.9683498,34.5078669,No,2+,Supernatural,ghost,,1,False,Unknown
Summit,Oklahoma,-95.4227504,35.6659324,Yes,1,Supernatural,apparition,,1,False,Dusk
Talihina,Oklahoma,-95.0480162,34.7514893,Yes,1,Supernatural,ghost,,1,False,Evening
Tahlequah,Oklahoma,-94.969956,35.91537,No,1,Supernatural,apparition,,1,False,Unknown
Tahlequah,Oklahoma,-94.969956,35.91537,Yes,3+,Supernatural,Unknown,,0,True,Dusk
Tahlequah,Oklahoma,-94.969956,35.91537,No,2+,Unknown,Unknown,,0,False,Dusk
Tahlequeh,Oklahoma,-94.969956,35.91537,No,3,Murder,ghost,,1,False,Dusk
Tahlequah,Oklahoma,-94.969956,35.91537,No,1+,Supernatural,apparition,,1,False,Unknown
Tahlequah,Oklahoma,-94.969956,35.91537,Yes,1,Unknown,Unknown,,0,False,Dusk
Tecumseh,Oklahoma,-96.9366888,35.2578498,Yes,2+,Supernatural,apparition,,1,False,Dusk
Tecumseh,Oklahoma,-96.9366888,35.2578498,Yes,0,Suicide,Unknown,,0,False,Dusk
Thackerville,Oklahoma,-97.143068,33.7934373,No,2+,Murder,Unknown,,0,False,Dusk
Tulsa,Oklahoma,-95.992775,36.1539816,Yes,3+,Supernatural,ghost,,1,False,Dusk
Tulsa,Oklahoma,-95.992775,36.1539816,No,1+,Supernatural,Unknown,,0,False,Evening
Tulsa,Oklahoma,-95.992775,36.1539816,Yes,3+,Supernatural,spirit,,1,False,Unknown
Tulsa,Oklahoma,-95.992775,36.1539816,Yes,1,Unknown,Unknown,,0,False,Evening
Tulsa,Oklahoma,-95.992775,36.1539816,No,3+,Supernatural,ghost,,1,False,Dusk
Tulsa,Oklahoma,-95.992775,36.1539816,Yes,0,Supernatural,Unknown,,0,False,Dusk
Tulsa,Oklahoma,-95.992775,36.1539816,Yes,2+,Supernatural,Unknown,,0,False,Dusk
Tulsa,Oklahoma,-95.992775,36.1539816,No,0,Unknown,Unknown,,0,False,Evening
Tulsa,Oklahoma,-95.992775,36.1539816,No,1,Supernatural,Unknown,,0,False,Evening
Tusla,Oklahoma,-95.992775,36.1539816,Yes,1,Unknown,Unknown,,0,False,Dusk
Tulsa,Oklahoma,-95.992775,36.1539816,Yes,0,Murder,Unknown,,0,False,Unknown
Tulsa,Oklahoma,-95.992775,36.1539816,Yes,4,Murder,Unknown,,0,False,Evening
Tulsa,Oklahoma,-95.992775,36.1539816,No,3+,Supernatural,ghost,,1,False,Dusk
Valley Brook,Oklahoma,-97.4814258,35.4020066,Yes,1,Unknown,Unknown,,0,False,Dusk
Vinita,Oklahoma,-95.1541339,36.6386937,Yes,0,Unknown,Unknown,,0,False,Morning
Wagoner,Oklahoma,-95.3694116,35.9595442,No,3,Suicide,ghost shadow,elderly ghost,2,False,Evening
New Brunswick,Oklahoma,-95.7699134,34.9474921,No,2+,Supernatural,orb,,1,True,Dusk
Wagoner,Oklahoma,-95.3694116,35.9595442,No,1,Supernatural,shadow orb,,2,False,Dusk
Warner,Oklahoma,-95.3055239,35.4942644,No,2+,Natural Disaster,Unknown,,0,False,Evening
Waurika,Oklahoma,-97.997536,34.1670371,Yes,1,Supernatural,Unknown,,0,False,Unknown
Waynoka,Oklahoma,-98.8798145,36.5822557,Yes,3,Natural Disaster,Unknown,,0,False,Evening
Weatherford,Oklahoma,-98.7075744,35.5261633,No,1,Unknown,Unknown,,0,False,Evening
Weleetka,Oklahoma,-96.1363921,35.3356496,Yes,0,Death,Unknown,,0,False,Evening
Westville,Oklahoma,-94.5679988,35.9925829,Yes,1,Supernatural,Unknown,,0,False,Unknown
Wetumka,Oklahoma,-96.2416731,35.2375883,No,1,Supernatural,Unknown,,0,False,Dusk
Woodward,Oklahoma,-99.3903862,36.4336481,Yes,3+,Supernatural,spirit,,1,True,Dusk
Woodward,Oklahoma,-99.3903862,36.4336481,Yes,0,Supernatural,apparition,,1,False,Evening
Woodward,Oklahoma,-99.3903862,36.4336481,No,1,Unknown,Unknown,,0,False,Dusk
Wyandotte,Oklahoma,-94.7252284,36.7934028,No,1,Supernatural,Unknown,,0,False,Morning
Wyandotte,Oklahoma,-94.7252284,36.7934028,Yes,0,Murder,spirit,,1,False,Dusk
Wynnewood,Oklahoma,-97.1644656,34.6434171,No,1,Murder,shadow,,1,False,Evening
Yale,Oklahoma,-96.6991933,36.1142305,No,0,Unknown,Unknown,,0,False,Dusk
Acton,Maine,-70.9277544,43.5233821,No,1,Supernatural,ghost,,1,False,Morning
Belfast,Maine,-69.0064234,44.4259092,Yes,1+,Supernatural,orb,,1,False,Unknown
Bellevue,Maine,-70.56748879999999,43.3032949,No,3+,Supernatural,figure,"dark figure, shadowy figure",1,False,Unknown
Biddeford,Maine,-70.45338439999999,43.4925843,Yes,1,Supernatural,Unknown,,0,False,Unknown
Boothbay Harbor,Maine,-69.62810139999999,43.8523045,No,0,Supernatural,spirit,unknown spirit,1,False,Unknown
Bowdoin,Maine,-69.96962429999999,44.0495825,No,0,Supernatural,witch,,1,False,Dusk
Brunswick,Maine,-69.966996,43.9140162,Yes,0,Murder,spirit,,1,False,Morning
Brunswick,Maine,-69.966996,43.9140162,Yes,0,Supernatural,Unknown,,0,False,Unknown
Bucksport,Maine,-68.77012239999999,44.6289696,No,0,Unknown,witch,,1,False,Evening
Camden,Maine,-69.0647838,44.2097928,Yes,0,Supernatural,Unknown,,0,False,Dusk
Caribou,Maine,-67.9980365,46.8639995,Yes,0,Murder,Unknown,,0,False,Dusk
Cumberland,Maine,-70.2585205,43.796573,Yes,1,Murder,Unknown,,0,False,Unknown
Dudley,Maine,-68.1597483,46.17143950000001,No,5+,Supernatural,Unknown,,0,False,Evening
Eliot,Maine,-70.8000544,43.1531427,No,1,Supernatural,Unknown,,0,True,Dusk
Farmington,Maine,-70.1512169,44.67049979999999,Yes,1+,Supernatural,ghost,,1,False,Evening
Farmington,Maine,-70.1512169,44.67049979999999,No,2+,Suicide,Unknown,,0,False,Unknown
Farmington,Maine,-70.1512169,44.67049979999999,No,0,Unknown,Unknown,,0,False,Dusk
Farmington,Maine,-70.1512169,44.67049979999999,No,0,Supernatural,Unknown,,0,False,Dusk
Freeport,Maine,-70.1031201,43.8570065,Yes,3,Supernatural,figure,,1,False,Dusk
Freeport,Maine,-70.1031201,43.8570065,No,2+,Supernatural,figure,small figure,1,False,Unknown
Gorham,Maine,-70.44422519999999,43.67953139999999,No,1+,Unknown,Unknown,,0,False,Dusk
Gorham,Maine,-70.44422519999999,43.67953139999999,Yes,3+,Murder,ghost spirit poltergeist,"several ghost, mild poltergeist",3,False,Dusk
Heron Island,Maine,-69.5669904,43.8303611,No,0,Supernatural,ghost,,1,False,Dusk
Houlton,Maine,-67.8402316,46.1261806,No,1+,Murder,Unknown,,0,False,Dusk
Kennebunk,Maine,-70.54399,43.3845306,Yes,0,Supernatural,apparition,,1,False,Dusk
Kennebunk port,Maine,-70.4767274,43.3617327,No,1,Death,Unknown,,0,False,Dusk
Lancaster,Maine,-70.26090649999999,43.660975,No,2+,Death,Unknown,,0,False,Evening
Lebanon,Maine,-70.91937899999999,43.40066969999999,Yes,1,Unknown,Unknown,,0,False,Evening
Lucerne,Maine,-68.59935879999999,44.7024274,Yes,1,Supernatural,shadow,,1,False,Dusk
Madawaska,Maine,-68.3217027,47.35531539999999,No,3+,Supernatural,figure,human figure,1,False,Unknown
Manchester,Maine,-69.8603256,44.324513,No,1,Unknown,Unknown,,0,False,Dusk
Millinocket,Maine,-68.70981189999999,45.6572639,No,3+,Supernatural,ghost,,1,False,Dusk
Newfield,Maine,-70.8470062,43.6481341,No,0,Supernatural,Unknown,,0,False,Evening
Ogunquit,Maine,-70.5986223,43.2468352,No,0,Unknown,Unknown,,0,False,Dusk
Orono,Maine,-68.6719411,44.8831125,Yes,2+,Supernatural,Unknown,,0,False,Dusk
Poland,Maine,-70.39366749999999,44.0606281,No,1,Supernatural,ghost,,1,False,Dusk
Poland,Maine,-70.39366749999999,44.0606281,Yes,3+,Supernatural,ghost,,1,False,Morning
Portland,Maine,-70.2553259,43.66147100000001,Yes,0,Supernatural,Unknown,,0,False,Morning
Randolph,Maine,-69.7666546,44.2306461,Yes,1,Supernatural,orb,,1,False,Unknown
Rockport,Maine,-69.0760975,44.1844817,No,0,Murder,Unknown,,0,False,Dusk
Rome,Maine,-69.903486,44.5722051,No,2,Supernatural,spirit,,1,False,Evening
Saco,Maine,-70.4428286,43.5009176,No,0,Supernatural,Unknown,,0,False,Evening
Salem,Maine,-70.278122,44.900612,Yes,1,Supernatural,figure,"white figure, human figure",1,False,Dusk
Sandwich,Maine,-70.49393169999999,41.7589615,No,1,Suicide,Unknown,,0,False,Morning
Skowhegan,Maine,-69.7193803,44.76503659999999,No,1,Supernatural,Unknown,,0,False,Evening
Skowhegan,Maine,-69.7193803,44.76503659999999,No,4,Unknown,Unknown,,0,False,Unknown
South Portland,Maine,-70.2408811,43.6414716,No,5,Supernatural,Unknown,,0,False,Evening
Standish,Maine,-70.5509356,43.7355927,Yes,2,Supernatural,ghost,,1,False,Dusk
Union,Maine,-69.293927,44.2296917,No,1,Supernatural,ghost orb,many Ghost,2,True,Dusk
Vassalboro,Maine,-69.67776049999999,44.45888069999999,No,1,Supernatural,ghost,,1,False,Unknown
Warren,Maine,-69.25314639999999,44.116967,No,1,Supernatural,ghost spirit,,2,False,Evening
Waterville,Maine,-69.6317121,44.5520105,No,3,Unknown,Unknown,,0,False,Dusk
Windham,Maine,-70.39870599999999,43.7588577,No,2+,Unknown,Unknown,,0,False,Dusk
Windham,Maine,-70.39870599999999,43.7588577,No,2+,Supernatural,Unknown,,0,False,Morning
Wiscasset,Maine,-69.665583,44.0028921,No,1+,Supernatural,shadow poltergeist,occasional poltergeist,2,False,Dusk
York,Maine,-70.6482581,43.16174830000001,No,0,Supernatural,witch,,1,False,Unknown
York,Maine,-70.6482581,43.16174830000001,No,3+,Supernatural,spirit,,1,False,Dusk
Anchorage,Alaska,-149.9002778,61.2180556,No,3+,Supernatural,ghost,female ghost,1,False,Evening
Anchorage,Alaska,-149.9002778,61.2180556,No,2,Supernatural,ghost,,1,False,Dusk
Anchorage,Alaska,-149.9002778,61.2180556,No,1+,Supernatural,ghost,,1,False,Dusk
Anchorage,Alaska,-149.9002778,61.2180556,Yes,3+,Unknown,Unknown,,0,False,Morning
Anchorage,Alaska,-149.9002778,61.2180556,Yes,5+,Supernatural,Unknown,,0,False,Unknown
Anchorage,Alaska,-149.9002778,61.2180556,No,1,Unknown,Unknown,,0,False,Evening
Anchorage,Alaska,-149.9002778,61.2180556,No,1,Murder,spirit,,1,False,Evening
Anchorage,Alaska,-149.9002778,61.2180556,No,1+,Murder,spirit,,1,False,Dusk
Anchorage,Alaska,-149.9002778,61.2180556,No,0,Supernatural,ghost poltergeist,white poltergeist,2,False,Evening
Anchorage,Alaska,-149.9002778,61.2180556,No,0,Unknown,Unknown,,0,False,Dusk
Central,Alaska,-144.8030556,65.57249999999999,Yes,0,Supernatural,ghost,,1,False,Dusk
Chitina,Alaska,-144.4369443,61.51583339999999,Yes,2+,Supernatural,Unknown,,0,False,Dusk
Chugiak,Alaska,-149.4819445,61.3888889,Yes,3+,Supernatural,spirit apparition,,2,False,Dusk
Chugiak,Alaska,-149.4819445,61.3888889,No,1,Murder,Unknown,,0,False,Dusk
Circle,Alaska,-144.0605556,65.8255556,Yes,0,Supernatural,ghost,,1,False,Evening
Fairbanks,Alaska,-147.7163888,64.8377778,No,0,Supernatural,ghost apparition figure,black figure,3,False,Dusk
Fairbanks,Alaska,-147.7163888,64.8377778,No,0,Supernatural,Unknown,,0,False,Evening
Fairbanks,Alaska,-147.7163888,64.8377778,Yes,1+,Unknown,Unknown,,0,False,Dusk
Fairbanks,Alaska,-147.7163888,64.8377778,No,0,Supernatural,Unknown,,0,False,Evening
Fairbanks,Alaska,-147.7163888,64.8377778,Yes,1,Unknown,Unknown,,0,False,Dusk
Gakona,Alaska,-145.3019445,62.3019444,Yes,0,Supernatural,Unknown,,0,False,Dusk
Kenai,Alaska,-151.2583333,60.55444439999999,No,2,Murder,spirit,,1,False,Evening
Kenai,Alaska,-151.2583333,60.55444439999999,No,0,Unknown,Unknown,,0,False,Dusk
Ketchikan,Alaska,-131.6461112,55.34222219999999,Yes,10+,Supernatural,Unknown,,0,False,Evening
Ketchikan,Alaska,-131.6461112,55.34222219999999,No,1,Unknown,Unknown,,0,False,Evening
Kotzebue,Alaska,-162.5966666,66.89833329999999,Yes,1,Unknown,Unknown,,0,False,Dusk
Nightmute,Alaska,-164.7238888,60.4794444,Yes,3+,Supernatural,Unknown,,0,False,Unknown
Seward,Alaska,-149.4422222,60.10416669999999,Yes,0,Unknown,Unknown,,0,False,Dusk
Shungnak,Alaska,-157.1363888,66.8880556,Yes,1,Unknown,Unknown,,0,False,Dusk
Sitka,Alaska,-135.33,57.0530556,Yes,100+,Murder,apparition,,1,False,Dusk
Skagway,Alaska,-135.313889,59.45833329999999,No,0,Supernatural,apparition,,1,False,Evening
Soldotna,Alaska,-151.0583332,60.4877778,Yes,0,Murder,Unknown,,0,False,Dusk
Arcadia,Louisiana,-92.920158,32.5490406,No,0,Murder,Unknown,,0,False,Evening
Anniston,Louisiana,-93.7132227,32.4622035,No,0,Supernatural,Unknown,,0,False,Dusk
Basile,Louisiana,-92.5959723,30.4852012,No,1,Supernatural,Unknown,,0,False,Evening
Baton Rouge,Louisiana,-91.1403196,30.4582829,Yes,3+,Supernatural,Unknown,,0,False,Evening
Baton Rouge,Louisiana,-91.1403196,30.4582829,No,5+,Supernatural,ghost,,1,False,Evening
Baton Rouge,Louisiana,-91.1403196,30.4582829,No,2+,Death,Unknown,,0,False,Dusk
Baton Rouge,Louisiana,-91.1403196,30.4582829,No,0,Murder,Unknown,,0,False,Evening
Baton Rouge,Louisiana,-91.1403196,30.4582829,No,3,Supernatural,ghost,,1,False,Dusk
Baton Rouge,Louisiana,-91.1403196,30.4582829,Yes,3+,Murder,Unknown,,0,False,Unknown
Baton Rouge,Louisiana,-91.1403196,30.4582829,No,0,Unknown,Unknown,,0,False,Evening
Baton Rouge,Louisiana,-91.1403196,30.4582829,Yes,1,Natural Disaster,ghost spirit apparition,,3,False,Dusk
Bossier,Louisiana,-93.6623239,32.7551322,Yes,1,Supernatural,Unknown,,0,False,Evening
Broussard,Louisiana,-91.9612305,30.147146,No,0,Murder,Unknown,,0,False,Dusk
Buras,Louisiana,-89.5246636,29.3518223,No,1,Supernatural,ghost,,1,False,Evening
Centerville,Louisiana,-91.428367,29.7597872,No,2,Death,ghost,early Ghost,1,True,Unknown
Chalmette,Louisiana,-89.9635162,29.942783,Yes,2+,Supernatural,ghost,less ghost,1,False,Evening
Cheneyville,Louisiana,-92.2873521,31.01491279999999,Yes,0,Supernatural,ghost,,1,False,Morning
Covington,Louisiana,-90.1009108,30.4754702,Yes,0,Supernatural,ghost,activty ghost,1,False,Dusk
DeRidder,Louisiana,-93.2890527,30.8463055,No,1,Murder,Unknown,,0,False,Evening
Destrehan,Louisiana,-90.3517469,29.9429828,No,0,Supernatural,ghost,,1,False,Dusk
Doyline,Louisiana,-93.4110049,32.5357073,Yes,0,Unknown,Unknown,,0,False,Dusk
Edgerly / Starks,Louisiana,-93.5066036,30.2339385,No,5+,Supernatural,ghost shadow orb,Numerous Ghost,3,True,Unknown
Elizabeth,Louisiana,-92.7929262,30.868526,Yes,5+,Supernatural,shadow,,1,False,Dusk
Eunice,Louisiana,-92.4176324,30.4943669,No,0,Death,spirit,,1,False,Dusk
Eunice,Louisiana,-92.4176324,30.4943669,No,1,Supernatural,Unknown,,0,False,Unknown
Fiske Union,Louisiana,-91.4917846,32.8829071,Yes,0,Murder,Unknown,,0,False,Evening
Gloster,Louisiana,-93.8149045,32.1909938,No,0,Supernatural,apparition,,1,False,Dusk
Grand Coteau,Louisiana,-92.0465087,30.4199203,No,1,Unknown,Unknown,,0,False,Dusk
Greenwood,Louisiana,-93.9729615,32.4429323,Yes,1,Supernatural,Unknown,,0,False,Evening
Gretna,Louisiana,-90.0539603,29.9146493,Yes,0,Natural Disaster,Unknown,,0,False,Unknown
Houma,Louisiana,-90.7195348,29.5957696,No,1,Supernatural,Unknown,,0,False,Unknown
Houma,Louisiana,-90.7195348,29.5957696,No,1,Supernatural,ghost,,1,False,Unknown
Houma,Louisiana,-90.7195348,29.5957696,No,1,Supernatural,figure,foggy figure,1,False,Unknown
Houma,Louisiana,-90.7195348,29.5957696,No,3+,Supernatural,figure,,1,False,Dusk
Houma,Louisiana,-90.7195348,29.5957696,No,1,Murder,figure,,1,False,Evening
Jefferson's Island,Louisiana,-91.9756768,29.9727048,Yes,0,Supernatural,ghost,,1,False,Dusk
Jonesboro,Louisiana,-92.7159853,32.2412672,Yes,2+,Supernatural,Unknown,,0,False,Dusk
Jonesboro,Louisiana,-92.7159853,32.2412672,Yes,0,Murder,Unknown,,0,False,Dusk
Keatchie,Louisiana,-93.9113634,32.1881071,Yes,0,Unknown,Unknown,,0,False,Dusk
Lafayette,Louisiana,-92.0198427,30.2240897,No,3+,Supernatural,ghost presence,friendly ghost,2,False,Unknown
Lafayette,Louisiana,-92.0198427,30.2240897,No,1,Murder,ghost presence,friendly ghost,2,False,Dusk
Lake Charles,Louisiana,-93.2173758,30.2265949,Yes,1,Natural Disaster,Unknown,,0,False,Dusk
Lake Charles,Louisiana,-93.2173758,30.2265949,No,2+,Supernatural,ghost mist,,2,True,Evening
Lake Charles,Louisiana,-93.2173758,30.2265949,Yes,2+,Supernatural,spirit figure mist,"white figure, blue figure",3,False,Unknown
Lake Charles,Louisiana,-93.2173758,30.2265949,No,2,Supernatural,apparition orb,,2,False,Dusk
Logansport,Louisiana,-93.9979678,31.975445,Yes,3,Supernatural,ghost,,1,False,Dusk
Metairie,Louisiana,-90.1528519,29.9840922,No,1,Supernatural,apparition,,1,False,Unknown
Monroe,Louisiana,-92.1193012,32.5093109,No,1,Supernatural,Unknown,,0,False,Evening
Monroe,Louisiana,-92.1193012,32.5093109,No,2+,Murder,Unknown,,0,False,Dusk
Natchitoches,Louisiana,-93.0862749,31.7607195,No,2+,Unknown,Unknown,,0,False,Dusk
New Orleans,Louisiana,-90.0715323,29.95106579999999,Yes,2+,Natural Disaster,apparition,,1,False,Morning
New Orleans,Louisiana,-90.0715323,29.95106579999999,Yes,0,Murder,Unknown,,0,False,Dusk
New Orleans,Louisiana,-90.0715323,29.95106579999999,No,2+,Supernatural,ghost,,1,False,Evening
New Orleans,Louisiana,-90.0715323,29.95106579999999,No,0,Supernatural,apparition,,1,False,Dusk
New Orleans,Louisiana,-90.0715323,29.95106579999999,No,2+,Supernatural,ghost,,1,False,Dusk
New Orleans,Louisiana,-90.0715323,29.95106579999999,No,1,Supernatural,Unknown,,0,False,Dusk
New Orleans,Louisiana,-90.0715323,29.95106579999999,No,1,Supernatural,ghost,,1,False,Dusk
New Orleans,Louisiana,-90.0715323,29.95106579999999,No,2+,Murder,vampire,,1,False,Evening
New Orleans,Louisiana,-90.0715323,29.95106579999999,No,1+,Murder,ghost,,1,False,Dusk
New Orleans,Louisiana,-90.0715323,29.95106579999999,Yes,1,Supernatural,spirit,,1,False,Dusk
New Orleans,Louisiana,-90.0715323,29.95106579999999,No,0,Supernatural,ghost spirit figure,"tall figure, black figure",3,False,Evening
New Orleans,Louisiana,-90.0715323,29.95106579999999,No,1,Supernatural,Unknown,,0,False,Morning
New Orleans,Louisiana,-90.0715323,29.95106579999999,No,3+,Supernatural,Unknown,,0,False,Evening
New Orleans,Louisiana,-90.0715323,29.95106579999999,No,0,Death,Unknown,,0,False,Evening
New Orleans,Louisiana,-90.0715323,29.95106579999999,No,5,Murder,ghost spirit,,2,True,Dusk
New Orleans,Louisiana,-90.0715323,29.95106579999999,No,2,Unknown,Unknown,,0,False,Morning
New Orleans,Louisiana,-90.0715323,29.95106579999999,No,1,Supernatural,ghost,,1,False,Unknown
New Orleans,Louisiana,-90.0715323,29.95106579999999,No,0,Supernatural,ghost,,1,False,Evening
New Orleans,Louisiana,-90.0715323,29.95106579999999,No,1,Unknown,Unknown,,0,False,Dusk
New Orleans,Louisiana,-90.0715323,29.95106579999999,No,0,Murder,apparition,,1,False,Dusk
New Orleans,Louisiana,-90.0715323,29.95106579999999,Yes,3+,Supernatural,presence,,1,False,Unknown
New Orleans,Louisiana,-90.0715323,29.95106579999999,No,2,Supernatural,ghost,,1,True,Evening
New Orleans,Louisiana,-90.0715323,29.95106579999999,Yes,1,Unknown,Unknown,,0,False,Dusk
New Orleans,Louisiana,-90.0715323,29.95106579999999,No,2,Supernatural,Unknown,,0,False,Dusk
New Orleans,Louisiana,-90.0715323,29.95106579999999,Yes,0,Supernatural,Unknown,,0,False,Unknown
New Orleans,Louisiana,-90.0715323,29.95106579999999,Yes,0,Supernatural,spirit,,1,False,Morning
Patterson,Louisiana,-91.3020502,29.6932641,No,1,Unknown,Unknown,,0,False,Dusk
Pineville,Louisiana,-92.4343035,31.3224044,Yes,3+,Supernatural,mist,,1,False,Dusk
Rayville,Louisiana,-91.7548473,32.4773643,No,0,Supernatural,orb,red orb,1,False,Evening
Roberts Cove,Louisiana,-92.3023515,30.27548029999999,No,3+,Supernatural,Unknown,,0,False,Dusk
Ruston,Louisiana,-92.637927,32.5232053,No,0,Supernatural,presence,,1,False,Dusk
Ruston,Louisiana,-92.637927,32.5232053,No,1,Supernatural,ghost,,1,False,Unknown
Ruston,Louisiana,-92.637927,32.5232053,Yes,0,Unknown,Unknown,,0,False,Evening
Shreveport,Louisiana,-93.7501789,32.5251516,No,1,Suicide,ghost,,1,False,Morning
Shreveport,Louisiana,-93.7501789,32.5251516,Yes,1+,Suicide,Unknown,,0,False,Unknown
Slidell,Louisiana,-89.78117449999999,30.2751945,No,3,Supernatural,ghost spirit shadow,"second ghost, black shadow",3,False,Unknown
Slidell,Louisiana,-89.78117449999999,30.2751945,No,3,Supernatural,ghost,unknown Ghost,1,False,Unknown
Slidell,Louisiana,-89.78117449999999,30.2751945,Yes,4,Supernatural,shadow,,1,False,Evening
South Shreveport,Louisiana,-93.7501789,32.5251516,Yes,0,Natural Disaster,Unknown,,0,False,Evening
Springfield,Louisiana,-90.5487012,30.4290818,No,3+,Murder,Unknown,,0,False,Dusk
St. Francisville,Louisiana,-91.3768479,30.7880721,Yes,5,Murder,ghost,,1,False,Dusk
Sunset,Louisiana,-92.0684539,30.4113095,Yes,3+,Murder,Unknown,,0,False,Evening
Thibodaux,Louisiana,-90.822871,29.7957633,Yes,0,Murder,ghost,,1,False,Evening
Thibodaux,Louisiana,-90.822871,29.7957633,No,1+,Unknown,Unknown,,0,False,Evening
Thibodaux,Louisiana,-90.822871,29.7957633,No,0,Supernatural,Unknown,,0,False,Dusk
Vacherie,Louisiana,-90.7197143,30.0110809,No,2+,Supernatural,ghost,,1,False,Dusk
Vernon,Louisiana,-93.1779659,31.1320009,Yes,1,Supernatural,ghost apparition,,2,False,Evening
West Shreveport,Louisiana,-93.7501789,32.5251516,Yes,0,Murder,Unknown,,0,False,Dusk
Zwolle,Louisiana,-93.6440698,31.6315626,Yes,3+,Murder,Unknown,,0,False,Unknown
Adamsville,Alabama,-86.9561059,33.6009389,No,3,Supernatural,ghost,,1,False,Evening
Adamsville,Alabama,-86.9561059,33.6009389,Yes,5+,Supernatural,spirit shadow figure,,3,False,Unknown
Alabaster,Alabama,-86.8163773,33.2442813,No,0,Supernatural,Unknown,,0,False,Dusk
Albertville,Alabama,-86.20886689999999,34.2675937,Yes,1,Supernatural,Unknown,,0,False,Evening
Albertville,Alabama,-86.20886689999999,34.2675937,No,3+,Supernatural,Unknown,,0,False,Morning
Albertville,Alabama,-86.20886689999999,34.2675937,Yes,1,Supernatural,shadow,,1,False,Evening
Albertville,Alabama,-86.20886689999999,34.2675937,Yes,3,Murder,Unknown,,0,False,Dusk
Albertville,Alabama,-86.20886689999999,34.2675937,Yes,2+,Murder,Unknown,,0,False,Evening
Albertville,Alabama,-86.20886689999999,34.2675937,Yes,1,Death,Unknown,,0,False,Dusk
Andalusia,Alabama,-86.48329129999999,31.3085039,Yes,1,Unknown,Unknown,,0,False,Dusk
Anniston,Alabama,-85.8316318,33.6598257,Yes,2+,Murder,ghost,vengeful ghost,1,False,Unknown
Anniston,Alabama,-85.8316318,33.6598257,No,1,Murder,spirit,,1,False,Dusk
Anniston,Alabama,-85.8316318,33.6598257,Yes,3,Suicide,Unknown,,0,False,Dusk
Anniston,Alabama,-85.8316318,33.6598257,Yes,3+,Murder,Unknown,,0,False,Dusk
Anniston,Alabama,-85.8316318,33.6598257,Yes,3+,Unknown,Unknown,,0,False,Dusk
Ash Land,Alabama,-85.83607409999999,33.2737256,Yes,1,Supernatural,ghost,,1,False,Dusk
Ashland,Alabama,-85.83607409999999,33.2737256,Yes,1,Supernatural,ghost figure,dark figure,2,False,Dusk
Ashville,Alabama,-86.2544223,33.8370433,No,2+,Murder,figure,,1,False,Unknown
Athens,Alabama,-86.9716741,34.8028661,No,1,Supernatural,Unknown,,0,False,Morning
Athens,Alabama,-86.9716741,34.8028661,No,0,Supernatural,Unknown,,0,False,Morning
Attalla,Alabama,-86.0885852,34.0217639,No,2+,Unknown,Unknown,,0,False,Evening
Auburn,Alabama,-85.48078249999999,32.6098566,No,0,Unknown,Unknown,,0,False,Dusk
Auburn,Alabama,-85.48078249999999,32.6098566,No,1,Supernatural,Unknown,,0,False,Dusk
Bankhead Forrest,Alabama,-87.35083569999999,34.2282018,No,0,Supernatural,Unknown,,0,False,Dusk
Bay Minette,Alabama,-87.7730474,30.8829628,No,1,Supernatural,figure,,1,False,Dusk
Bayview,Alabama,-86.9736056,33.5587173,No,1,Unknown,Unknown,,0,False,Dusk
Bayview/Birmingham,Alabama,-86.9736056,33.5587173,No,2+,Supernatural,figure presence,close presence,2,False,Evening
Bayview/Jefferson,Alabama,-86.9736056,33.5587173,No,0,Supernatural,Unknown,,0,False,Unknown
Bayou La Batre,Alabama,-88.26071879999999,30.4069515,Yes,0,Supernatural,figure,ghostly figure,1,False,Evening
Bayou La Batre,Alabama,-88.26071879999999,30.4069515,Yes,0,Unknown,Unknown,,0,False,Unknown
Bellville,Alabama,-87.109144,31.4298882,No,0,Supernatural,ghost,,1,False,Dusk
Birmingham,Alabama,-86.80248999999999,33.5206608,Yes,0,Suicide,Unknown,,0,False,Dusk
Birmingham,Alabama,-86.80248999999999,33.5206608,Yes,3+,Supernatural,apparition,,1,False,Dusk
Birmingham,Alabama,-86.80248999999999,33.5206608,No,2+,Supernatural,Unknown,,0,False,Evening
Birmingham,Alabama,-86.80248999999999,33.5206608,No,2+,Murder,apparition,,1,False,Dusk
Birmingham,Alabama,-86.80248999999999,33.5206608,No,1,Supernatural,Unknown,,0,False,Evening
Birmingham,Alabama,-86.80248999999999,33.5206608,No,1,Murder,ghost,,1,False,Evening
Bonneville,Alabama,-86.93583919999999,34.8464764,No,1,Murder,Unknown,,0,False,Dusk
Boulder,Alabama,-86.6078955,33.6395906,No,0,Supernatural,ghost,,1,False,Evening
Brewton,Alabama,-87.0721918,31.1051779,No,1,Supernatural,orb,gray orb,1,False,Evening
Camax,Alabama,-86.829447,33.359879,Yes,0,Supernatural,ghost apparition,,2,False,Evening
Camp Hill,Alabama,-85.65356589999999,32.8004059,No,0,Unknown,Unknown,,0,False,Dusk
Cardiff,Alabama,-86.93360609999999,33.6456604,No,1+,Death,Unknown,,0,False,Dusk
Carleton,Alabama,-87.5238411,33.2718031,Yes,1,Supernatural,Unknown,,0,False,Evening
Carrollton,Alabama,-88.0950263,33.2617871,No,1,Murder,Unknown,,0,True,Dusk
Clanton,Alabama,-86.6294262,32.8387371,No,5+,Death,entity presence,"unknown entity, evil presence",2,False,Unknown
Clanton,Alabama,-86.6294262,32.8387371,Yes,2+,Murder,shadow,,1,False,Dusk
Capper Center,Alabama,,,No,5+,Murder,ghost,,1,False,Dusk
Columbiana,Alabama,-86.6072054,33.1781718,Yes,0,Supernatural,ghost,,1,False,Unknown
Culavista,Alabama,-86.36664669999999,33.595659,No,0,Unknown,Unknown,,0,False,Dusk
Cullman,Alabama,-86.8436124,34.1748208,No,1,Supernatural,Unknown,,0,False,Dusk
Cullman,Alabama,-86.8436124,34.1748208,Yes,0,Murder,Unknown,,0,False,Dusk
Cullman,Alabama,-86.8436124,34.1748208,Yes,5+,Supernatural,Unknown,,0,False,Morning
Dauphin Island,Alabama,-88.1124155,30.2542565,No,3+,Supernatural,figure,strange figure,1,False,Dusk
Dauphin Island,Alabama,-88.1124155,30.2542565,No,1,Supernatural,Unknown,,0,False,Evening
Decatur,Alabama,-86.9833417,34.6059253,Yes,0,Supernatural,apparition,,1,False,Evening
Decatur,Alabama,-86.9833417,34.6059253,No,1,Supernatural,spirit,,1,False,Dusk
Decatur,Alabama,-86.9833417,34.6059253,No,1,Supernatural,ghost,,1,True,Dusk
Demopolis,Alabama,-87.83640199999999,32.5176361,Yes,1+,Supernatural,ghost,,1,False,Dusk
Dora,Alabama,-87.0902772,33.728717,Yes,0,Unknown,Unknown,,0,False,Evening
East Brewton,Alabama,-87.0627468,31.0932339,Yes,2+,Supernatural,figure,"shadowy figure, black figure",1,False,Dusk
Empire,Alabama,-87.0105552,33.8084373,No,1,Supernatural,figure,,1,False,Dusk
Empire,Alabama,-87.0105552,33.8084373,No,1,Unknown,Unknown,,0,False,Evening
Enterprise,Alabama,-85.85521609999999,31.3151708,Yes,2+,Murder,Unknown,,0,False,Dusk
Fackler,Alabama,-85.9113227,34.7920916,No,1+,Unknown,Unknown,,0,False,Evening
Florence,Alabama,-87.677251,34.79981,No,0,Supernatural,Unknown,,0,False,Dusk
Florence,Alabama,-87.677251,34.79981,No,1,Unknown,Unknown,,0,False,Evening
Florence,Alabama,-87.677251,34.79981,Yes,1,Suicide,Unknown,,0,False,Unknown
Florence,Alabama,-87.677251,34.79981,Yes,1,Supernatural,ghost,,1,False,Morning
Florence,Alabama,-87.677251,34.79981,No,1,Supernatural,ghost,,1,False,Morning
Florence,Alabama,-87.677251,34.79981,No,0,Supernatural,Unknown,,0,False,Evening
Fort Defiance,Alabama,,,Yes,0,Natural Disaster,Unknown,,0,False,Dusk
Fultondale,Alabama,-86.7967857,33.6102837,No,2+,Unknown,Unknown,,0,False,Unknown
Gadsden,Alabama,-86.0066386,34.014264,No,3,Unknown,Unknown,,0,False,Dusk
Gadsden,Alabama,-86.0066386,34.014264,No,2,Unknown,Unknown,,0,False,Dusk
Gadsden,Alabama,-86.0066386,34.014264,No,0,Supernatural,Unknown,,0,False,Dusk
Gadsden,Alabama,-86.0066386,34.014264,No,0,Supernatural,Unknown,,0,False,Evening
Gadsden,Alabama,-86.0066386,34.014264,No,2+,Supernatural,ghost orb witch,,3,True,Dusk
Gadsden,Alabama,-86.0066386,34.014264,Yes,2+,Unknown,Unknown,,0,False,Evening
Gadsden,Alabama,-86.0066386,34.014264,No,2,Supernatural,ghost orb,local ghost,2,True,Dusk
Gadsden,Alabama,-86.0066386,34.014264,Yes,3+,Supernatural,shadow,,1,False,Unknown
Gadsden,Alabama,-86.0066386,34.014264,Yes,10+,Supernatural,Unknown,,0,False,Dusk
Gallant,Alabama,-86.245256,33.9987084,No,0,Supernatural,ghost,,1,False,Unknown
Gardendale,Alabama,-86.8127702,33.6601033,Yes,1,Supernatural,shadow,,1,False,Unknown
Gardendale,Alabama,-86.8127702,33.6601033,Yes,0,Supernatural,apparition,,1,False,Unknown
Gardendale,Alabama,-86.8127702,33.6601033,No,1+,Supernatural,ghost spirit,,2,False,Evening
Geneva,Alabama,-85.8638242,31.0329572,No,0,Unknown,Unknown,,0,False,Dusk
Geraldine,Alabama,-86.00080779999999,34.3514798,Yes,0,Supernatural,Unknown,,0,False,Dusk
Glenco,Alabama,-85.93246979999999,33.957043,No,0,Murder,Unknown,,0,False,Dusk
Grant,Alabama,-86.2533163,34.5286985,No,1+,Unknown,Unknown,,0,False,Evening
Greenville,Alabama,-86.6177517,31.8295972,Yes,0,Unknown,Unknown,,0,False,Dusk
Gulf Shores,Alabama,-87.70081929999999,30.2460361,No,1,Supernatural,shadow,,1,False,Unknown
Guntersville,Alabama,-86.29470409999999,34.3581473,No,1,Supernatural,orb mist,,2,True,Dusk
Guntersville,Alabama,-86.29470409999999,34.3581473,Yes,0,Natural Disaster,ghost spirit,other spirit,2,False,Dusk
Haine's Island,Alabama,-87.4919365,31.7237655,No,0,Unknown,Unknown,,0,False,Dusk
Hartford,Alabama,-85.6968778,31.1023998,No,0,Murder,apparition,frightful apparition,1,False,Unknown
Hartselle,Alabama,-86.9352842,34.4434282,Yes,0,Unknown,Unknown,,0,False,Dusk
Hazel Green,Alabama,-86.57193830000001,34.9323102,Yes,1,Murder,Unknown,,0,False,Dusk
Hueytown,Alabama,-86.9966606,33.4512197,No,5+,Supernatural,spirit,,1,False,Evening
Huntsville,Alabama,-86.5861037,34.7303688,No,1,Supernatural,ghost,,1,False,Unknown
Huntsville,Alabama,-86.5861037,34.7303688,No,1,Supernatural,Unknown,,0,False,Dusk
Huntsville,Alabama,-86.5861037,34.7303688,Yes,3,Supernatural,ghost,former ghost,1,False,Evening
Huntsville,Alabama,-86.5861037,34.7303688,Yes,2+,Unknown,Unknown,,0,False,Evening
Huntsville,Alabama,-86.5861037,34.7303688,Yes,1,Unknown,Unknown,,0,False,Evening
Huntsville,Alabama,-86.5861037,34.7303688,Yes,1,Supernatural,Unknown,,0,False,Dusk
Huntsville,Alabama,-86.5861037,34.7303688,No,3,Supernatural,Unknown,,0,False,Dusk
Huntsville,Alabama,-86.5861037,34.7303688,Yes,0,Unknown,Unknown,,0,False,Dusk
Jacksonville,Alabama,-85.76135359999999,33.8137125,Yes,5+,Supernatural,presence,heavy presence,1,False,Dusk
Jacksonville,Alabama,-85.76135359999999,33.8137125,Yes,0,Supernatural,Unknown,,0,False,Unknown
Jasper,Alabama,-87.2775053,33.8312185,No,0,Supernatural,ghost,,1,False,Dusk
Jasper,Alabama,-87.2775053,33.8312185,Yes,2,Unknown,Unknown,,0,False,Evening
Jasper,Alabama,-87.2775053,33.8312185,No,0,Supernatural,Unknown,,0,False,Dusk
Kinston,Alabama,-86.1710578,31.21600449999999,Yes,0,Supernatural,Unknown,,0,False,Evening
Lafayette,Alabama,-85.40115879999999,32.899776,No,2+,Supernatural,ghost,,1,False,Evening
Lauderdale,Alabama,-87.658113,34.8840876,No,0,Supernatural,Unknown,,0,False,Morning
Lauderdale,Alabama,-87.658113,34.8840876,Yes,5+,Supernatural,ghost,infamous Ghost,1,False,Dusk
Linden,Alabama,-87.7980665,32.3062534,No,3+,Murder,Unknown,,0,False,Unknown
Lincoln,Alabama,-86.1183061,33.6131588,No,0,Murder,Unknown,,0,False,Evening
Lineville/Barfield,Alabama,-85.7544051,33.3106696,Yes,1,Murder,Unknown,,0,False,Dusk
Little River,Alabama,-85.62537999999999,34.3883958,No,1,Supernatural,Unknown,,0,False,Dusk
Livingston,Alabama,-88.1872475,32.5843025,No,1,Supernatural,figure,,1,False,Dusk
Lynn,Alabama,-87.54974,34.0470483,No,0,Murder,ghost,,1,False,Dusk
Madison,Alabama,-86.74833180000002,34.6992579,No,1,Unknown,Unknown,,0,False,Dusk
Madison,Alabama,-86.74833180000002,34.6992579,Yes,1,Supernatural,Unknown,,0,False,Evening
Marbury,Alabama,-86.471469,32.7010141,No,0,Murder,Unknown,,0,False,Evening
Marion,Alabama,-87.3191655,32.6323536,No,0,Unknown,Unknown,,0,False,Dusk
Marion,Alabama,-87.3191655,32.6323536,Yes,1,Supernatural,apparition,female apparition,1,False,Evening
Marion,Alabama,-87.3191655,32.6323536,No,0,Supernatural,spirit,unknown spirit,1,False,Unknown
Marion,Alabama,-87.3191655,32.6323536,No,0,Suicide,ghost,,1,False,Evening
Marion,Alabama,-87.3191655,32.6323536,No,2+,Supernatural,ghost spirit apparition presence,,4,False,Unknown
Marshall,Alabama,-86.3376761,34.3652297,No,1,Unknown,Unknown,,0,False,Evening
Mentone,Alabama,-85.5905204,34.5795282,No,5+,Murder,apparition phantom,black phantom,2,False,Dusk
Midway,Alabama,-85.5221667,32.0770977,No,1+,Unknown,Unknown,,0,False,Evening
Mobile,Alabama,-88.0398912,30.6953657,Yes,1+,Supernatural,Unknown,,0,False,Evening
Mobile,Alabama,-88.0398912,30.6953657,Yes,2,Unknown,Unknown,,0,False,Unknown
Mobile,Alabama,-88.0398912,30.6953657,Yes,0,Supernatural,Unknown,,0,False,Dusk
Mobile,Alabama,-88.0398912,30.6953657,No,0,Supernatural,apparition,,1,False,Dusk
Mobile,Alabama,-88.0398912,30.6953657,No,0,Supernatural,ghost,,1,False,Dusk
Mobile,Alabama,-88.0398912,30.6953657,Yes,1+,Murder,Unknown,,0,False,Evening
Montevallo,Alabama,-86.86415579999999,33.1006746,Yes,2,Suicide,Unknown,,0,False,Dusk
Montevallo,Alabama,-86.86415579999999,33.1006746,No,0,Supernatural,ghost,,1,False,Morning
Montevallo,Alabama,-86.86415579999999,33.1006746,No,1,Supernatural,Unknown,,0,False,Evening
Montevallo,Alabama,-86.86415579999999,33.1006746,No,1,Natural Disaster,Unknown,,0,False,Morning
Montgomery,Alabama,-86.2999689,32.3668052,No,0,Murder,ghost,,1,False,Dusk
Montgomery,Alabama,-86.2999689,32.3668052,No,3+,Supernatural,ghost spirit shadow presence,eerie presence,4,False,Dusk
Montgomery,Alabama,-86.2999689,32.3668052,Yes,5+,Supernatural,ghost,,1,False,Unknown
Moulton,Alabama,-87.29335329999999,34.4812062,No,1,Supernatural,ghost,,1,True,Dusk
Moundsville,Alabama,-87.6300075,32.9976242,Yes,1,Unknown,Unknown,,0,False,Evening
Mount Hope,Alabama,-87.48169089999999,34.4584286,No,0,Supernatural,ghost,,1,False,Dusk
Moundville,Alabama,-87.6300075,32.9976242,No,0,Supernatural,Unknown,,0,False,Dusk
Munford,Alabama,-85.95080050000001,33.5298282,No,1,Supernatural,orb,"yellow orb, light orb",1,False,Evening
Munford,Alabama,-85.95080050000001,33.5298282,Yes,1,Murder,Unknown,,0,False,Dusk
Munford,Alabama,-85.95080050000001,33.5298282,Yes,1,Murder,Unknown,,0,False,Dusk
Munford,Alabama,-85.95080050000001,33.5298282,No,3,Murder,imp,,1,False,Dusk
Munford,Alabama,-85.95080050000001,33.5298282,No,0,Supernatural,Unknown,,0,False,Morning
Munford,Alabama,-85.95080050000001,33.5298282,No,0,Murder,ghost,,1,False,Evening
Nauvoo,Alabama,-87.4889033,33.9895503,No,0,Murder,ghost,,1,False,Dusk
Newton,Alabama,-85.6052133,31.3351716,No,1,Supernatural,ghost,,1,False,Evening
Newton,Alabama,-85.6052133,31.3351716,No,0,Unknown,Unknown,,0,False,Dusk
Northport,Alabama,-87.5772293,33.229007,Yes,0,Unknown,Unknown,,0,False,Dusk
Northport,Alabama,-87.5772293,33.229007,Yes,1,Supernatural,presence,,1,False,Evening
Northport,Alabama,-87.5772293,33.229007,No,0,Supernatural,ghost,,1,False,Dusk
Notasulga,Alabama,-85.6724538,32.5606908,Yes,0,Supernatural,Unknown,,0,False,Morning
Notasulga,Alabama,-85.6724538,32.5606908,No,1+,Supernatural,Unknown,,0,False,Unknown
Notasulga,Alabama,-85.6724538,32.5606908,Yes,1,Death,figure,,1,False,Evening
Notasulga,Alabama,-85.6724538,32.5606908,Yes,1,Natural Disaster,Unknown,,0,False,Unknown
Opelika,Alabama,-85.3782795,32.6454116,No,1,Unknown,Unknown,,0,False,Evening
Opelika,Alabama,-85.3782795,32.6454116,Yes,1,Supernatural,Unknown,,0,False,Dusk
Owens Cross Roads,Alabama,-86.4588768,34.5881461,Yes,1,Supernatural,Unknown,,0,False,Unknown
Palmerdale,Alabama,-86.6461003,33.738712,No,1,Supernatural,Unknown,,0,False,Evening
Parrish,Alabama,-87.2844473,33.7306642,Yes,1+,Supernatural,ghost,"old ghost, Indian ghost",1,False,Morning
Phenix City,Alabama,-85.0007653,32.4709761,Yes,5+,Unknown,Unknown,,0,False,Unknown
Phenix City,Alabama,-85.0007653,32.4709761,No,0,Murder,Unknown,,0,False,Dusk
Pine Ridge,Alabama,-85.78441339999999,34.4395327,Yes,5+,Murder,Unknown,,0,False,Dusk
Pinson,Alabama,-86.6833228,33.6889908,No,1,Supernatural,apparition,,1,False,Evening
Prattville,Alabama,-86.4596966,32.4640245,No,3+,Supernatural,apparition,,1,False,Dusk
Prattville,Alabama,-86.4596966,32.4640245,No,1,Unknown,Unknown,,0,False,Dusk
Prattville,Alabama,-86.4596966,32.4640245,No,1,Supernatural,shadow,,1,False,Dusk
Prattville,Alabama,-86.4596966,32.4640245,No,0,Suicide,ghost,early ghost,1,False,Dusk
Prattville,Alabama,-86.4596966,32.4640245,No,1,Unknown,Unknown,,0,False,Evening
Red Level,Alabama,-86.61218610000002,31.4071111,Yes,1,Murder,figure,ghostly figure,1,False,Evening
Red Level,Alabama,-86.61218610000002,31.4071111,Yes,0,Supernatural,Unknown,,0,False,Dusk
Rehobeth,Alabama,-85.45271129999999,31.1229561,No,1,Supernatural,ghost,,1,False,Dusk
River Falls,Alabama,-86.53912729999999,31.3529468,No,0,Unknown,Unknown,,0,False,Evening
Rockford,Alabama,-86.2196936,32.8895681,No,0,Unknown,Unknown,,0,False,Dusk
Rogersville,Alabama,-87.2947417,34.8256425,No,0,Natural Disaster,Unknown,,0,False,Dusk
Saraland,Alabama,-88.07055559999999,30.820742,No,1,Unknown,Unknown,,0,False,Dusk
Saraland,Alabama,-88.07055559999999,30.820742,Yes,0,Murder,Unknown,,0,False,Evening
Seale,Alabama,-85.1688255,32.2973697,Yes,0,Supernatural,ghost,,1,False,Unknown
Selma,Alabama,-87.02110069999999,32.4073589,No,2+,Supernatural,presence,strange presence,1,False,Evening
Selma,Alabama,-87.02110069999999,32.4073589,No,1+,Unknown,Unknown,,0,False,Dusk
Sheffield,Alabama,-87.6986407,34.7650887,Yes,3+,Supernatural,figure,,1,False,Dusk
Silverhill,Alabama,-87.75165590000002,30.5454715,Yes,1,Natural Disaster,figure,"tall figure, black figure",1,False,Unknown
Smiths Station,Alabama,-85.09854729999999,32.5401393,No,0,Murder,ghost,,1,False,Dusk
Society Hill,Alabama,-85.4452245,32.4265296,Yes,1,Supernatural,Unknown,,0,False,Unknown
Steele,Alabama,-86.2016435,33.9398201,No,2+,Murder,ghost,,1,False,Dusk
Sunflower,Alabama,-88.0083009,31.3822533,Yes,1,Unknown,Unknown,,0,False,Dusk
Tallapoosa,Alabama,-85.84862360000001,32.9201244,No,0,Unknown,Unknown,,0,False,Dusk
Tallapoosa,Alabama,-85.84862360000001,32.9201244,No,1+,Murder,Unknown,,0,False,Evening
Tallapoosa,Alabama,-85.84862360000001,32.9201244,Yes,1,Death,presence,eerie presence,1,False,Dusk
Tallapoosa,Alabama,-85.84862360000001,32.9201244,No,1,Supernatural,presence,,1,False,Unknown
Thomasville,Alabama,-87.7358366,31.9134859,No,1,Supernatural,figure,,1,False,Evening
Talladega,Alabama,-86.1058048,33.4359416,No,1+,Death,ghost,,1,False,Dusk
Townley,Alabama,-87.431675,33.8289975,No,1,Natural Disaster,Unknown,,0,False,Unknown
Townley,Alabama,-87.431675,33.8289975,Yes,0,Supernatural,ghost,,1,False,Dusk
Troy,Alabama,-85.969951,31.8087678,No,1,Supernatural,figure,female figure,1,False,Dusk
Troy,Alabama,-85.969951,31.8087678,No,0,Suicide,Unknown,,0,False,Dusk
Tuscaloosa,Alabama,-87.56917349999999,33.2098407,No,3+,Natural Disaster,ghost,,1,False,Evening
Tuscaloosa,Alabama,-87.56917349999999,33.2098407,Yes,4+,Supernatural,ghost spirit,,2,False,Unknown
Tuscaloosa,Alabama,-87.56917349999999,33.2098407,No,0,Unknown,Unknown,,0,False,Dusk
Tuscaloosa,Alabama,-87.56917349999999,33.2098407,No,0,Murder,ghost,,1,False,Dusk
Tuscaloosa,Alabama,-87.56917349999999,33.2098407,No,1,Supernatural,presence,"black presence, evil presence",1,False,Dusk
Tuscaloosa,Alabama,-87.56917349999999,33.2098407,Yes,0,Supernatural,Unknown,,0,False,Evening
Tuscaloosa,Alabama,-87.56917349999999,33.2098407,No,0,Suicide,ghost,,1,False,Dusk
Tuscumbia,Alabama,-87.70253,34.7312005,No,0,Supernatural,spirit,,1,False,Dusk
Wagerville,Alabama,-88.0283357,31.4362772,Yes,2+,Murder,Unknown,,0,False,Dusk
Walker,Alabama,-87.30161319999999,33.8563605,No,1,Unknown,Unknown,,0,False,Dusk
Warrior,Alabama,-86.8094394,33.8142682,No,1,Supernatural,spirit,,1,False,Evening
Wetumpka,Alabama,-86.2119127,32.5437448,Yes,0,Supernatural,spirit,,1,False,Morning
Wetumpka,Alabama,-86.2119127,32.5437448,Yes,1,Supernatural,Unknown,,0,False,Evening
White Plains,Alabama,-85.6891289,33.7473247,No,0,Supernatural,Unknown,,0,False,Dusk
Wilcox County,Alabama,-87.3413599,32.0105439,No,0,Supernatural,ghost,,1,False,Morning
Wilcox County,Alabama,-87.3413599,32.0105439,Yes,2+,Unknown,Unknown,,0,False,Evening
Woodville,Alabama,-86.2744285,34.6278654,Yes,0,Unknown,Unknown,,0,False,Evening
Aberdeen,Ohio,-83.7610323,38.6556296,Yes,3,Supernatural,apparition,,1,False,Evening
Adams,Ohio,-83.5070203,38.8907822,No,0,Suicide,Unknown,,0,False,Evening
Akron,Ohio,-81.51900529999999,41.0814447,No,2,Murder,Unknown,,0,False,Dusk
Akron,Ohio,-81.51900529999999,41.0814447,No,2+,Supernatural,ghost figure,many ghost,2,False,Dusk
Akron,Ohio,-81.51900529999999,41.0814447,No,2+,Supernatural,ghost,female ghost,1,False,Dusk
Akron,Ohio,-81.51900529999999,41.0814447,Yes,3,Supernatural,ghost,,1,False,Dusk
Akron,Ohio,-81.51900529999999,41.0814447,Yes,0,Supernatural,Unknown,,0,False,Dusk
Akron,Ohio,-81.51900529999999,41.0814447,Yes,1+,Supernatural,witch,,1,False,Dusk
Akron,Ohio,-81.51900529999999,41.0814447,No,5+,Unknown,mist,,1,False,Unknown
Akron,Ohio,-81.51900529999999,41.0814447,No,1,Murder,ghost,,1,False,Dusk
Akron,Ohio,-81.51900529999999,41.0814447,No,3+,Suicide,spirit,,1,False,Dusk
Akron,Ohio,-81.51900529999999,41.0814447,Yes,1+,Supernatural,Unknown,,0,False,Dusk
Alliance,Ohio,-81.10593089999999,40.9153362,No,1,Supernatural,ghost,,1,False,Dusk
Alliance,Ohio,-81.10593089999999,40.9153362,No,3,Unknown,Unknown,,0,False,Dusk
Amanda,Ohio,-82.7443367,39.649508,No,5+,Murder,ghost mist witch,,3,False,Dusk
Amelia,Ohio,-84.2177136,39.0283966,No,6+,Murder,ghost figure,shadowy figure,2,False,Dusk
Amherst,Ohio,-82.2223774,41.3978217,Yes,0,Unknown,Unknown,,0,False,Dusk
Arrville,Ohio,-81.7640212,40.8436663,No,1,Murder,Unknown,,0,False,Evening
Ashland,Ohio,-82.3182178,40.8686675,No,0,Suicide,Unknown,,0,False,Dusk
Ashland,Ohio,-82.3182178,40.8686675,No,1,Unknown,Unknown,,0,False,Dusk
Ashtabula,Ohio,-80.7898089,41.8650534,No,0,Supernatural,ghost,,1,False,Dusk
Athens,Ohio,-82.1012554,39.3292396,Yes,3+,Supernatural,apparition,,1,False,Dusk
Athens,Ohio,-82.1012554,39.3292396,Yes,1,Murder,Unknown,,0,False,Dusk
Athens,Ohio,-82.1012554,39.3292396,No,1,Suicide,demon,,1,False,Morning
Athens,Ohio,-82.1012554,39.3292396,No,0,Supernatural,Unknown,,0,False,Dusk
Athens,Ohio,-82.1012554,39.3292396,No,0,Murder,Unknown,,0,False,Unknown
Aurua,Ohio,-81.3453858,41.3175549,Yes,0,Supernatural,ghost,,1,False,Evening
Austintown,Ohio,-80.7645239,41.1017247,No,2,Supernatural,figure,headless figure,1,False,Unknown
Avon Lake,Ohio,-82.02820009999999,41.5053178,Yes,3+,Supernatural,ghost figure,,2,False,Dusk
Bainbridge,Ohio,-83.27046630000001,39.2275658,Yes,3+,Unknown,Unknown,,0,False,Dusk
Batavia,Ohio,-84.1768795,39.0770072,Yes,1+,Supernatural,orb,,1,False,Dusk
Bay Village,Ohio,-81.92208450000001,41.4847662,Yes,1+,Supernatural,spirit,unknown spirit,1,False,Unknown
Bay Village,Ohio,-81.92208450000001,41.4847662,No,2,Supernatural,ghost,,1,False,Unknown
Beaver Creek,Ohio,-84.06326849999999,39.7092262,Yes,1,Suicide,shadow,,1,False,Evening
Bellefontaine,Ohio,-83.7596557,40.3611643,Yes,100+,Supernatural,ghost,,1,False,Evening
Berea,Ohio,-81.8543026,41.3661614,Yes,5+,Supernatural,Unknown,,0,False,Dusk
Bexley,Ohio,-82.93768039999999,39.9689532,No,0,Supernatural,ghost,,1,False,Unknown
Bexley,Ohio,-82.93768039999999,39.9689532,No,3+,Supernatural,Unknown,,0,False,Dusk
Bowling Green,Ohio,-83.6513229,41.3747744,No,0,Supernatural,ghost presence,strange presence,2,False,Evening
Bowling Green,Ohio,-83.6513229,41.3747744,No,0,Murder,Unknown,,0,False,Dusk
Bowling Green area,Ohio,-83.64994250000001,41.3864155,No,0,Death,Unknown,,0,False,Dusk
Bowling Green,Ohio,-83.6513229,41.3747744,No,0,Supernatural,ghost,,1,False,Morning
Bowling Green Area,Ohio,-83.64994250000001,41.3864155,No,1,Murder,Unknown,,0,False,Dusk
Bowling Green,Ohio,-83.6513229,41.3747744,Yes,0,Supernatural,Unknown,,0,False,Dusk
Bradford,Ohio,-84.4307831,40.1322719,No,1+,Supernatural,orb,,1,False,Evening
Brooklyn,Ohio,-81.7512107,41.4301349,No,1,Supernatural,ghost,believed ghost,1,False,Morning
Brooklyn,Ohio,-81.7512107,41.4301349,Yes,3+,Supernatural,Unknown,,0,False,Dusk
Brooklyn,Ohio,-81.7512107,41.4301349,No,2+,Supernatural,ghost,,1,False,Unknown
Brown County/Fincastle,Ohio,-83.7146458,38.9917346,Yes,2+,Supernatural,ghost,,1,False,Evening
Brunswick,Ohio,-81.8418006,41.2381096,Yes,1,Suicide,ghost figure,,2,False,Dusk
Brunswick,Ohio,-81.8418006,41.2381096,No,1,Unknown,Unknown,,0,False,Unknown
Cable,Ohio,-83.62826129999999,40.1703355,Yes,0,Unknown,Unknown,,0,False,Dusk
Calcutta,Ohio,-80.5764592,40.673397,Yes,1,Supernatural,ghost figure,particular ghost,2,True,Dusk
Calcutta,Ohio,-80.5764592,40.673397,No,1+,Murder,Unknown,,0,False,Dusk
Calcutta,Ohio,-80.5764592,40.673397,Yes,5+,Supernatural,ghost,helpful ghost,1,False,Dusk
Cambridge,Ohio,-81.5884561,40.031183,No,0,Supernatural,Unknown,,0,False,Evening
Cambridge,Ohio,-81.5884561,40.031183,No,3,Supernatural,Unknown,,0,False,Dusk
Canal Fulton,Ohio,-81.597623,40.8897784,No,1,Murder,spirit,hateful spirit,1,False,Dusk
Canal Fulton,Ohio,-81.597623,40.8897784,Yes,2+,Supernatural,spirit apparition orb,same Spirit,3,True,Dusk
Canton,Ohio,-81.378447,40.79894729999999,Yes,3+,Supernatural,apparition presence,physical presence,2,False,Unknown
Canton,Ohio,-81.378447,40.79894729999999,No,2+,Supernatural,orb,,1,False,Dusk
Carlisle,Ohio,-84.3202194,39.5820026,Yes,2+,Death,demon,,1,False,Unknown
Carlisle,Ohio,-84.3202194,39.5820026,Yes,2+,Unknown,Unknown,,0,False,Dusk
Castalia,Ohio,-82.80852039999999,41.4000523,Yes,1,Supernatural,Unknown,,0,False,Evening
Cedar Point,Ohio,-82.6835206,41.482207,Yes,2+,Murder,Unknown,,0,False,Dusk
Centerville,Ohio,-84.15938179999999,39.6283928,No,2+,Supernatural,spirit,,1,False,Dusk
Champaign County,Ohio,-83.804868,40.10258169999999,Yes,2+,Murder,Unknown,,0,False,Unknown
Champion,Ohio,-80.8765205,41.2990487,No,2,Supernatural,spirit,,1,False,Dusk
Chardon,Ohio,-81.2133262,41.5786639,Yes,4+,Supernatural,Unknown,,0,False,Dusk
Chardon,Ohio,-81.2133262,41.5786639,Yes,0,Unknown,Unknown,,0,False,Dusk
Chillicothe,Ohio,-82.9824019,39.3331197,No,0,Murder,spirit,,1,False,Evening
Chillicothe,Ohio,-82.9824019,39.3331197,Yes,0,Supernatural,spirit,,1,False,Evening
Chillicothe,Ohio,-82.9824019,39.3331197,No,0,Unknown,Unknown,,0,False,Evening
Chillicothe,Ohio,-82.9824019,39.3331197,Yes,0,Unknown,Unknown,,0,False,Dusk
Chillicothe,Ohio,-82.9824019,39.3331197,Yes,0,Suicide,Unknown,,0,False,Dusk
Cincinnati,Ohio,-84.5120196,39.1031182,Yes,2,Supernatural,Unknown,,0,False,Evening
Cincinnati,Ohio,-84.5120196,39.1031182,No,2+,Murder,Unknown,,0,False,Dusk
Cincinnati,Ohio,-84.5120196,39.1031182,Yes,2+,Suicide,ghost apparition,,2,False,Dusk
Cincinnati,Ohio,-84.5120196,39.1031182,No,2,Supernatural,spirit specter,,2,False,Morning
Cincinnati,Ohio,-84.5120196,39.1031182,Yes,1,Supernatural,Unknown,,0,False,Dusk
Cincinnati,Ohio,-84.5120196,39.1031182,Yes,2+,Supernatural,Unknown,,0,False,Evening
Cincinnati,Ohio,-84.5120196,39.1031182,Yes,1,Supernatural,Unknown,,0,False,Evening
Cincinnati,Ohio,-84.5120196,39.1031182,No,0,Murder,Unknown,,0,False,Dusk
Cincinnati,Ohio,-84.5120196,39.1031182,Yes,0,Murder,apparition,,1,False,Dusk
Cincinnati,Ohio,-84.5120196,39.1031182,Yes,3+,Murder,Unknown,,0,False,Evening
Cincinnati,Ohio,-84.5120196,39.1031182,No,5,Supernatural,ghost spirit,"little spirit, girl spirit",2,False,Dusk
Cincinnati,Ohio,-84.5120196,39.1031182,Yes,0,Murder,ghost,,1,False,Dusk
Cincinnati,Ohio,-84.5120196,39.1031182,No,1,Suicide,Unknown,,0,False,Evening
Cincinnati,Ohio,-84.5120196,39.1031182,Yes,6,Supernatural,Unknown,,0,False,Morning
Cincinnati,Ohio,-84.5120196,39.1031182,No,1,Supernatural,Unknown,,0,False,Evening
Cincinnati,Ohio,-84.5120196,39.1031182,No,2,Supernatural,presence witch,definite presence,2,False,Evening
Cincinnati,Ohio,-84.5120196,39.1031182,No,0,Supernatural,Unknown,,0,False,Evening
Cincinnati,Ohio,-84.5120196,39.1031182,Yes,1,Supernatural,apparition shadow demon,,3,False,Dusk
Cincinnati,Ohio,-84.5120196,39.1031182,No,2,Supernatural,Unknown,,0,False,Dusk
Cincinnati,Ohio,-84.5120196,39.1031182,No,0,Suicide,ghost,,1,False,Dusk
Cincinnati,Ohio,-84.5120196,39.1031182,No,1,Supernatural,ghost,,1,False,Evening
Cincinnati,Ohio,-84.5120196,39.1031182,Yes,3+,Unknown,Unknown,,0,False,Evening
Cincinnati,Ohio,-84.5120196,39.1031182,Yes,2,Supernatural,Unknown,,0,False,Unknown
Cincinnati,Ohio,-84.5120196,39.1031182,No,0,Supernatural,ghost,,1,False,Evening
Circleville,Ohio,-82.9460133,39.600618,No,1,Supernatural,Unknown,,0,False,Evening
Circleville,Ohio,-82.9460133,39.600618,Yes,2+,Supernatural,ghost poltergeist,,2,False,Evening
Clark County,Ohio,-83.67739279999999,39.8912092,No,3+,Supernatural,ghost figure,,2,False,Evening
Clark County,Ohio,-83.67739279999999,39.8912092,No,1,Supernatural,apparition,,1,False,Dusk
Clayton,Ohio,-84.3605022,39.8631101,Yes,1,Natural Disaster,Unknown,,0,False,Evening
Cleveland,Ohio,-81.6943605,41.49932,Yes,0,Supernatural,Unknown,,0,False,Unknown
Cleveland,Ohio,-81.6943605,41.49932,Yes,0,Supernatural,Unknown,,0,False,Evening
Cleveland,Ohio,-81.6943605,41.49932,Yes,3,Supernatural,ghost,,1,False,Dusk
Cleveland,Ohio,-81.6943605,41.49932,No,2+,Supernatural,Unknown,,0,False,Dusk
Cleveland,Ohio,-81.6943605,41.49932,No,1,Unknown,Unknown,,0,False,Evening
Cleveland,Ohio,-81.6943605,41.49932,No,0,Unknown,Unknown,,0,False,Dusk
Cleveland,Ohio,-81.6943605,41.49932,Yes,1,Supernatural,figure,,1,False,Evening
Cleveland,Ohio,-81.6943605,41.49932,Yes,0,Supernatural,apparition,,1,False,Dusk
Cleveland,Ohio,-81.6943605,41.49932,Yes,0,Murder,Unknown,,0,False,Evening
Cleveland,Ohio,-81.6943605,41.49932,No,0,Supernatural,Unknown,,0,False,Evening
Cleveland,Ohio,-81.6943605,41.49932,Yes,2,Supernatural,figure,white figure,1,False,Dusk
Cleves,Ohio,-84.74911499999999,39.16172419999999,No,1,Supernatural,apparition shadow,tall shadow,2,False,Dusk
Clyde,Ohio,-82.975192,41.30422009999999,No,0,Supernatural,Unknown,,0,False,Dusk
Coal Grove,Ohio,-82.6471057,38.5034142,No,0,Supernatural,Unknown,,0,False,Evening
Coal grove,Ohio,-82.6471057,38.5034142,No,0,Murder,Unknown,,0,False,Evening
Columbiana County,Ohio,-80.7657804,40.7902581,No,0,Supernatural,ghost,,1,False,Dusk
Columbia Station,Ohio,-81.9468279,41.31299720000001,No,0,Supernatural,Unknown,,0,False,Dusk
Columbus,Ohio,-82.99879419999999,39.9611755,Yes,2+,Supernatural,Unknown,,0,False,Morning
Columbus,Ohio,-82.99879419999999,39.9611755,No,2+,Supernatural,ghost,,1,False,Evening
Columbus,Ohio,-82.99879419999999,39.9611755,Yes,2+,Supernatural,apparition,,1,False,Unknown
Columbus,Ohio,-82.99879419999999,39.9611755,Yes,10+,Supernatural,Unknown,,0,False,Unknown
Columbus,Ohio,-82.99879419999999,39.9611755,No,0,Unknown,Unknown,,0,False,Evening
Columbus,Ohio,-82.99879419999999,39.9611755,No,0,Supernatural,ghost,,1,False,Dusk
Columbus,Ohio,-82.99879419999999,39.9611755,Yes,5+,Murder,spirit,,1,False,Unknown
Columbus,Ohio,-82.99879419999999,39.9611755,No,0,Supernatural,Unknown,,0,False,Dusk
Columbus,Ohio,-82.99879419999999,39.9611755,No,1,Supernatural,ghost,,1,False,Evening
Columbus,Ohio,-82.99879419999999,39.9611755,No,1,Murder,ghost spirit apparition,,3,False,Dusk
Columbus,Ohio,-82.99879419999999,39.9611755,Yes,0,Supernatural,Unknown,,0,False,Dusk
Columbus,Ohio,-82.99879419999999,39.9611755,Yes,0,Death,Unknown,,0,False,Dusk
Columbus,Ohio,-82.99879419999999,39.9611755,No,0,Supernatural,ghost,,1,False,Dusk
Columbus,Ohio,-82.99879419999999,39.9611755,Yes,3+,Supernatural,Unknown,,0,False,Dusk
Columbus,Ohio,-82.99879419999999,39.9611755,No,0,Unknown,Unknown,,0,False,Dusk
Columbus,Ohio,-82.99879419999999,39.9611755,No,0,Murder,ghost apparition shadow,,3,False,Dusk
Columbus,Ohio,-82.99879419999999,39.9611755,Yes,3+,Supernatural,ghost,specific ghost,1,False,Dusk
Corning,Ohio,-82.0881995,39.6025696,Yes,0,Supernatural,Unknown,,0,False,Unknown
Corning,Ohio,-82.0881995,39.6025696,Yes,0,Murder,Unknown,,0,False,Dusk
Cortland,Ohio,-80.7253575,41.3303342,No,0,Murder,Unknown,,0,False,Evening
Cortland,Ohio,-80.7253575,41.3303342,No,2+,Supernatural,presence,,1,False,Dusk
Cortland,Ohio,-80.7253575,41.3303342,Yes,3+,Supernatural,Unknown,,0,False,Unknown
Crawford,Ohio,-82.99316069999999,40.8268068,No,1,Unknown,Unknown,,0,False,Dusk
Cridersville,Ohio,-84.1507814,40.6542164,No,1,Supernatural,ghost,,1,False,Evening
Crown City (South of town),Ohio,-82.2829266,38.5909166,No,1,Supernatural,phantom,,1,False,Unknown
Dalton,Ohio,-81.69540669999999,40.7989449,No,3,Supernatural,Unknown,,0,False,Unknown
Dayton,Ohio,-84.1916069,39.7589478,No,0,Supernatural,Unknown,,0,False,Dusk
Dayton,Ohio,-84.1916069,39.7589478,No,2,Supernatural,Unknown,,0,False,Evening
Dayton,Ohio,-84.1916069,39.7589478,Yes,0,Supernatural,Unknown,,0,False,Evening
Dayton,Ohio,-84.1916069,39.7589478,No,1+,Supernatural,Unknown,,0,False,Dusk
Dayton,Ohio,-84.1916069,39.7589478,Yes,2+,Suicide,figure,male figure,1,False,Unknown
Dayton,Ohio,-84.1916069,39.7589478,No,1,Supernatural,figure,,1,False,Unknown
Dayton,Ohio,-84.1916069,39.7589478,Yes,5+,Natural Disaster,ghost,,1,False,Dusk
Dayton,Ohio,-84.1916069,39.7589478,No,1+,Death,Unknown,,0,False,Dusk
Dayton,Ohio,-84.1916069,39.7589478,No,0,Supernatural,apparition,,1,False,Unknown
Dayton,Ohio,-84.1916069,39.7589478,No,3+,Supernatural,presence,,1,False,Unknown
Dayton,Ohio,-84.1916069,39.7589478,No,2+,Supernatural,ghost,,1,False,Unknown
Dayton,Ohio,-84.1916069,39.7589478,No,0,Supernatural,Unknown,,0,False,Unknown
Dayton,Ohio,-84.1916069,39.7589478,No,1,Supernatural,Unknown,,0,False,Evening
Dayton,Ohio,-84.1916069,39.7589478,No,1,Supernatural,Unknown,,0,False,Evening
Delaware,Ohio,-83.067965,40.2986724,No,0,Unknown,Unknown,,0,False,Dusk
Dover,Ohio,-81.4740054,40.5206198,No,0,Supernatural,Unknown,,0,False,Dusk
Dublin,Ohio,-83.1140771,40.0992294,No,0,Supernatural,Unknown,,0,False,Unknown
Dundas,Ohio,-82.4801569,39.2036824,No,1,Supernatural,Unknown,,0,False,Dusk
East Liverpool,Ohio,-80.5772928,40.6186756,No,3,Supernatural,ghost phantom,charred phantom,2,False,Dusk
Eastgate,Ohio,-84.1768795,39.0770072,No,0,Murder,Unknown,,0,False,Evening
Eastlake,Ohio,-81.4503924,41.65393590000001,No,2+,Supernatural,ghost,,1,False,Evening
Eaton,Ohio,-84.6366201,39.7439405,No,0,Death,Unknown,,0,False,Unknown
Eaton,Ohio,-84.6366201,39.7439405,No,0,Unknown,Unknown,,0,False,Dusk
Elmore,Ohio,-83.2957584,41.4761621,No,1,Supernatural,Unknown,,0,False,Dusk
Elyria,Ohio,-82.10764859999999,41.3683798,Yes,2+,Natural Disaster,shadow figure,shadow figure,2,False,Evening
Elyria,Ohio,-82.10764859999999,41.3683798,No,0,Supernatural,ghost,,1,False,Dusk
Elyria,Ohio,-82.10764859999999,41.3683798,Yes,3+,Supernatural,figure,tall figure,1,False,Dusk
Fairfield,Ohio,-84.5603187,39.3454673,Yes,6+,Suicide,Unknown,,0,False,Dusk
Fairfield,Ohio,-84.5603187,39.3454673,No,0,Murder,Unknown,,0,False,Dusk
Fairfield,Ohio,-84.5603187,39.3454673,Yes,0,Supernatural,Unknown,,0,False,Unknown
Fairfield,Ohio,-84.5603187,39.3454673,No,0,Murder,Unknown,,0,False,Dusk
Fairfield,Ohio,-84.5603187,39.3454673,No,0,Supernatural,Unknown,,0,False,Dusk
Fairport,Ohio,-81.2739916,41.7500431,No,2,Death,Unknown,,0,False,Dusk
Findlay,Ohio,-83.6499321,41.04422,No,4,Unknown,Unknown,,0,False,Unknown
Fort Recovery,Ohio,-84.7763511,40.4128241,No,0,Supernatural,apparition,,1,False,Dusk
Franklin,Ohio,-84.30410739999999,39.5589474,No,1,Supernatural,orb figure,tall figure,2,False,Unknown
Gahanna,Ohio,-82.8793446,40.0192307,Yes,0,Unknown,Unknown,,0,False,Evening
Gallia,Ohio,-82.34518899999999,38.8619254,No,1,Murder,Unknown,,0,False,Dusk
Gallipolis,Ohio,-82.2023691,38.809803,No,1,Supernatural,Unknown,,0,False,Evening
Garfield Heights,Ohio,-81.6059581,41.4169974,Yes,2+,Supernatural,ghost,,1,False,Dusk
Geauga,Ohio,-81.20781640000001,41.4641521,No,2+,Suicide,ghost,,1,False,Unknown
Geneva,Ohio,-80.94814889999999,41.8050539,No,5+,Supernatural,shadow,,1,False,Evening
Germantown,Ohio,-84.3693882,39.6261682,Yes,0,Unknown,Unknown,,0,False,Evening
Gibsonburg,Ohio,-83.32048069999999,41.3844964,Yes,5+,Death,Unknown,,0,False,Unknown
Glenville,Ohio,-81.61720830000002,41.5320644,Yes,1,Supernatural,Unknown,,0,False,Morning
Granville,Ohio,-82.51960369999999,40.06811920000001,No,0,Supernatural,Unknown,,0,False,Dusk
Granville,Ohio,-82.51960369999999,40.06811920000001,No,1+,Supernatural,Unknown,,0,False,Dusk
Gratis,Ohio,-84.52717109999999,39.6478321,Yes,0,Unknown,Unknown,,0,False,Evening
Gratis,Ohio,-84.52717109999999,39.6478321,No,0,Supernatural,Unknown,,0,False,Evening
Green Springs,Ohio,-83.0515829,41.25616489999999,No,2+,Supernatural,ghost,,1,False,Unknown
Greenfield,Ohio,-83.38269280000002,39.3520084,No,1,Unknown,Unknown,,0,False,Evening
Greenfield,Ohio,-83.38269280000002,39.3520084,Yes,0,Murder,witch,,1,False,Evening
Greenville,Ohio,-84.63301150000001,40.1028264,No,0,Supernatural,figure,,1,False,Evening
Greenville,Ohio,-84.63301150000001,40.1028264,No,0,Supernatural,Unknown,,0,False,Evening
Hamilton,Ohio,-84.5613355,39.3995008,No,1+,Murder,Unknown,,0,False,Evening
Hamilton,Ohio,-84.5613355,39.3995008,Yes,3,Unknown,Unknown,,0,True,Evening
Harrison,Ohio,-84.7915999,39.2536967,No,0,Supernatural,shadow,,1,False,Morning
Hilliard,Ohio,-83.1582451,40.0333961,No,1+,Supernatural,Unknown,,0,False,Dusk
Hilliard,Ohio,-83.1582451,40.0333961,Yes,3+,Suicide,ghost,,1,False,Morning
Hillsboro,Ohio,-83.611587,39.2022866,Yes,1,Unknown,Unknown,,0,False,Dusk
Hinckley,Ohio,-81.71305219999999,41.2429494,No,1,Unknown,Unknown,,0,False,Dusk
Huron County,Ohio,-82.6483442,41.1266687,No,2+,Murder,apparition mist,,2,False,Unknown
Indian Lake,Ohio,-83.8950042,40.4990656,No,0,Supernatural,ghost,,1,False,Dusk
Indian Lake,Ohio,-83.8950042,40.4990656,No,1,Unknown,Unknown,,0,False,Dusk
Ironton,Ohio,-82.6829406,38.5367471,No,2+,Murder,ghost,,1,False,Dusk
Ironton,Ohio,-82.6829406,38.5367471,No,3,Murder,ghost figure,"strange figure, white figure",2,False,Dusk
Ironton,Ohio,-82.6829406,38.5367471,No,0,Supernatural,Unknown,,0,False,Dusk
Ironton,Ohio,-82.6829406,38.5367471,No,3+,Supernatural,ghost figure,,2,False,Dusk
Johnstown,Ohio,-82.68516989999999,40.1536742,No,0,Supernatural,apparition,,1,False,Evening
Kelly 92s Island,Ohio,,,Yes,2+,Supernatural,figure,,1,False,Unknown
Kent,Ohio,-81.3578859,41.1536674,No,1,Supernatural,Unknown,,0,False,Evening
Kent,Ohio,-81.3578859,41.1536674,No,0,Natural Disaster,ghost,,1,False,Dusk
Kent,Ohio,-81.3578859,41.1536674,Yes,1,Supernatural,Unknown,,0,False,Evening
Kenton,Ohio,-83.60965159999999,40.6469982,No,1,Supernatural,figure,,1,False,Unknown
Kettering,Ohio,-84.1688274,39.68950359999999,No,0,Natural Disaster,Unknown,,0,False,Unknown
Kettering,Ohio,-84.1688274,39.68950359999999,Yes,1+,Suicide,spirit,,1,False,Evening
Kettering,Ohio,-84.1688274,39.68950359999999,No,2+,Unknown,Unknown,,0,False,Evening
Kettering,Ohio,-84.1688274,39.68950359999999,Yes,1,Unknown,Unknown,,0,False,Dusk
Kirtland,Ohio,-81.3614985,41.62893649999999,No,1,Supernatural,orb,,1,False,Evening
LaGrande,Ohio,-82.119872,41.2372753,No,2+,Supernatural,Unknown,,0,False,Dusk
Lake,Ohio,-81.2518833,41.981532,No,1,Unknown,Unknown,,0,False,Evening
Lakewood,Ohio,-81.7981908,41.4819932,No,0,Supernatural,spirit,,1,False,Dusk
Lancaster,Ohio,-82.5993294,39.7136754,No,0,Unknown,Unknown,,0,False,Dusk
Leavittsburg,Ohio,-80.87703069999999,41.2478344,Yes,1,Supernatural,ghost,,1,False,Morning
Lebanon,Ohio,-84.2029922,39.4353373,Yes,1,Supernatural,ghost,,1,False,Unknown
Lebanon,Ohio,-84.2029922,39.4353373,No,3+,Supernatural,Unknown,,0,False,Dusk
Lima,Ohio,-84.1052256,40.742551,Yes,0,Unknown,Unknown,,0,False,Dusk
Lima,Ohio,-84.1052256,40.742551,No,0,Supernatural,ghost,,1,False,Unknown
Lima,Ohio,-84.1052256,40.742551,Yes,0,Supernatural,Unknown,,0,False,Evening
Lorain,Ohio,-82.1823746,41.452819,Yes,1,Supernatural,figure,,1,False,Dusk
Lorain,Ohio,-82.1823746,41.452819,Yes,0,Supernatural,ghost,empty ghost,1,False,Dusk
Lordstown,Ohio,-80.85758489999999,41.1656129,Yes,2+,Supernatural,figure,shadowy figure,1,False,Unknown
Loudonville,Ohio,-82.2332144,40.6353382,No,0,Murder,Unknown,,0,False,Dusk
Loveland,Ohio,-84.26382600000001,39.2689476,Yes,3+,Supernatural,ghost,,1,True,Dusk
Lucas,Ohio,-82.4182204,40.7050579,Yes,1,Natural Disaster,ghost,,1,False,Dusk
Lucasville,Ohio,-82.99684189999999,38.879518,No,2,Supernatural,Unknown,,0,False,Evening
Lucasville,Ohio,-82.99684189999999,38.879518,Yes,2,Supernatural,shadow,,1,False,Dusk
Madison County,Ohio,-83.3789389,39.9154985,No,0,Murder,Unknown,,0,False,Dusk
Manchester,Ohio,-83.6093611,38.6881293,No,1,Supernatural,ghost shadow,,2,False,Morning
Mansfield,Ohio,-82.5154471,40.75839,No,1,Murder,Unknown,,0,False,Dusk
Mansfield,Ohio,-82.5154471,40.75839,No,0,Supernatural,witch,,1,False,Dusk
Mansfield,Ohio,-82.5154471,40.75839,No,0,Supernatural,ghost witch,,2,False,Evening
Mansfield,Ohio,-82.5154471,40.75839,No,0,Murder,Unknown,,0,False,Dusk
Mansfield,Ohio,-82.5154471,40.75839,No,0,Murder,spirit orb,,2,True,Dusk
Mansfield,Ohio,-82.5154471,40.75839,Yes,1,Supernatural,ghost spirit,,2,False,Evening
Mantua,Ohio,-81.2239908,41.2839442,Yes,3+,Supernatural,Unknown,,0,False,Unknown
Marblehead,Ohio,-82.7354623,41.5403281,Yes,1+,Murder,Unknown,,0,False,Dusk
Marietta,Ohio,-81.45484359999999,39.41535200000001,No,3+,Supernatural,ghost,"numerous ghost, true ghost",1,False,Dusk
Marietta,Ohio,-81.45484359999999,39.41535200000001,No,1,Unknown,Unknown,,0,False,Evening
Marietta,Ohio,-81.45484359999999,39.41535200000001,No,1,Murder,Unknown,,0,False,Morning
Marietta,Ohio,-81.45484359999999,39.41535200000001,No,1,Supernatural,spirit,,1,False,Dusk
Marietta,Ohio,-81.45484359999999,39.41535200000001,No,1,Supernatural,phantom figure,,2,False,Dusk
Marion,Ohio,-83.1285242,40.5886699,Yes,3,Murder,Unknown,,0,False,Dusk
Marion,Ohio,-83.1285242,40.5886699,No,0,Unknown,Unknown,,0,False,Unknown
Marion,Ohio,-83.1285242,40.5886699,No,0,Supernatural,Unknown,,0,False,Evening
Marion,Ohio,-83.1285242,40.5886699,No,0,Murder,Unknown,,0,False,Dusk
Marysville,Ohio,-83.3671432,40.2364486,No,0,Supernatural,figure,black figure,1,False,Dusk
Mason,Ohio,-84.309939,39.3600586,No,1,Murder,Unknown,,0,False,Dusk
Mason,Ohio,-84.309939,39.3600586,Yes,3+,Supernatural,Unknown,,0,False,Evening
Mason,Ohio,-84.309939,39.3600586,No,2+,Unknown,Unknown,,0,False,Dusk
Massillion,Ohio,-81.52150929999999,40.7967244,Yes,1,Supernatural,shadow,,1,False,Dusk
Maumee,Ohio,-83.65382439999999,41.5628294,No,0,Supernatural,Unknown,,0,False,Dusk
,Ohio,,,No,0,Unknown,Unknown,,0,False,Unknown
Mendon,Ohio,-84.5188438,40.673381,No,0,Supernatural,Unknown,,0,False,Evening
Medina,Ohio,-81.8552196,41.143245,No,3,Unknown,Unknown,,0,False,Dusk
Medina,Ohio,-81.8552196,41.143245,No,1,Supernatural,ghost figure presence,,3,False,Dusk
Medina,Ohio,-81.8552196,41.143245,No,0,Supernatural,ghost,,1,False,Evening
Medina,Ohio,-81.8552196,41.143245,No,0,Unknown,Unknown,,0,False,Evening
Miamisburg,Ohio,-84.2866083,39.6428362,Yes,5,Supernatural,shadow,,1,False,Unknown
Miamisburg,Ohio,-84.2866083,39.6428362,No,5+,Suicide,Unknown,,0,False,Dusk
Miamisburg,Ohio,-84.2866083,39.6428362,No,2,Murder,Unknown,,0,False,Dusk
Middletown,Ohio,-84.39827629999999,39.5150576,Yes,3,Supernatural,Unknown,,0,False,Dusk
Middletown,Ohio,-84.39827629999999,39.5150576,Yes,3+,Supernatural,Unknown,,0,False,Dusk
Middletown,Ohio,-84.39827629999999,39.5150576,Yes,1+,Murder,Unknown,,0,False,Morning
Middletown,Ohio,-84.39827629999999,39.5150576,No,5,Supernatural,ghost,,1,False,Evening
Milan,Ohio,-82.6054547,41.29755189999999,No,1+,Supernatural,specter,restless specter,1,False,Evening
Milan,Ohio,-82.6054547,41.29755189999999,Yes,2,Supernatural,figure,,1,False,Unknown
Millfield,Ohio,-82.0966442,39.4327866,Yes,2,Murder,ghost spirit,other ghost,2,False,Dusk
Millfield,Ohio,-82.0966442,39.4327866,Yes,0,Natural Disaster,Unknown,,0,False,Evening
Milford,Ohio,-84.29438209999999,39.1753377,No,0,Unknown,Unknown,,0,False,Dusk
Millville,Ohio,-84.6543933,39.3892219,No,3,Supernatural,apparition,,1,False,Evening
Monroe,Ohio,-84.3621634,39.44033599999999,Yes,0,Unknown,Unknown,,0,False,Unknown
Montgomery,Ohio,-84.35410619999999,39.2281143,No,3+,Supernatural,ghost,,1,False,Dusk
Moonville,Ohio,-82.3224523,39.3072804,Yes,0,Supernatural,Unknown,,0,False,Dusk
Moonville,Ohio,-82.3224523,39.3072804,No,1,Supernatural,figure,headless figure,1,False,Dusk
Morristown,Ohio,-81.0742676,40.0631256,No,0,Supernatural,ghost,,1,False,Dusk
Morristown,Ohio,-81.0742676,40.0631256,No,0,Unknown,Unknown,,0,False,Dusk
Muamee,Ohio,-83.55521200000001,41.6639383,No,2,Supernatural,ghost,,1,False,Evening
Munroe Falls,Ohio,-81.43983419999999,41.1445006,No,0,Supernatural,Unknown,,0,False,Evening
Napoleon,Ohio,-84.1252243,41.3922726,Yes,1,Supernatural,Unknown,,0,False,Unknown
Napoleon,Ohio,-84.1252243,41.3922726,Yes,3+,Supernatural,figure,misty figure,1,False,Dusk
Nelsonville,Ohio,-82.23181559999999,39.458681,Yes,0,Unknown,Unknown,,0,False,Dusk
Nelsonville,Ohio,-82.23181559999999,39.458681,No,1,Unknown,Unknown,,0,False,Evening
Nelsonville,Ohio,-82.23181559999999,39.458681,No,1+,Supernatural,ghost,,1,False,Evening
New Carlisle,Ohio,-84.0254913,39.9361699,Yes,1,Supernatural,Unknown,,0,False,Evening
New Carlisle,Ohio,-84.0254913,39.9361699,No,1,Murder,Unknown,,0,False,Evening
New Middletown,Ohio,-80.5575706,40.9611712,No,1,Supernatural,figure,tall figure,1,False,Dusk
New Middletown (Youngstown),Ohio,-80.5612032,40.9652067,No,1,Unknown,Unknown,,0,False,Dusk
New Philadelphia,Ohio,-81.4456706,40.4897871,No,1,Supernatural,Unknown,,0,False,Evening
New Waterford,Ohio,-80.6145164,40.845061,No,1,Supernatural,ghost,,1,False,Evening
Newark,Ohio,-82.4012642,40.0581205,Yes,1,Unknown,Unknown,,0,False,Dusk
Newark,Ohio,-82.4012642,40.0581205,No,1,Supernatural,orb,,1,True,Dusk
Newark,Ohio,-82.4012642,40.0581205,Yes,1,Suicide,Unknown,,0,False,Evening
Newbury,Ohio,-81.27390729999999,41.44933899999999,No,3+,Supernatural,spirit,,1,False,Dusk
Newlebenin,Ohio,-84.3849462,39.7453337,Yes,3+,Murder,ghost,,1,False,Dusk
Newton Falls,Ohio,-80.97814679999999,41.18839,Yes,0,Supernatural,ghost,,1,False,Dusk
North Olmsted,Ohio,-81.9234726,41.4156025,No,3,Murder,figure,shadowy figure,1,False,Unknown
North Ridgeville,Ohio,-82.01903209999999,41.3894905,Yes,0,Unknown,Unknown,,0,False,Evening
North Royalton,Ohio,-81.7245739,41.3136644,Yes,0,Murder,Unknown,,0,False,Dusk
Northfield Village,Ohio,-81.528452,41.3450547,Yes,2,Supernatural,apparition,,1,False,Dusk
Norwich,Ohio,-81.7915186,39.9850718,Yes,3+,Murder,ghost figure,,2,False,Dusk
Oak Hill,Ohio,-82.573495,38.8939645,Yes,3,Supernatural,figure,"whit figure, misty figure",1,False,Dusk
Oberlin,Ohio,-82.21737859999999,41.2939386,No,2,Supernatural,spirit,,1,False,Unknown
Ohio Summit,Ohio,-81.5596427,41.0918991,Yes,0,Unknown,Unknown,,0,False,Dusk
Olmsted Falls,Ohio,-81.9081937,41.375049,No,0,Supernatural,witch,,1,False,Dusk
Ostrander,Ohio,-83.2126932,40.266172,Yes,0,Supernatural,Unknown,,0,False,Evening
Overton,Ohio,-82.0101473,40.8647788,No,0,Murder,Unknown,,0,False,Dusk
Oxford,Ohio,-84.74523099999999,39.5069974,No,1,Supernatural,ghost,best ghost,1,False,Dusk
Oxford,Ohio,-84.74523099999999,39.5069974,No,2+,Supernatural,figure,,1,True,Dusk
Oxford,Ohio,-84.74523099999999,39.5069974,No,0,Supernatural,Unknown,,0,False,Dusk
Oxford,Ohio,-84.74523099999999,39.5069974,No,0,Murder,Unknown,,0,False,Dusk
Oxford,Ohio,-84.74523099999999,39.5069974,No,3+,Supernatural,apparition presence,many presence,2,False,Dusk
Oxford,Ohio,-84.74523099999999,39.5069974,No,3,Supernatural,Unknown,,0,False,Dusk
Oxford,Ohio,-84.74523099999999,39.5069974,No,2,Suicide,Unknown,,0,False,Dusk
Oxford,Ohio,-84.74523099999999,39.5069974,No,0,Supernatural,Unknown,,0,False,Dusk
Oxford,Ohio,-84.74523099999999,39.5069974,No,0,Supernatural,Unknown,,0,False,Morning
Oxford,Ohio,-84.74523099999999,39.5069974,No,0,Supernatural,ghost,,1,False,Evening
Painesville,Ohio,-81.245657,41.7244885,No,5+,Suicide,ghost,,1,False,Morning
Painesville,Ohio,-81.245657,41.7244885,No,0,Supernatural,figure,,1,False,Dusk
Painesville,Ohio,-81.245657,41.7244885,Yes,3+,Unknown,Unknown,,0,False,Morning
Painesville,Ohio,-81.245657,41.7244885,No,2,Supernatural,ghost,,1,True,Morning
Painesville,Ohio,-81.245657,41.7244885,No,0,Unknown,Unknown,,0,False,Morning
Parma,Ohio,-81.7229086,41.4047742,Yes,0,Murder,Unknown,,0,False,Dusk
Parma,Ohio,-81.7229086,41.4047742,No,2+,Unknown,Unknown,,0,False,Dusk
Paulding,Ohio,-84.5805082,41.1381051,No,0,Suicide,Unknown,,0,False,Dusk
Paulding,Ohio,-84.5805082,41.1381051,No,1,Death,Unknown,,0,False,Dusk
Paulding,Ohio,-84.5805082,41.1381051,No,2,Supernatural,ghost,,1,False,Unknown
Peebles,Ohio,-83.40574579999999,38.9489593,Yes,1,Supernatural,Unknown,,0,False,Morning
Peninsula,Ohio,-81.55261759999999,41.2411668,No,0,Supernatural,Unknown,,0,False,Dusk
Pickaway,Ohio,-82.99316069999999,39.687828,No,1,Unknown,Unknown,,0,False,Evening
Piqua,Ohio,-84.24244490000001,40.1447732,No,0,Supernatural,Unknown,,0,False,Dusk
Plattsburg,Ohio,-83.61158999999999,39.8961712,No,0,Supernatural,Unknown,,0,False,Evening
Point Place/Toledo,Ohio,-83.4793777,41.7189365,No,2+,Supernatural,ghost,young ghost,1,False,Dusk
Prospect,Ohio,-83.1885257,40.4503374,No,1,Murder,Unknown,,0,False,Unknown
Portage,Ohio,-83.6507668,41.3267189,No,1,Supernatural,Unknown,,0,False,Dusk
Portage County,Ohio,-81.2518833,41.1887572,No,1,Unknown,Unknown,,0,False,Evening
Portsmouth,Ohio,-82.9976742,38.7317431,Yes,1,Unknown,Unknown,,0,False,Unknown
Portsmouth,Ohio,-82.9976742,38.7317431,Yes,2+,Suicide,ghost presence,,2,False,Morning
Republic,Ohio,-83.01574699999999,41.12199950000001,No,2+,Supernatural,Unknown,,0,False,Unknown
Richmond Heights,Ohio,-81.5101208,41.5528288,Yes,1,Supernatural,Unknown,,0,False,Unknown
Rocky River,Ohio,-81.8497567,41.4768217,No,2+,Unknown,Unknown,,0,False,Dusk
Rogers,Ohio,-80.6261832,40.7914504,No,1,Supernatural,Unknown,,0,False,Dusk
Roseville,Ohio,-82.07125219999999,39.8072903,No,0,Supernatural,ghost,,1,False,Evening
Rossford,Ohio,-83.5643781,41.6097726,No,1,Unknown,Unknown,,0,False,Unknown
Rudolph,Ohio,-83.66993389999999,41.2978299,Yes,1,Unknown,Unknown,,0,False,Unknown
Salem,Ohio,-80.8567501,40.9008923,Yes,1,Unknown,Unknown,,0,False,Dusk
Samantha,Ohio,-83.59186439999999,39.2833968,Yes,2+,Supernatural,Unknown,,0,False,Dusk
Sandusky,Ohio,-82.7079605,41.4489396,No,2+,Supernatural,Unknown,,0,False,Unknown
Sandusky,Ohio,-82.7079605,41.4489396,No,3+,Suicide,apparition,,1,False,Dusk
Sandusky,Ohio,-82.7079605,41.4489396,No,1,Suicide,shadow,,1,False,Morning
Sandusky,Ohio,-82.7079605,41.4489396,Yes,4,Unknown,Unknown,,0,False,Evening
Scioto,Ohio,-82.99316069999999,38.861065,Yes,0,Natural Disaster,Unknown,,0,False,Evening
Scioto,Ohio,-82.99316069999999,38.861065,No,1,Unknown,Unknown,,0,False,Dusk
Scioto,Ohio,-82.99316069999999,38.861065,Yes,2+,Supernatural,shadow,,1,False,Evening
Scioto,Ohio,-82.99316069999999,38.861065,No,0,Supernatural,Unknown,,0,False,Dusk
Scioto,Ohio,-82.99316069999999,38.861065,Yes,2+,Supernatural,spirit shadow,,2,False,Unknown
Scottown,Ohio,-82.38876379999999,38.55036,No,1+,Death,shadow,strange shadow,1,False,Unknown
Shadyside,Ohio,-80.75063990000001,39.9709071,Yes,2,Supernatural,orb witch,,2,True,Evening
Sheffield Lake,Ohio,-82.1015369,41.48754,No,0,Unknown,Unknown,,0,False,Morning
Shelby,Ohio,-82.6618424,40.88144519999999,Yes,1,Murder,Unknown,,0,False,Evening
Shelby,Ohio,-82.6618424,40.88144519999999,Yes,0,Unknown,Unknown,,0,False,Evening
Shelby,Ohio,-82.6618424,40.88144519999999,No,0,Unknown,Unknown,,0,False,Dusk
Shunk,Ohio,-84.0388341,41.3636618,No,3+,Supernatural,specter,,1,False,Evening
Sidney,Ohio,-84.1554987,40.2842164,Yes,3,Supernatural,figure,shadowy figure,1,False,Dusk
Sidney,Ohio,-84.1554987,40.2842164,No,1,Natural Disaster,Unknown,,0,False,Evening
Smith Township,Ohio,-81.0202533,40.9608876,No,1,Murder,ghost,,1,False,Dusk
Somerset,Ohio,-82.2970941,39.8070121,No,0,Supernatural,Unknown,,0,False,Unknown
Spencerville,Ohio,-84.35356399999999,40.708938,No,0,Unknown,Unknown,,0,False,Dusk
Springboro,Ohio,-84.2332718,39.5522815,No,0,Supernatural,ghost presence,strange presence,2,False,Dusk
Springfield,Ohio,-83.8088171,39.9242266,No,0,Supernatural,spirit,,1,False,Evening
Springfield,Ohio,-83.8088171,39.9242266,No,1,Murder,spirit,,1,False,Dusk
Springied,Ohio,-83.8088171,39.9242266,Yes,1,Supernatural,ghost,,1,False,Unknown
St. Paris,Ohio,-83.9592771,40.1284776,No,1,Suicide,Unknown,,0,False,Evening
Willis,Ohio,-81.6921916,41.4999723,Yes,1,Unknown,Unknown,,0,False,Dusk
St. Paris,Ohio,-83.9592771,40.1284776,Yes,1,Murder,Unknown,,0,False,Dusk
Stark county,Ohio,-81.2518833,40.8684676,Yes,1+,Supernatural,shadow,,1,False,Evening
Stark County,Ohio,-81.2518833,40.8684676,No,0,Murder,ghost,,1,False,Dusk
Stark County,Ohio,-81.2518833,40.8684676,Yes,5+,Murder,Unknown,,0,False,Unknown
Stark County,Ohio,-81.2518833,40.8684676,Yes,1,Supernatural,Unknown,,0,False,Evening
Sterling,Ohio,-81.84847049999999,40.9675552,Yes,1,Murder,Unknown,,0,False,Evening
Steubenville,Ohio,-80.63396379999999,40.3697905,Yes,2+,Murder,Unknown,,0,False,Dusk
Sugar Grove,Ohio,-82.5484932,39.6264539,No,0,Supernatural,ghost figure,,2,False,Dusk
Summit,Ohio,-81.5596427,41.0918991,No,2+,Supernatural,spirit,,1,False,Evening
Sylvan,Ohio,-81.605817,41.126828,No,0,Supernatural,Unknown,,0,False,Dusk
Thackery,Ohio,-83.91882249999999,40.0556136,No,2,Murder,Unknown,,0,False,Dusk
Tiffin,Ohio,-83.1779746,41.1144992,No,3,Supernatural,ghost apparition shadow specter,"first ghost, second ghost, ghostly apparition",4,False,Dusk
Toledo,Ohio,-83.55521200000001,41.6639383,No,1,Suicide,ghost spirit entity,"much spirit, male entity",3,False,Morning
Toledo,Ohio,-83.55521200000001,41.6639383,No,1,Supernatural,ghost,young ghost,1,False,Dusk
Toledo,Ohio,-83.55521200000001,41.6639383,Yes,1,Supernatural,Unknown,,0,False,Dusk
Toledo,Ohio,-83.55521200000001,41.6639383,No,0,Suicide,apparition,,1,False,Dusk
Toledo,Ohio,-83.55521200000001,41.6639383,Yes,0,Supernatural,ghost,,1,False,Evening
Toledo,Ohio,-83.55521200000001,41.6639383,Yes,1,Supernatural,ghost apparition presence,dramatic presence,3,False,Evening
Toledo,Ohio,-83.55521200000001,41.6639383,Yes,1,Supernatural,ghost,,1,False,Dusk
Toledo,Ohio,-83.55521200000001,41.6639383,No,0,Supernatural,ghost figure,,2,False,Evening
Toledo,Ohio,-83.55521200000001,41.6639383,No,1,Unknown,Unknown,,0,True,Evening
Toledo,Ohio,-83.55521200000001,41.6639383,No,0,Suicide,spirit,,1,False,Dusk
Toledo,Ohio,-83.55521200000001,41.6639383,Yes,0,Supernatural,shadow,,1,False,Unknown
Toledo,Ohio,-83.55521200000001,41.6639383,Yes,2+,Supernatural,figure,dark figure,1,False,Unknown
Toledo,Ohio,-83.55521200000001,41.6639383,Yes,0,Supernatural,Unknown,,0,False,Evening
Toledo,Ohio,-83.55521200000001,41.6639383,No,1,Supernatural,spirit,,1,False,Unknown
Toledo,Ohio,-83.55521200000001,41.6639383,No,2+,Supernatural,Unknown,,0,False,Dusk
Toledo,Ohio,-83.55521200000001,41.6639383,No,0,Supernatural,Unknown,,0,False,Dusk
Tontogany,Ohio,-83.7407702,41.419219,No,1,Supernatural,Unknown,,0,False,Unknown
Trenton,Ohio,-84.45772219999999,39.4808905,Yes,10+,Murder,Unknown,,0,False,Unknown
Troy,Ohio,-84.20327669999999,40.0394982,Yes,0,Supernatural,Unknown,,0,False,Evening
Troy,Ohio,-84.20327669999999,40.0394982,Yes,1,Murder,Unknown,,0,False,Unknown
Troy,Ohio,-84.20327669999999,40.0394982,No,1,Murder,orb,green orb,1,False,Evening
Twinsburg,Ohio,-81.4401129,41.3125552,No,5,Supernatural,figure,,1,False,Evening
Urbana,Ohio,-83.7524298,40.1083912,Yes,2,Unknown,Unknown,,0,False,Dusk
Urbana,Ohio,-83.7524298,40.1083912,No,2+,Unknown,Unknown,,0,False,Evening
Urbana,Ohio,-83.7524298,40.1083912,No,0,Supernatural,ghost,,1,False,Dusk
Urbana,Ohio,-83.7524298,40.1083912,No,2+,Supernatural,Unknown,,0,False,Evening
Urbana/West Liberty,Ohio,-83.75556050000002,40.2557481,No,0,Suicide,Unknown,,0,False,Dusk
Valley City,Ohio,-81.9312715,41.2376644,No,0,Unknown,witch,,1,False,Evening
Valley View,Ohio,-81.6045685,41.3878312,Yes,1,Unknown,Unknown,,0,False,Unknown
Van Wert,Ohio,-84.58412229999999,40.8694927,Yes,5+,Supernatural,entity,,1,False,Unknown
Vermilion,Ohio,-82.36460679999999,41.4219889,No,0,Suicide,Unknown,,0,False,Unknown
Vermilion,Ohio,-82.36460679999999,41.4219889,Yes,1,Supernatural,Unknown,,0,False,Dusk
Vermilion,Ohio,-82.36460679999999,41.4219889,Yes,3+,Unknown,Unknown,,0,False,Dusk
Vermilion,Ohio,-82.36460679999999,41.4219889,No,1,Murder,spirit,angry spirit,1,False,Dusk
Vigo,Ohio,-82.7929499,39.2478446,No,1,Murder,Unknown,,0,False,Evening
Wakefield,Ohio,-83.01989909999999,38.9703496,No,1+,Natural Disaster,Unknown,,0,False,Unknown
Wapakoneta,Ohio,-84.1935594,40.5678265,No,1+,Unknown,Unknown,,0,False,Dusk
Warren,Ohio,-80.81841659999999,41.2375569,No,2+,Supernatural,figure,,1,False,Unknown
Warren,Ohio,-80.81841659999999,41.2375569,Yes,2+,Supernatural,Unknown,,0,False,Evening
Warren,Ohio,-80.81841659999999,41.2375569,Yes,1,Supernatural,apparition,,1,False,Dusk
Warren,Ohio,-80.81841659999999,41.2375569,Yes,1,Murder,Unknown,,0,False,Dusk
Warren,Ohio,-80.81841659999999,41.2375569,Yes,1,Supernatural,Unknown,,0,False,Morning
Warren,Ohio,-80.81841659999999,41.2375569,Yes,1,Unknown,Unknown,,0,False,Unknown
Waterville,Ohio,-83.7182701,41.5008859,No,1,Murder,ghost,,1,False,Morning
Waterville,Ohio,-83.7182701,41.5008859,Yes,1,Supernatural,shadow figure,,2,False,Evening
Waynesville,Ohio,-84.086601,39.52978239999999,No,0,Supernatural,apparition,,1,False,Unknown
WELLINGTON,Ohio,-82.2179354,41.1689421,No,2,Unknown,Unknown,,0,False,Dusk
Wellston,Ohio,-82.53293769999999,39.1234054,No,1+,Supernatural,apparition,,1,False,Dusk
Gratis,Ohio,-84.52717109999999,39.6478321,Yes,0,Supernatural,Unknown,,0,False,Unknown
West Chester,Ohio,-84.41726659999999,39.3321262,Yes,36,Suicide,spirit figure,,2,True,Evening
West Milton,Ohio,-84.3280022,39.9625534,No,0,Supernatural,figure,,1,False,Evening
Westlake,Ohio,-81.9179173,41.4553232,No,2+,Supernatural,Unknown,,0,False,Unknown
Westerville,Ohio,-82.92906959999999,40.1261743,No,1,Supernatural,ghost spirit figure,friendly ghost,3,False,Dusk
Williamsburg,Ohio,-84.05298859999999,39.0542311,No,1,Suicide,Unknown,,0,False,Evening
Willoughby Hills,Ohio,-81.4184471,41.5983823,Yes,1,Supernatural,Unknown,,0,False,Evening
Wilmington,Ohio,-83.8285375,39.4453393,No,1,Supernatural,Unknown,,0,False,Evening
Wilmington,Ohio,-83.8285375,39.4453393,Yes,3,Unknown,Unknown,,0,False,Dusk
Woodville,Ohio,-83.3657601,41.4514404,No,0,Murder,Unknown,,0,False,Dusk
Winchester,Ohio,-83.6507541,38.9417359,Yes,1,Supernatural,Unknown,,0,False,Dusk
Wooster,Ohio,-81.935143,40.8050565,Yes,2+,Unknown,Unknown,,0,False,Evening
Wooster,Ohio,-81.935143,40.8050565,No,0,Unknown,Unknown,,0,False,Dusk
Wooster,Ohio,-81.935143,40.8050565,No,2+,Murder,Unknown,,0,False,Evening
Wooster,Ohio,-81.935143,40.8050565,Yes,3+,Supernatural,Unknown,,0,False,Evening
Wooster,Ohio,-81.935143,40.8050565,Yes,1+,Supernatural,ghost,,1,False,Dusk
Xenia,Ohio,-83.9296526,39.6847822,Yes,0,Unknown,Unknown,,0,False,Dusk
Xenia,Ohio,-83.9296526,39.6847822,No,0,Murder,ghost,,1,False,Dusk
Yellow Springs,Ohio,-83.88687399999999,39.8064486,No,1+,Supernatural,Unknown,,0,False,Dusk
Yellow springs,Ohio,-83.88687399999999,39.8064486,No,2+,Supernatural,Unknown,,0,False,Evening
Youngstown,Ohio,-80.6495194,41.0997803,Yes,4,Supernatural,apparition,,1,False,Unknown
Zaleski,Ohio,-82.39487590000002,39.282293,No,1+,Unknown,Unknown,,0,False,Dusk
Zanesville,Ohio,-82.0131924,39.9403453,No,0,Supernatural,ghost,,1,False,Morning
Zanesville,Ohio,-82.0131924,39.9403453,Yes,0,Unknown,Unknown,,0,False,Unknown
Zoar,Ohio,-81.42233750000001,40.6142285,No,1,Supernatural,ghost,,1,False,Morning
Zanesville,Ohio,-82.0131924,39.9403453,No,1,Supernatural,Unknown,,0,False,Evening
Absecon,New Jersey,-74.4957076,39.4284503,Yes,1,Unknown,Unknown,,0,False,Evening
Atco,New Jersey,-74.887946,39.7697878,Yes,1,Supernatural,Unknown,,0,False,Dusk
Allamuchy,New Jersey,-74.8101664,40.921765,No,0,Unknown,Unknown,,0,False,Evening
Allamuchy,New Jersey,-74.8101664,40.921765,No,0,Supernatural,ghost,,1,False,Evening
Alpine,New Jersey,-73.9312478,40.9559316,No,0,Unknown,Unknown,,0,False,Dusk
Ancora,New Jersey,-74.8412742,39.6945609,No,0,Murder,ghost,"little ghost, deserted ghost",1,False,Evening
Atlantic City,New Jersey,-74.4229266,39.3642834,No,0,Supernatural,Unknown,,0,False,Dusk
Bay Head,New Jersey,-74.0543036,40.0717828,Yes,5+,Supernatural,ghost,,1,False,Dusk
Bayonne,New Jersey,-74.1143091,40.6687141,No,2,Suicide,Unknown,,0,False,Morning
Bayonne,New Jersey,-74.1143091,40.6687141,Yes,2+,Unknown,Unknown,,0,False,Dusk
Bayonne,New Jersey,-74.1143091,40.6687141,No,1,Suicide,Unknown,,0,False,Dusk
Bayville,New Jersey,-74.1549173,39.9090924,Yes,0,Unknown,Unknown,,0,False,Evening
Bellmawr,New Jersey,-75.0946182,39.8676134,No,0,Supernatural,Unknown,,0,False,Dusk
Bergen County,New Jersey,-74.07701,40.9262762,No,1,Murder,ghost,,1,False,Evening
Bernardsville,New Jersey,-74.569324,40.7187119,No,0,Supernatural,Unknown,,0,False,Evening
Bernardsville,New Jersey,-74.569324,40.7187119,No,1+,Supernatural,Unknown,,0,False,Dusk
Blackwood,New Jersey,-75.0640602,39.8023363,Yes,2+,Unknown,Unknown,,0,False,Dusk
Boonton,New Jersey,-74.4087405,40.904019,Yes,3+,Supernatural,Unknown,,0,False,Evening
Boonton,New Jersey,-74.4087405,40.904019,No,0,Supernatural,Unknown,,0,False,Evening
Bordentown,New Jersey,-74.71182639999999,40.1462213,No,0,Supernatural,Unknown,,0,True,Dusk
Browns Mills,New Jersey,-74.58293309999999,39.9726147,No,2+,Supernatural,apparition mist,cold Mist,2,False,Dusk
Browns Mills,New Jersey,-74.58293309999999,39.9726147,No,1,Supernatural,Unknown,,0,False,Evening
Burlington,New Jersey,-74.86488729999999,40.071222,No,0,Supernatural,Unknown,,0,False,Dusk
Burlington,New Jersey,-74.86488729999999,40.071222,Yes,3+,Supernatural,Unknown,,0,False,Dusk
Burlington County,New Jersey,-74.6868815,39.8558488,No,0,Supernatural,ghost,,1,False,Dusk
Byram Twp.,New Jersey,-74.7227291,40.9601024,No,0,Murder,Unknown,,0,False,Evening
Camden,New Jersey,-75.1196199,39.9259463,Yes,0,Supernatural,figure,male figure,1,False,Dusk
Cape May,New Jersey,-74.90600529999999,38.9351125,Yes,0,Supernatural,ghost,,1,False,Dusk
Cape May,New Jersey,-74.90600529999999,38.9351125,No,2,Supernatural,ghost apparition,,2,False,Evening
Cape May,New Jersey,-74.90600529999999,38.9351125,No,3,Supernatural,ghost phantom,,2,False,Dusk
Cape May,New Jersey,-74.90600529999999,38.9351125,No,3+,Murder,ghost spirit,mischievous ghost,2,False,Dusk
Cape May,New Jersey,-74.90600529999999,38.9351125,No,0,Supernatural,spirit,,1,False,Evening
Cape May,New Jersey,-74.90600529999999,38.9351125,No,0,Supernatural,ghost spirit,,2,False,Unknown
Cape May,New Jersey,-74.90600529999999,38.9351125,No,2,Supernatural,presence,,1,False,Evening
Cape May,New Jersey,-74.90600529999999,38.9351125,No,2+,Murder,ghost presence,,2,True,Morning
Cape May,New Jersey,-74.90600529999999,38.9351125,Yes,5+,Supernatural,ghost spirit presence,,3,False,Evening
Cape May,New Jersey,-74.90600529999999,38.9351125,No,0,Supernatural,ghost,,1,False,Dusk
Cape May,New Jersey,-74.90600529999999,38.9351125,Yes,1,Supernatural,Unknown,,0,False,Dusk
Cape May,New Jersey,-74.90600529999999,38.9351125,No,2,Supernatural,figure,white figure,1,False,Dusk
Cape May,New Jersey,-74.90600529999999,38.9351125,No,2,Supernatural,Unknown,,0,False,Dusk
Cedarville,New Jersey,-75.1996314,39.3326145,Yes,1,Unknown,Unknown,,0,False,Evening
Cedarville / Fairton,New Jersey,-75.2247734,39.3644647,Yes,0,Supernatural,Unknown,,0,False,Morning
Chester,New Jersey,-74.6968284,40.7842667,No,2,Supernatural,Unknown,,0,False,Morning
Cinnaminson,New Jersey,-74.99276929999999,39.9969646,No,0,Supernatural,ghost,,1,False,Dusk
Cinnaminson,New Jersey,-74.99276929999999,39.9969646,No,1,Supernatural,Unknown,,0,False,Evening
Clinton,New Jersey,-74.90988999999999,40.6367682,Yes,0,Supernatural,Unknown,,0,False,Evening
Columbus,New Jersey,-74.7206894,40.0727889,No,1,Supernatural,Unknown,,0,False,Evening
Cranford,New Jersey,-74.2995928,40.6584212,No,1,Unknown,Unknown,,0,False,Evening
Delanco,New Jersey,-74.9535016,40.0506669,Yes,0,Unknown,Unknown,,0,False,Evening
Delran,New Jersey,-74.9564247,40.0158918,Yes,2+,Supernatural,mist,dense mist,1,False,Evening
Dennisville,New Jersey,-74.8252048,39.1931625,No,0,Supernatural,Unknown,,0,False,Dusk
Denville,New Jersey,-74.47737750000002,40.8923212,No,3+,Supernatural,spirit,,1,False,Dusk
East Greenwich,New Jersey,-75.2362381,39.7975993,No,0,Supernatural,Unknown,,0,False,Evening
East Greenwich,New Jersey,-75.2362381,39.7975993,No,0,Unknown,Unknown,,0,False,Morning
East Hanover,New Jersey,-74.3647247,40.8200623,Yes,0,Supernatural,shadow,,1,False,Unknown
East Rutherford,New Jersey,-74.0970865,40.833989,No,0,Supernatural,ghost,,1,False,Dusk
Edgewater,New Jersey,-73.97569399999999,40.8270448,No,0,Supernatural,ghost,,1,False,Dusk
Edison,New Jersey,-74.4120953,40.5187154,No,0,Supernatural,figure,,1,False,Dusk
Edison,New Jersey,-74.4120953,40.5187154,No,2+,Supernatural,Unknown,,0,False,Dusk
Edison,New Jersey,-74.4120953,40.5187154,Yes,2+,Supernatural,Unknown,,0,False,Dusk
Elizabeth,New Jersey,-74.2107006,40.6639916,Yes,1,Supernatural,Unknown,,0,False,Dusk
Elizabeth,New Jersey,-74.2107006,40.6639916,No,3+,Supernatural,Unknown,,0,False,Dusk
Ewing,New Jersey,-74.79091249999999,40.2599864,Yes,0,Supernatural,Unknown,,0,False,Dusk
Flemington,New Jersey,-74.85933179999999,40.5123258,Yes,3+,Supernatural,spirit,,1,False,Unknown
Fort Dix,New Jersey,-74.61849,40.0298354,No,1,Supernatural,Unknown,,0,False,Evening
Fort Dix,New Jersey,-74.61849,40.0298354,No,1,Supernatural,Unknown,,0,False,Evening
Fort Dix,New Jersey,-74.61849,40.0298354,Yes,1+,Supernatural,spirit,,1,False,Unknown
Franklin,New Jersey,-74.5804378,41.12204089999999,No,1,Supernatural,ghost,,1,False,Dusk
Franklin Lake,New Jersey,-74.2057011,41.0167639,No,0,Murder,ghost,,1,False,Evening
Franklineville,New Jersey,-75.080747,39.61779689999999,No,0,Supernatural,ghost,,1,False,Evening
Glassboro,New Jersey,-75.1118422,39.70289229999999,Yes,0,Supernatural,Unknown,,0,False,Dusk
Glassboro,New Jersey,-75.1118422,39.70289229999999,No,0,Supernatural,Unknown,,0,False,Dusk
Glassboro,New Jersey,-75.1118422,39.70289229999999,No,1,Unknown,Unknown,,0,False,Evening
Glendora,New Jersey,-75.07350559999999,39.8395581,Yes,2+,Supernatural,Unknown,,0,False,Evening
Gloucester,New Jersey,-75.0494329,39.7933809,No,0,Death,Unknown,,0,False,Evening
Gloucter Township,New Jersey,-75.0494329,39.7933809,Yes,1,Unknown,Unknown,,0,False,Dusk
Hillside,New Jersey,-74.2287333,40.6955044,No,0,Unknown,Unknown,,0,False,Dusk
Hamilton,New Jersey,-74.6796651,40.2115109,No,1,Unknown,Unknown,,0,False,Unknown
Hackettstown,New Jersey,-74.8290555,40.8539879,No,2+,Supernatural,apparition,,1,False,Dusk
Hackettstown,New Jersey,-74.8290555,40.8539879,No,1,Supernatural,Unknown,,0,False,Unknown
Harrington Park,New Jersey,-73.9798601,40.9837089,No,0,Supernatural,shadow orb mist,,3,True,Unknown
Hoboken,New Jersey,-74.0323626,40.7439905,Yes,3+,Supernatural,ghost,,1,False,Dusk
Hope,New Jersey,-74.9673626,40.9111182,No,1,Supernatural,figure,small figure,1,False,Morning
Hopewell,New Jersey,-74.7618284,40.3892726,No,1,Supernatural,Unknown,,0,False,Evening
Howell,New Jersey,-74.2082671,40.1645785,No,1,Supernatural,apparition,,1,False,Dusk
Howell,New Jersey,-74.2082671,40.1645785,Yes,1,Unknown,Unknown,,0,False,Evening
Howell,New Jersey,-74.2082671,40.1645785,Yes,1,Supernatural,Unknown,,0,False,Evening
Jackson,New Jersey,-74.35874729999999,40.0918895,No,1,Unknown,Unknown,,0,False,Dusk
Jersey City,New Jersey,-74.0776417,40.72815749999999,Yes,5+,Supernatural,ghost,,1,False,Dusk
Jersey City,New Jersey,-74.0776417,40.72815749999999,Yes,2+,Supernatural,Unknown,,0,False,Dusk
Jersey City,New Jersey,-74.0776417,40.72815749999999,No,0,Unknown,Unknown,,0,False,Unknown
Jersey City,New Jersey,-74.0776417,40.72815749999999,No,2+,Murder,Unknown,,0,False,Evening
Lakehurst,New Jersey,-74.3112574,40.014561,No,0,Supernatural,Unknown,,0,False,Unknown
Lakewood,New Jersey,-74.2097014,40.08212899999999,No,1,Unknown,Unknown,,0,False,Evening
Lambertville,New Jersey,-74.94294479999999,40.36593939999999,No,0,Supernatural,ghost,,1,False,Dusk
Lambertville,New Jersey,-74.94294479999999,40.36593939999999,Yes,3+,Natural Disaster,apparition mist,,2,True,Dusk
Landisville,New Jersey,-74.938343,39.5251132,Yes,0,Supernatural,Unknown,,0,False,Dusk
Laurence Harbor,New Jersey,-74.2465338,40.4567735,No,1,Supernatural,ghost figure,,2,False,Dusk
Lavallette,New Jersey,-74.0687475,39.9703958,No,1,Supernatural,Unknown,,0,False,Morning
Lincoln Park,New Jersey,-74.3020933,40.9242652,Yes,1,Supernatural,Unknown,,0,False,Evening
Madison,New Jersey,-74.417097,40.7598227,No,0,Supernatural,Unknown,,0,False,Evening
Madison,New Jersey,-74.417097,40.7598227,No,3+,Natural Disaster,Unknown,,0,False,Dusk
Madison,New Jersey,-74.417097,40.7598227,No,3+,Suicide,Unknown,,0,False,Dusk
Madison,New Jersey,-74.417097,40.7598227,No,1,Supernatural,Unknown,,0,False,Evening
Madison,New Jersey,-74.417097,40.7598227,No,1,Unknown,Unknown,,0,False,Dusk
Maple Shade,New Jersey,-74.9923915,39.9526127,Yes,0,Death,Unknown,,0,False,Evening
Marlboro,New Jersey,-74.26872910000002,40.3380949,No,3,Supernatural,Unknown,,0,False,Evening
Marlboro,New Jersey,-74.26872910000002,40.3380949,No,3+,Supernatural,Unknown,,0,False,Dusk
Marlton,New Jersey,-74.9218324,39.8912248,No,5+,Natural Disaster,ghost,,1,False,Unknown
Matawan,New Jersey,-74.2295891,40.41482999999999,Yes,1,Supernatural,ghost orb figure mist presence,,5,False,Dusk
Mays Landing,New Jersey,-74.7276626,39.4523385,Yes,1,Supernatural,Unknown,,0,False,Dusk
Mays Landing,New Jersey,-74.7276626,39.4523385,No,2,Supernatural,ghost orb,Went Ghost,2,False,Evening
Metuchen,New Jersey,-74.3632049,40.5431598,No,2+,Suicide,ghost presence,several presence,2,False,Dusk
Middlesex County,New Jersey,-74.35874729999999,40.4111363,No,0,Supernatural,Unknown,,0,False,Dusk
Midland Park,New Jersey,-74.1406988,40.98926429999999,No,1,Supernatural,ghost,,1,False,Evening
Millington,New Jersey,-74.51799989999999,40.6723496,No,5,Unknown,Unknown,,0,True,Dusk
Millville,New Jersey,-75.0393438,39.4020596,No,1,Supernatural,Unknown,,0,False,Evening
Montvale,New Jersey,-74.0229173,41.0467635,No,1,Supernatural,mist,white mist,1,False,Dusk
Montville,New Jersey,-74.383763,40.9148209,No,0,Supernatural,Unknown,,0,False,Unknown
Morris County,New Jersey,-74.54632819999999,40.8336038,No,1,Murder,spirit,,1,False,Dusk
Morristown,New Jersey,-74.4815438,40.79676670000001,No,0,Supernatural,Unknown,,0,False,Dusk
Morristown,New Jersey,-74.4815438,40.79676670000001,No,1,Supernatural,ghost,,1,True,Dusk
Morristown,New Jersey,-74.4815438,40.79676670000001,Yes,0,Supernatural,spirit,,1,False,Dusk
Mt. Holly,New Jersey,-74.78793929999999,39.9931438,No,0,Supernatural,ghost apparition orb,,3,False,Evening
Mt. Hope,New Jersey,-74.54265769999999,40.9262098,Yes,0,Supernatural,figure,,1,False,Dusk
Mt. Laurel,New Jersey,-74.89099879999999,39.934002,Yes,1,Supernatural,Unknown,,0,False,Unknown
National Park,New Jersey,-75.1787901,39.8659466,No,5+,Unknown,Unknown,,0,False,Dusk
Neshanic Station,New Jersey,-74.7296815,40.5083341,No,0,Supernatural,figure,dark figure,1,False,Dusk
Newark,New Jersey,-74.1723667,40.735657,No,0,Death,Unknown,,0,False,Dusk
New Monmauth,New Jersey,-74.10319679999999,40.4120528,Yes,1,Murder,spirit,,1,False,Evening
Nutley,New Jersey,-74.15987249999999,40.8223168,No,2,Supernatural,figure,,1,False,Dusk
NUTLEY,New Jersey,-74.15987249999999,40.8223168,No,0,Death,Unknown,,0,False,Evening
Oak Valley,New Jersey,-75.15880609999999,39.8058074,No,1,Natural Disaster,entity,,1,False,Dusk
Oaklyn,New Jersey,-75.0846179,39.9009465,No,0,Supernatural,orb,,1,False,Dusk
Old Bridge,New Jersey,-74.307282,40.4128551,No,0,Supernatural,mist,constant mist,1,False,Morning
Parsippany,New Jersey,-74.41738769999999,40.8652865,No,1,Supernatural,ghost,,1,False,Evening
Parsippany,New Jersey,-74.41738769999999,40.8652865,Yes,15,Natural Disaster,Unknown,,0,False,Morning
Passaic County,New Jersey,-74.35874729999999,41.1231647,No,1,Murder,ghost,,1,False,Dusk
Paterson,New Jersey,-74.17181099999999,40.9167654,No,0,Unknown,Unknown,,0,False,Morning
Paterson,New Jersey,-74.17181099999999,40.9167654,Yes,0,Supernatural,spirit,,1,False,Unknown
Pemberton,New Jersey,-74.6829363,39.97205779999999,Yes,3+,Supernatural,Unknown,,0,False,Evening
Pennington,New Jersey,-74.790718,40.3284402,Yes,1,Supernatural,Unknown,,0,False,Unknown
Perth Amboy,New Jersey,-74.2654234,40.5067723,No,3,Supernatural,figure,,1,False,Evening
Perth Amboy,New Jersey,-74.2654234,40.5067723,No,1+,Unknown,Unknown,,0,False,Unknown
Perth Amboy,New Jersey,-74.2654234,40.5067723,Yes,3+,Supernatural,figure,,1,False,Unknown
Phillipsburg,New Jersey,-75.1901761,40.69370989999999,No,1,Unknown,Unknown,,0,False,Dusk
Pine Beach,New Jersey,-74.1709735,39.9359515,Yes,0,Unknown,Unknown,,0,False,Dusk
Pittsgrove,New Jersey,-75.1311874,39.5314846,Yes,0,Supernatural,spirit,,1,False,Evening
Point Pleasant,New Jersey,-74.0681931,40.0831714,No,1,Supernatural,ghost presence,,2,False,Morning
Port Monmouth,New Jersey,-74.10024779999999,40.4314588,No,3+,Death,ghost spirit apparition orb,full apparition,4,False,Dusk
Quinton/Bridgeton,New Jersey,-75.2340768,39.427337,No,0,Unknown,Unknown,,0,False,Dusk
Raritan,New Jersey,-74.6329363,40.5695474,No,2+,Supernatural,Unknown,,0,False,Dusk
Richland,New Jersey,-74.8706048,39.4914737,No,1,Supernatural,Unknown,,0,False,Evening
Ringwood,New Jersey,-74.2454254,41.1134289,Yes,1,Supernatural,spirit,,1,False,Dusk
Ringwood,New Jersey,-74.2454254,41.1134289,Yes,0,Supernatural,shadow,,1,False,Unknown
River Vale,New Jersey,-74.01197359999999,41.0147679,Yes,1,Supernatural,ghost,,1,False,Dusk
Riverside,New Jersey,-74.9573908,40.0323338,No,1,Death,Unknown,,0,False,Dusk
Riverside,New Jersey,-74.9573908,40.0323338,No,0,Supernatural,orb figure,,2,False,Evening
Roseland,New Jersey,-74.2937594,40.8206555,No,0,Natural Disaster,Unknown,,0,False,Evening
Scotch Plains,New Jersey,-74.369018,40.6400404,No,0,Supernatural,Unknown,,0,False,Dusk
Somerville,New Jersey,-74.60987999999999,40.5742696,Yes,0,Unknown,Unknown,,0,False,Dusk
Somerville,New Jersey,-74.60987999999999,40.5742696,Yes,0,Supernatural,spirit,friendly spirit,1,False,Dusk
South Brigantine,New Jersey,-74.3645906,39.4101171,No,1,Supernatural,Unknown,,0,False,Dusk
South Dennis,New Jersey,-74.8198893,39.1784475,Yes,0,Supernatural,Unknown,,0,False,Dusk
Sparta,New Jersey,-74.6363588,41.0334562,Yes,1,Natural Disaster,Unknown,,0,False,Dusk
Swedesboro,New Jersey,-75.3104654,39.7476136,Yes,1,Supernatural,Unknown,,0,False,Dusk
Tabernacle,New Jersey,-74.7107048,39.8433853,Yes,0,Supernatural,ghost,,1,False,Evening
Toms River,New Jersey,-74.1979458,39.9537358,Yes,1,Unknown,Unknown,,0,False,Dusk
Totowa,New Jersey,-74.20986789999999,40.9050988,No,0,Murder,Unknown,,0,False,Evening
Totowa,New Jersey,-74.20986789999999,40.9050988,No,12+,Supernatural,spirit,peaceful spirit,1,False,Dusk
Totowa,New Jersey,-74.20986789999999,40.9050988,Yes,1,Unknown,Unknown,,0,False,Dusk
Totowa,New Jersey,-74.20986789999999,40.9050988,No,1,Murder,Unknown,,0,False,Evening
Tewksbury Township,New Jersey,-74.7833145,40.6919174,No,3+,Murder,ghost,,1,False,Dusk
Union,New Jersey,-74.26316349999999,40.6975898,No,0,Murder,Unknown,,0,False,Evening
Union,New Jersey,-74.26316349999999,40.6975898,No,0,Supernatural,Unknown,,0,False,Dusk
Union,New Jersey,-74.26316349999999,40.6975898,No,1,Supernatural,Unknown,,0,False,Evening
Union,New Jersey,-74.26316349999999,40.6975898,No,0,Supernatural,presence,negative presence,1,False,Evening
Union,New Jersey,-74.26316349999999,40.6975898,No,0,Supernatural,Unknown,,0,False,Evening
Verona,New Jersey,-74.24016089999999,40.82980060000001,Yes,1,Death,Unknown,,0,False,Dusk
Villas,New Jersey,-74.941631,39.017252,No,2+,Murder,ghost,,1,False,Unknown
Verona,New Jersey,-74.24016089999999,40.82980060000001,Yes,0,Supernatural,ghost,,1,False,Unknown
Warren,New Jersey,-74.50047959999999,40.6342489,No,0,Unknown,Unknown,,0,False,Morning
Washington,New Jersey,-74.9793378,40.7584326,No,0,Murder,orb figure,,2,True,Dusk
Wayne,New Jersey,-74.2765441,40.92537249999999,Yes,1,Supernatural,apparition,,1,False,Dusk
Wayne,New Jersey,-74.2765441,40.92537249999999,No,1,Supernatural,shadow,strange shadow,1,False,Evening
West Long Branch,New Jersey,-74.0176381,40.2903891,No,0,Supernatural,ghost,,1,False,Dusk
West Milford,New Jersey,-74.3673254,41.1311292,No,0,Supernatural,ghost spirit,,2,False,Dusk
West Milford,New Jersey,-74.3673254,41.1311292,No,1,Supernatural,Unknown,,0,False,Dusk
West New York,New Jersey,-74.0143064,40.7878788,Yes,3,Supernatural,shadow,,1,False,Dusk
Westville,New Jersey,-75.1315649,39.8678912,No,1+,Supernatural,ghost spirit,,2,False,Unknown
Wharton,New Jersey,-74.5818254,40.8931546,Yes,1,Supernatural,Unknown,,0,False,Dusk
Woodbury,New Jersey,-75.1526774,39.83816909999999,Yes,1,Supernatural,apparition orb mist,occassional apparition,3,True,Dusk
Woodstown,New Jersey,-75.32824540000001,39.65150269999999,Yes,0,Supernatural,ghost,,1,False,Evening
Wycoff,New Jersey,-74.1729106,41.0095316,No,0,Murder,Unknown,,0,False,Dusk
Abercrombie,North Dakota,-96.7303557,46.44773840000001,No,0,Supernatural,Unknown,,0,False,Dusk
Akra/Leroy,North Dakota,,,No,1,Suicide,Unknown,,0,False,Dusk
Amidon,North Dakota,-103.3218466,46.4822327,Yes,2+,Supernatural,Unknown,,0,False,Evening
Anamoose,North Dakota,-100.241246,47.8825008,No,2+,Natural Disaster,Unknown,,0,False,Dusk
Belcourt,North Dakota,-99.7448689,48.8391712,No,2+,Natural Disaster,Unknown,,0,False,Dusk
Bismarck,North Dakota,-100.7837392,46.8083268,No,2+,Supernatural,Unknown,,0,False,Morning
Cannonball,North Dakota,-100.5940114,46.3894387,No,1,Unknown,Unknown,,0,False,Dusk
Dickinson,North Dakota,-102.7896242,46.8791756,No,0,Supernatural,ghost,,1,False,Morning
Dickinson,North Dakota,-102.7896242,46.8791756,No,1,Supernatural,figure,,1,False,Evening
Dickinson,North Dakota,-102.7896242,46.8791756,Yes,4,Supernatural,Unknown,,0,False,Dusk
Dunseith,North Dakota,-100.0609678,48.8130569,Yes,0,Suicide,Unknown,,0,False,Dusk
Dunseith,North Dakota,-100.0609678,48.8130569,Yes,1+,Supernatural,Unknown,,0,False,Dusk
Edmore,North Dakota,-98.4543611,48.4132993,No,1,Supernatural,figure,male figure,1,False,Evening
Fargo,North Dakota,-96.7898034,46.8771863,No,0,Unknown,Unknown,,0,False,Evening
Fargo,North Dakota,-96.7898034,46.8771863,No,2,Supernatural,Unknown,,0,False,Dusk
Fargo,North Dakota,-96.7898034,46.8771863,No,2+,Suicide,entity presence,separate entity,2,False,Unknown
Fargo,North Dakota,-96.7898034,46.8771863,No,0,Murder,Unknown,,0,False,Unknown
Fargo,North Dakota,-96.7898034,46.8771863,Yes,3+,Supernatural,ghost apparition,,2,False,Dusk
Fargo,North Dakota,-96.7898034,46.8771863,Yes,0,Supernatural,Unknown,,0,False,Dusk
Fargo,North Dakota,-96.7898034,46.8771863,Yes,4,Supernatural,ghost figure,hooded figure,2,False,Dusk
Fargo,North Dakota,-96.7898034,46.8771863,Yes,5+,Supernatural,ghost,,1,False,Dusk
Fargo,North Dakota,-96.7898034,46.8771863,No,1,Death,ghost presence,early ghost,2,False,Unknown
Fort Yates,North Dakota,-100.6301271,46.0869408,No,2+,Unknown,Unknown,,0,False,Unknown
Fort Yates,North Dakota,-100.6301271,46.0869408,Yes,1,Supernatural,Unknown,,0,False,Dusk
Fort Yates,North Dakota,-100.6301271,46.0869408,No,3,Supernatural,shadow,,1,False,Evening
Fort Yates,North Dakota,-100.6301271,46.0869408,Yes,5,Supernatural,Unknown,,0,False,Evening
Fort Yates,North Dakota,-100.6301271,46.0869408,Yes,1+,Murder,Unknown,,0,False,Dusk
Grafton,North Dakota,-97.410634,48.4122107,No,0,Supernatural,Unknown,,0,False,Evening
Grand Forks,North Dakota,-97.0328547,47.9252568,No,5+,Supernatural,shadow figure,,2,True,Dusk
Grand Forks,North Dakota,-97.0328547,47.9252568,Yes,1,Supernatural,ghost,,1,False,Dusk
Grand Forks,North Dakota,-97.0328547,47.9252568,No,1+,Supernatural,figure,,1,False,Evening
Grand Forks,North Dakota,-97.0328547,47.9252568,No,0,Supernatural,apparition,,1,False,Evening
Grand Forks,North Dakota,-97.0328547,47.9252568,No,5+,Supernatural,ghost apparition presence,"Other presence, second ghost",3,False,Evening
Garrison,North Dakota,-101.4157165,47.6522225,No,3+,Murder,Unknown,,0,False,Unknown
Harvey,North Dakota,-99.935404,47.769723,No,1,Unknown,Unknown,,0,False,Evening
Horace,North Dakota,-96.9036971,46.7588553,Yes,0,Supernatural,figure,,1,False,Evening
Jamestown,North Dakota,-98.7084357,46.9105438,No,0,Supernatural,Unknown,,0,False,Unknown
Jamestown,North Dakota,-98.7084357,46.9105438,Yes,0,Suicide,Unknown,,0,False,Dusk
Jamestown,North Dakota,-98.7084357,46.9105438,No,1,Supernatural,Unknown,,0,False,Dusk
Killdeer,North Dakota,-102.7540751,47.37195819999999,No,2+,Murder,Unknown,,0,False,Evening
Leroy,North Dakota,-97.7525838,48.92332829999999,No,5+,Murder,Unknown,,0,False,Evening
Mandan,North Dakota,-100.8895761,46.8266603,No,0,Supernatural,Unknown,,0,False,Dusk
Mandan,North Dakota,-100.8895761,46.8266603,Yes,1,Supernatural,Unknown,,0,False,Morning
Mandan outskirts,North Dakota,,,Yes,1,Murder,spirit,,1,False,Evening
Mandaree,North Dakota,-102.6760243,47.72917899999999,Yes,2+,Supernatural,spirit witch,,2,False,Dusk
Medora,North Dakota,-103.5243536,46.9139028,No,1,Unknown,Unknown,,0,False,Unknown
Medora,North Dakota,-103.5243536,46.9139028,No,1,Supernatural,ghost,,1,False,Unknown
Medora,North Dakota,-103.5243536,46.9139028,Yes,0,Supernatural,Unknown,,0,False,Dusk
New Town,North Dakota,-102.4901804,47.9808483,Yes,1,Supernatural,Unknown,,0,False,Dusk
New Town,North Dakota,-102.4901804,47.9808483,No,1+,Supernatural,Unknown,,0,False,Evening
Solen,North Dakota,-100.7984628,46.3888848,Yes,1,Unknown,Unknown,,0,False,Dusk
Standing Rock,North Dakota,-101.2004153,45.7502748,No,3+,Unknown,Unknown,,0,True,Dusk
township,North Dakota,-104.0043728,46.91806889999999,Yes,1,Murder,Unknown,,0,False,Unknown
Valley City,North Dakota,-98.0031547,46.9233129,Yes,1,Supernatural,Unknown,,0,False,Evening
West Fargo,North Dakota,-96.8999057,46.8769487,No,0,Supernatural,ghost,,1,False,Dusk
West Fargo,North Dakota,-96.8999057,46.8769487,Yes,3+,Unknown,Unknown,,0,False,Dusk
Williston,North Dakota,-103.6179745,48.1469683,Yes,2+,Supernatural,Unknown,,0,False,Unknown
Wishek,North Dakota,-99.5570567,46.2569184,Yes,3+,Supernatural,apparition,,1,False,Dusk
Albany,Wyoming,-106.1319565,41.1841402,Yes,1,Unknown,Unknown,,0,False,Evening
Albany,Wyoming,-106.1319565,41.1841402,Yes,0,Supernatural,Unknown,,0,False,Dusk
Albany,Wyoming,-106.1319565,41.1841402,No,1,Supernatural,Unknown,,0,False,Unknown
Albany,Wyoming,-106.1319565,41.1841402,No,1,Unknown,Unknown,,0,False,Evening
Arapahoe,Wyoming,-108.4898309,42.9621822,Yes,3+,Supernatural,Unknown,,0,False,Unknown
Burns,Wyoming,-104.3591244,41.1927591,No,0,Supernatural,Unknown,,0,False,Dusk
Byron,Wyoming,-108.5065095,44.7963411,No,1,Supernatural,ghost,,1,False,Evening
Carbon,Wyoming,-106.912251,41.6032207,No,2+,Supernatural,ghost,,1,False,Dusk
Casper,Wyoming,-106.313081,42.866632,No,1,Supernatural,spirit,,1,True,Morning
Casper,Wyoming,-106.313081,42.866632,No,1+,Supernatural,apparition,,1,False,Evening
Casper,Wyoming,-106.313081,42.866632,Yes,1+,Supernatural,Unknown,,0,False,Unknown
Cheyenne,Wyoming,-104.8202462,41.1399814,No,2,Supernatural,spirit,,1,False,Evening
Cheyenne,Wyoming,-104.8202462,41.1399814,Yes,1,Murder,ghost shadow,"more shadow, only ghost",2,False,Dusk
Cheyenne,Wyoming,-104.8202462,41.1399814,No,1,Supernatural,spirit,,1,False,Dusk
Cheyenne,Wyoming,-104.8202462,41.1399814,Yes,3+,Supernatural,Unknown,,0,False,Unknown
Cheyenne,Wyoming,-104.8202462,41.1399814,No,1+,Murder,ghost,,1,False,Dusk
Cheyenne,Wyoming,-104.8202462,41.1399814,No,0,Murder,ghost spirit,,2,False,Morning
Cody,Wyoming,-109.0565308,44.52634219999999,Yes,2+,Supernatural,spirit,,1,False,Dusk
Cody,Wyoming,-109.0565308,44.52634219999999,Yes,0,Supernatural,Unknown,,0,False,Dusk
Cody,Wyoming,-109.0565308,44.52634219999999,No,2,Supernatural,presence,aggressive presence,1,False,Dusk
Encampment,Wyoming,-106.8001396,41.2060709,Yes,4,Murder,ghost,old ghost,1,False,Dusk
Ethete,Wyoming,-108.7726205,43.0249581,Yes,5+,Supernatural,ghost spirit,,2,False,Unknown
Ethete,Wyoming,-108.7726205,43.0249581,No,2+,Supernatural,ghost figure,,2,False,Dusk
Ethete,Wyoming,-108.7726205,43.0249581,No,1,Supernatural,spirit,,1,False,Morning
Evanston,Wyoming,-110.9632373,41.2682794,Yes,1,Unknown,Unknown,,0,False,Evening
Evanston,Wyoming,-110.9632373,41.2682794,No,0,Supernatural,Unknown,,0,False,Evening
Fort Bridger,Wyoming,-110.3843251,41.3166168,No,0,Supernatural,phantom,old phantom,1,False,Unknown
Fort Bridger,Wyoming,-110.3843251,41.3166168,No,1+,Supernatural,ghost,,1,False,Morning
Fort Laramie,Wyoming,-104.5560183,42.2036873,No,1,Unknown,Unknown,,0,False,Evening
Gebo,Wyoming,-108.2273029,43.79362099999999,Yes,1,Supernatural,ghost,,1,False,Dusk
Gillette,Wyoming,-105.5022205,44.2910915,Yes,0,Unknown,Unknown,,0,False,Dusk
Green River,Wyoming,-109.4662461,41.5285757,Yes,2,Supernatural,Unknown,,0,False,Evening
Kemmerer,Wyoming,-110.5376692,41.792447,Yes,1,Supernatural,presence,,1,False,Evening
Laramie,Wyoming,-105.5911007,41.3113669,Yes,5,Suicide,ghost shadow,,2,False,Evening
Laramie,Wyoming,-105.5911007,41.3113669,No,3+,Supernatural,ghost,,1,False,Dusk
Laramie,Wyoming,-105.5911007,41.3113669,No,3,Supernatural,Unknown,,0,False,Dusk
Laramie,Wyoming,-105.5911007,41.3113669,Yes,0,Unknown,Unknown,,0,False,Dusk
Lovell,Wyoming,-108.3895614,44.8374532,No,1,Supernatural,figure,,1,False,Evening
Lovell,Wyoming,-108.3895614,44.8374532,Yes,0,Murder,Unknown,,0,False,Dusk
Lovell,Wyoming,-108.3895614,44.8374532,Yes,0,Supernatural,apparition,,1,False,Evening
Lusk,Wyoming,-104.4521747,42.7624668,No,1,Supernatural,presence,,1,False,Evening
Lusk,Wyoming,-104.4521747,42.7624668,Yes,0,Supernatural,Unknown,,0,False,Dusk
Medicine Bow,Wyoming,-106.2047385,41.8955212,Yes,0,Supernatural,Unknown,,0,False,Dusk
Morton,Wyoming,-108.7745643,43.2005135,No,0,Unknown,Unknown,,0,False,Dusk
Park County,Wyoming,-109.4579855,44.6782103,Yes,1,Murder,Unknown,,0,False,Unknown
Powell,Wyoming,-108.7573525,44.7538408,Yes,2+,Supernatural,Unknown,,0,False,Unknown
Powell,Wyoming,-108.7573525,44.7538408,No,2+,Supernatural,shadow,,1,False,Evening
Powell / Cody,Wyoming,-108.9671419,44.5918542,Yes,1,Supernatural,spirit shadow,friendly spirit,2,False,Evening
Rawlins,Wyoming,-107.2386627,41.7910697,Yes,3+,Murder,apparition poltergeist,"mild poltergeist, strange poltergeist",2,False,Unknown
Rawlins,Wyoming,-107.2386627,41.7910697,Yes,5+,Supernatural,ghost apparition presence,,3,False,Dusk
Rawlins,Wyoming,-107.2386627,41.7910697,Yes,0,Murder,Unknown,,0,False,Unknown
Rawlins,Wyoming,-107.2386627,41.7910697,Yes,5+,Supernatural,apparition,,1,True,Evening
Riverton,Wyoming,-108.3801036,43.0249592,No,3,Unknown,Unknown,,0,False,Evening
Riverton,Wyoming,-108.3801036,43.0249592,No,1+,Supernatural,ghost,female ghost,1,False,Dusk
Riverton,Wyoming,-108.3801036,43.0249592,No,2,Unknown,Unknown,,0,False,Dusk
Riverton,Wyoming,-108.3801036,43.0249592,Yes,0,Unknown,Unknown,,0,False,Evening
Riverton,Wyoming,-108.3801036,43.0249592,No,1,Supernatural,Unknown,,0,False,Dusk
Riverton,Wyoming,-108.3801036,43.0249592,Yes,1,Supernatural,Unknown,,0,False,Dusk
Rock Springs,Wyoming,-109.2029043,41.58746439999999,Yes,2,Supernatural,Unknown,,0,False,Morning
Sheridan,Wyoming,-106.9561791,44.7971939,No,2+,Murder,spirit,,1,False,Dusk
Sheridan,Wyoming,-106.9561791,44.7971939,No,1,Supernatural,ghost,,1,True,Evening
Sheridan,Wyoming,-106.9561791,44.7971939,No,0,Supernatural,Unknown,,0,False,Unknown
Sheridan,Wyoming,-106.9561791,44.7971939,No,0,Unknown,Unknown,,0,False,Evening
St. Stephen's,Wyoming,-108.4164941,42.9838485,No,1+,Supernatural,ghost,,1,False,Morning
Sweetwater,Wyoming,-109.1880047,41.8519395,No,1,Supernatural,apparition,,1,False,Dusk
Thermopolis,Wyoming,-108.2120432,43.6460672,Yes,3,Supernatural,figure,,1,False,Morning
Thermopolis,Wyoming,-108.2120432,43.6460672,No,3+,Supernatural,orb,,1,False,Evening
Thermopolis,Wyoming,-108.2120432,43.6460672,Yes,1,Supernatural,Unknown,,0,False,Unknown
Thermopolis,Wyoming,-108.2120432,43.6460672,Yes,0,Unknown,Unknown,,0,False,Dusk
Thermopolis,Wyoming,-108.2120432,43.6460672,Yes,1,Unknown,Unknown,,0,False,Dusk
Torrington,Wyoming,-104.1843942,42.0624646,Yes,0,Supernatural,Unknown,,0,False,Unknown
Upton,Wyoming,-104.6280156,44.0997037,Yes,0,Supernatural,Unknown,,0,False,Unknown
Wind River Indian Reservation,Wyoming,-108.8340103,43.2832906,Yes,1,Supernatural,ghost spirit,"little Ghost, black Ghost",2,False,Evening
Wind River Indian Reservation,Wyoming,-108.8340103,43.2832906,Yes,0,Unknown,Unknown,,0,False,Unknown
Wind River Indian Reservation,Wyoming,-108.8340103,43.2832906,Yes,3+,Supernatural,Unknown,,0,False,Dusk
Yellowstone National Park,Wyoming,-110.588455,44.427963,No,2,Supernatural,apparition,,1,False,Dusk
Aberdeen,North Carolina,-79.42947889999999,35.131547,Yes,2+,Unknown,Unknown,,0,False,Unknown
Alexandria,Kentucky,-84.3879946,38.9595078,No,1,Unknown,witch,,1,True,Evening
Angier,North Carolina,-78.7391813,35.5071044,No,1,Unknown,Unknown,,0,False,Morning
Arden,North Carolina,-82.5166982,35.4661613,No,0,Natural Disaster,Unknown,,0,False,Evening
Asheville,North Carolina,-82.5514869,35.5950581,Yes,5+,Natural Disaster,apparition presence,,2,False,Evening
Asheville,North Carolina,-82.5514869,35.5950581,No,0,Murder,ghost,legendary ghost,1,False,Evening
Asheville,North Carolina,-82.5514869,35.5950581,No,2+,Supernatural,spirit,,1,False,Dusk
Asheville,North Carolina,-82.5514869,35.5950581,Yes,3+,Supernatural,Unknown,,0,False,Dusk
Asheville,North Carolina,-82.5514869,35.5950581,No,0,Suicide,Unknown,,0,False,Evening
Asheville,North Carolina,-82.5514869,35.5950581,No,1,Supernatural,ghost,,1,False,Evening
Asheville,North Carolina,-82.5514869,35.5950581,No,0,Unknown,Unknown,,0,False,Dusk
Asheville,North Carolina,-82.5514869,35.5950581,No,2+,Murder,spirit apparition,,2,False,Morning
Asheville,North Carolina,-82.5514869,35.5950581,No,0,Supernatural,Unknown,,0,False,Dusk
Asheville,North Carolina,-82.5514869,35.5950581,No,2+,Death,Unknown,,0,False,Dusk
Atlantic Beach,North Carolina,-76.7402108,34.6990505,No,0,Supernatural,ghost,,1,False,Dusk
Banner Elk,North Carolina,-81.8715019,36.1631817,No,3+,Supernatural,ghost,,1,False,Dusk
Beaufort,North Carolina,-76.6638186,34.7182174,No,1,Unknown,Unknown,,0,False,Evening
Belwood,North Carolina,-81.52342399999999,35.4770759,Yes,1+,Unknown,Unknown,,0,False,Dusk
Bentonville,North Carolina,-78.2969437,35.3487741,No,1,Natural Disaster,Unknown,,0,False,Dusk
Bessemmer City,North Carolina,-81.28397,35.2848579,No,1,Unknown,Unknown,,0,False,Dusk
Blowing Rock,North Carolina,-81.6776059,36.135129,No,1,Supernatural,Unknown,,0,False,Dusk
Boone,North Carolina,-81.6745517,36.216795,Yes,5+,Supernatural,ghost,male ghost,1,False,Unknown
Boone,North Carolina,-81.6745517,36.216795,Yes,1,Supernatural,Unknown,,0,False,Evening
Boone,North Carolina,-81.6745517,36.216795,Yes,1+,Natural Disaster,Unknown,,0,False,Dusk
Brown Mountain,North Carolina,-81.74593689999999,35.9159628,No,1+,Murder,figure,,1,False,Dusk
Brunswick,North Carolina,-78.2020387,34.0275398,Yes,1+,Supernatural,Unknown,,0,False,Evening
Brunswick County,North Carolina,-78.2020387,34.0275398,No,0,Supernatural,ghost,,1,False,Evening
Burlington,North Carolina,-79.43779909999999,36.0956918,No,0,Unknown,Unknown,,0,False,Dusk
Cabarrus County,North Carolina,-80.5882803,35.4168123,No,1,Unknown,Unknown,,0,False,Evening
Camp Lejeune Marine Base,North Carolina,-77.4013403,34.6250544,No,1,Supernatural,figure,black figure,1,False,Morning
Caroleen,North Carolina,-81.7962122,35.2809558,No,1,Murder,Unknown,,0,False,Evening
Caroleen,North Carolina,-81.7962122,35.2809558,No,1,Unknown,Unknown,,0,False,Evening
Caroleen,North Carolina,-81.7962122,35.2809558,No,0,Murder,spirit,,1,False,Evening
Caswell County,North Carolina,-79.29021329999999,36.3860217,Yes,0,Supernatural,shadow,,1,False,Dusk
Chapanoke,North Carolina,-76.3774387,36.2540457,Yes,1+,Supernatural,ghost,,1,False,Evening
Annville,Kentucky,-83.97048319999999,37.31925469999999,No,1,Supernatural,Unknown,,0,False,Evening
Ashland,Kentucky,-82.63793869999999,38.4784144,Yes,5+,Death,ghost,good ghost,1,False,Morning
Ashland,Kentucky,-82.63793869999999,38.4784144,No,1,Supernatural,Unknown,,0,False,Evening
Barbourville,Kentucky,-83.8888138,36.8664765,No,3+,Supernatural,Unknown,,0,False,Unknown
Barbourville,Kentucky,-83.8888138,36.8664765,No,1+,Supernatural,ghost,,1,False,Evening
Barbourville,Kentucky,-83.8888138,36.8664765,Yes,1,Supernatural,Unknown,,0,False,Unknown
Bardstown,Kentucky,-85.46690249999999,37.8092279,No,0,Unknown,Unknown,,0,False,Dusk
Bardstown,Kentucky,-85.46690249999999,37.8092279,Yes,2+,Supernatural,Unknown,,0,False,Dusk
Bardstown,Kentucky,-85.46690249999999,37.8092279,No,1,Unknown,Unknown,,0,False,Evening
Bardstown,Kentucky,-85.46690249999999,37.8092279,No,0,Murder,spirit,,1,False,Evening
Bell County,Kentucky,-83.63484299999999,36.741122,No,5+,Supernatural,Unknown,,0,False,Morning
Bellefonte,Kentucky,-82.6901625,38.4925809,Yes,2+,Supernatural,ghost,,1,False,Dusk
Benton,Kentucky,-88.350315,36.85727809999999,No,0,Murder,Unknown,,0,False,Dusk
Berea,Kentucky,-84.2963223,37.568694,Yes,1,Murder,Unknown,,0,True,Morning
Berry,Kentucky,-84.38438289999999,38.5206283,Yes,1,Natural Disaster,Unknown,,0,False,Evening
Bloomfield,Kentucky,-85.316622,37.9103403,No,0,Unknown,Unknown,,0,False,Evening
Booneville,Kentucky,-83.6749145,37.4761991,Yes,2,Supernatural,Unknown,,0,False,Dusk
Bowling Green,Kentucky,-86.4808043,36.9685219,No,3+,Death,figure,,1,False,Unknown
Bowling Green,Kentucky,-86.4808043,36.9685219,No,0,Suicide,ghost,neutral ghost,1,False,Dusk
Bowling Green,Kentucky,-86.4808043,36.9685219,No,2+,Supernatural,Unknown,,0,False,Unknown
Bowling Green,Kentucky,-86.4808043,36.9685219,Yes,0,Unknown,Unknown,,0,False,Dusk
Bowling Green,Kentucky,-86.4808043,36.9685219,No,0,Supernatural,Unknown,,0,False,Evening
Bowling Green,Kentucky,-86.4808043,36.9685219,No,0,Supernatural,Unknown,,0,False,Unknown
Bowling Green,Kentucky,-86.4808043,36.9685219,No,0,Supernatural,Unknown,,0,False,Morning
Bowling Green,Kentucky,-86.4808043,36.9685219,Yes,1+,Suicide,Unknown,,0,False,Dusk
Bowling Green,Kentucky,-86.4808043,36.9685219,Yes,1,Supernatural,Unknown,,0,False,Dusk
Bowling Green,Kentucky,-86.4808043,36.9685219,Yes,0,Supernatural,Unknown,,0,False,Evening
Bowling Green,Kentucky,-86.4808043,36.9685219,No,3,Supernatural,Unknown,,0,False,Dusk
Boyle,Kentucky,-84.8150781,37.6526034,No,2,Supernatural,Unknown,,0,False,Evening
Bradfordsville,Kentucky,-85.1488483,37.4942356,Yes,0,Unknown,Unknown,,0,False,Evening
Bradfordsville,Kentucky,-85.1488483,37.4942356,Yes,0,Supernatural,Unknown,,0,False,Evening
Chapel Hill,North Carolina,-79.0558445,35.9131996,Yes,2+,Death,ghost,sad ghost,1,False,Dusk
Charlotte,North Carolina,-80.8431267,35.2270869,No,0,Supernatural,Unknown,,0,False,Morning
Charlotte,North Carolina,-80.8431267,35.2270869,Yes,3+,Supernatural,spirit shadow,,2,False,Dusk
Charlotte,North Carolina,-80.8431267,35.2270869,Yes,2+,Unknown,Unknown,,0,False,Dusk
Charlotte,North Carolina,-80.8431267,35.2270869,No,0,Unknown,Unknown,,0,False,Evening
Charlotte,North Carolina,-80.8431267,35.2270869,Yes,0,Supernatural,ghost spirit,,2,False,Dusk
Charlotte,North Carolina,-80.8431267,35.2270869,Yes,3,Supernatural,ghost,,1,False,Morning
Charlotte,North Carolina,-80.8431267,35.2270869,Yes,1,Supernatural,apparition,,1,False,Dusk
Charlotte,North Carolina,-80.8431267,35.2270869,Yes,2,Supernatural,Unknown,,0,False,Dusk
Chesterfield,North Carolina,-81.66093099999999,35.8101298,No,0,Murder,shadow demon figure,,3,False,Dusk
China Grove,North Carolina,-80.5817318,35.569306,No,0,Supernatural,figure,white figure,1,True,Evening
Clyde,North Carolina,-82.910691,35.5334379,No,0,Murder,ghost,,1,False,Dusk
Columbia,North Carolina,-76.25215210000002,35.9176632,No,2+,Unknown,Unknown,,0,False,Evening
Concord,North Carolina,-80.579511,35.4087517,Yes,3+,Supernatural,Unknown,,0,False,Unknown
Cullowhee,North Carolina,-83.1765333,35.3137111,No,0,Supernatural,ghost,,1,False,Unknown
Concord,North Carolina,-80.579511,35.4087517,No,1,Supernatural,spirit,,1,False,Unknown
Concord,North Carolina,-80.579511,35.4087517,No,3+,Unknown,Unknown,,0,False,Dusk
Concord,North Carolina,-80.579511,35.4087517,No,0,Supernatural,ghost,,1,False,Dusk
Concord,North Carolina,-80.579511,35.4087517,No,0,Death,ghost,,1,False,Dusk
Conetoe,North Carolina,-77.45580249999999,35.8157136,No,0,Supernatural,spirit,,1,False,Dusk
Creswell,North Carolina,-76.3921553,35.8704415,Yes,0,Supernatural,ghost,,1,False,Dusk
Bradfordsville,Kentucky,-85.1488483,37.4942356,Yes,5+,Supernatural,Unknown,,0,False,Unknown
Bradfordsville,Kentucky,-85.1488483,37.4942356,No,0,Unknown,Unknown,,0,False,Dusk
Bradfordsville,Kentucky,-85.1488483,37.4942356,No,1,Supernatural,Unknown,,0,False,Dusk
Brandenburg,Kentucky,-86.1694143,37.9989592,Yes,1,Supernatural,Unknown,,0,False,Dusk
Brandenburg,Kentucky,-86.1694143,37.9989592,Yes,1,Supernatural,Unknown,,0,False,Dusk
Brandenburg,Kentucky,-86.1694143,37.9989592,No,2+,Supernatural,Unknown,,0,False,Evening
Brandenburg,Kentucky,-86.1694143,37.9989592,Yes,1,Supernatural,ghost,,1,True,Unknown
Breathitt County,Kentucky,-83.33618799999999,37.5359616,Yes,3+,Death,Unknown,,0,False,Dusk
Busy,Kentucky,-83.29045540000001,37.2784274,Yes,1,Murder,figure,,1,False,Evening
Calloway,Kentucky,-88.28504199999999,36.6402766,No,3,Supernatural,Unknown,,0,False,Evening
Campbellsville,Kentucky,-85.3419069,37.3433974,Yes,3+,Unknown,Unknown,,0,False,Evening
Campbellsville,Kentucky,-85.3419069,37.3433974,No,0,Supernatural,Unknown,,0,False,Dusk
Campbellsville,Kentucky,-85.3419069,37.3433974,No,1,Murder,witch,,1,False,Dusk
Campbellsville,Kentucky,-85.3419069,37.3433974,Yes,2+,Murder,Unknown,,0,False,Morning
Cave City,Kentucky,-85.9569195,37.1367171,No,0,Death,Unknown,,0,False,Dusk
Clermont,Kentucky,-85.65273549999999,37.9297858,Yes,2+,Unknown,Unknown,,0,False,Evening
Clinton,Kentucky,-88.9933965,36.6672813,Yes,3+,Supernatural,Unknown,,0,False,Dusk
Closplint,Kentucky,-83.0689781,36.9039463,No,0,Unknown,Unknown,,0,False,Evening
Columbia,Kentucky,-85.3063504,37.102841,Yes,3+,Supernatural,spirit shadow figure,,3,False,Unknown
Combs,Kentucky,-83.21253519999999,37.2662969,Yes,1,Unknown,Unknown,,0,False,Morning
Corbin,Kentucky,-84.0968761,36.9486986,No,1,Supernatural,figure,bodily figure,1,False,Evening
Corbin,Kentucky,-84.0968761,36.9486986,Yes,1,Unknown,Unknown,,0,False,Morning
Corbin,Kentucky,-84.0968761,36.9486986,No,0,Supernatural,Unknown,,0,False,Evening
Corbin,Kentucky,-84.0968761,36.9486986,No,1+,Unknown,Unknown,,0,False,Dusk
Corbin,Kentucky,-84.0968761,36.9486986,No,0,Supernatural,Unknown,,0,False,Morning
Covington,Kentucky,-84.5085536,39.0836712,Yes,0,Supernatural,figure,,1,False,Dusk
Crittenden,Kentucky,-84.6052206,38.7828437,Yes,1,Supernatural,Unknown,,0,False,Dusk
Cumberland,Kentucky,-82.9884955,36.9781475,Yes,1,Supernatural,Unknown,,0,False,Dusk
Cumberland,Kentucky,-82.9884955,36.9781475,No,1,Supernatural,apparition,,1,False,Unknown
Cumberland,Kentucky,-82.9884955,36.9781475,Yes,3+,Supernatural,Unknown,,0,False,Evening
Cumbland Falls Saywer,Kentucky,-84.33861999999999,36.83866,No,0,Supernatural,ghost,,1,False,Dusk
Cullowhee,North Carolina,-83.1765333,35.3137111,No,1,Suicide,Unknown,,0,False,Evening
Cullowhee,North Carolina,-83.1765333,35.3137111,Yes,3+,Murder,Unknown,,0,False,Dusk
Danbury,North Carolina,-80.20588310000001,36.4093047,Yes,1,Suicide,Unknown,,0,False,Dusk
Davidson,North Carolina,-80.8486846,35.4993031,No,0,Supernatural,Unknown,,0,False,Dusk
Denton,North Carolina,-80.1158813,35.6334712,No,0,Murder,Unknown,,0,False,Dusk
Dillsboro,North Carolina,-83.2523705,35.3692665,Yes,1+,Unknown,Unknown,,0,False,Dusk
Dunn,North Carolina,-78.6089028,35.3062743,Yes,0,Natural Disaster,ghost,,1,False,Unknown
Dunn,North Carolina,-78.6089028,35.3062743,No,1,Murder,Unknown,,0,False,Dusk
Durham,North Carolina,-78.898619,35.9940329,Yes,2,Supernatural,Unknown,,0,False,Evening
Early's Station,North Carolina,-77.0297053,36.1988656,No,1,Unknown,Unknown,,0,False,Dusk
Eden,North Carolina,-79.7667026,36.4884715,No,2+,Supernatural,ghost apparition figure,,3,False,Dusk
Elizabeth City,North Carolina,-76.2510461,36.2946008,No,2,Murder,Unknown,,0,False,Dusk
Elon,North Carolina,-79.5115433,36.09827620000001,No,2,Natural Disaster,Unknown,,0,False,Evening
Ernul,North Carolina,-77.07967099999999,35.2526614,Yes,0,Supernatural,spirit,,1,False,Evening
Fayetteville,North Carolina,-78.87835849999999,35.0526641,No,1,Supernatural,shadow,,1,False,Dusk
Fayetteville,North Carolina,-78.87835849999999,35.0526641,No,0,Unknown,Unknown,,0,False,Evening
Fayetteville,North Carolina,-78.87835849999999,35.0526641,No,0,Unknown,Unknown,,0,False,Dusk
Fayetteville,North Carolina,-78.87835849999999,35.0526641,No,1,Murder,ghost,,1,False,Evening
Fayetteville,North Carolina,-78.87835849999999,35.0526641,No,0,Unknown,Unknown,,0,False,Dusk
Fayetteville,North Carolina,-78.87835849999999,35.0526641,Yes,0,Supernatural,Unknown,,0,False,Unknown
Findlay,North Carolina,-79.0765736,35.7986698,Yes,3+,Murder,Unknown,,0,False,Unknown
Franklin,North Carolina,-83.3815429,35.1823171,No,1,Murder,Unknown,,0,False,Dusk
Garner,North Carolina,-78.61417089999999,35.7112642,No,2+,Unknown,Unknown,,0,False,Evening
Gastonia,North Carolina,-81.18730049999999,35.262082,No,2+,Supernatural,Unknown,,0,False,Evening
Gastonia,North Carolina,-81.18730049999999,35.262082,No,0,Supernatural,presence,late presence,1,False,Unknown
Gastonia,North Carolina,-81.18730049999999,35.262082,Yes,3+,Murder,ghost,,1,False,Evening
Gold Hill,North Carolina,-80.33811349999999,35.5212509,No,0,Murder,Unknown,,0,True,Unknown
Greensboro,North Carolina,-79.7919754,36.0726354,Yes,0,Natural Disaster,Unknown,,0,False,Dusk
Greensboro,North Carolina,-79.7919754,36.0726354,No,0,Unknown,Unknown,,0,False,Dusk
Granville,North Carolina,-78.6114999,36.2799451,Yes,1,Supernatural,Unknown,,0,False,Dusk
Cynthiana,Kentucky,-84.2941013,38.3903526,Yes,0,Supernatural,Unknown,,0,False,Dusk
Dawson Springs,Kentucky,-87.6925074,37.1672684,No,0,Death,ghost,,1,False,Dusk
Dawson Springs,Kentucky,-87.6925074,37.1672684,No,0,Supernatural,Unknown,,0,False,Evening
Dawson Springs,Kentucky,-87.6925074,37.1672684,Yes,0,Unknown,Unknown,,0,False,Evening
Dawson Springs,Kentucky,-87.6925074,37.1672684,Yes,0,Supernatural,Unknown,,0,False,Unknown
Diamond,Kentucky,-86.061872,37.116353,No,1,Murder,witch,,1,False,Unknown
Dunmor,Kentucky,-86.9961081,37.0736556,Yes,0,Murder,Unknown,,0,False,Dusk
East Bernstadt,Kentucky,-84.1177098,37.1895318,No,1,Murder,spirit,,1,False,Dusk
Eddyville,Kentucky,-88.080301,37.09449710000001,No,1+,Supernatural,ghost,,1,False,Evening
Eddyville,Kentucky,-88.080301,37.09449710000001,Yes,0,Murder,ghost shadow,,2,False,Morning
Elsmere,Kentucky,-84.60466629999999,39.0125608,No,1+,Suicide,apparition,,1,False,Dusk
Elizabethtown,Kentucky,-85.8649408,37.7030646,No,1,Murder,Unknown,,0,False,Dusk
Elizabethtown,Kentucky,-85.8649408,37.7030646,Yes,3+,Murder,shadow orb,enormous orb,2,False,Unknown
Eolia,Kentucky,-82.79154899999999,37.0537088,Yes,1,Supernatural,Unknown,,0,False,Evening
Erlanger,Kentucky,-84.60077729999999,39.0167275,No,0,Murder,Unknown,,0,False,Dusk
Estill,Kentucky,-83.9744262,37.6975384,No,0,Supernatural,figure,,1,False,Unknown
Evarts,Kentucky,-83.1957118,36.8629065,Yes,2+,Unknown,Unknown,,0,False,Dusk
Evarts,Kentucky,-83.1957118,36.8629065,No,0,Unknown,Unknown,,0,False,Dusk
Evarts,Kentucky,-83.1957118,36.8629065,Yes,5+,Unknown,Unknown,,0,False,Dusk
Evarts,Kentucky,-83.1957118,36.8629065,No,2+,Supernatural,figure,,1,False,Morning
Evarts,Kentucky,-83.1957118,36.8629065,No,0,Murder,Unknown,,0,False,Unknown
Feds Creek,Kentucky,-82.24514049999999,37.4034406,No,1,Supernatural,Unknown,,0,False,Unknown
Grays Creek,North Carolina,-78.8609122,34.8994521,No,0,Supernatural,Unknown,,0,False,Dusk
Havelock,North Carolina,-76.9013301,34.8790492,Yes,3+,Supernatural,figure,,1,False,Evening
Havelock,North Carolina,-76.9013301,34.8790492,No,1,Unknown,Unknown,,0,False,Morning
Havelock,North Carolina,-76.9013301,34.8790492,No,0,Supernatural,ghost,,1,False,Dusk
Havelock,North Carolina,-76.9013301,34.8790492,Yes,2+,Supernatural,ghost,,1,False,Morning
Hickory,North Carolina,-81.3444573,35.7344538,Yes,1,Supernatural,shadow mist,,2,False,Dusk
Hickory,North Carolina,-81.3444573,35.7344538,No,0,Supernatural,apparition shadow,,2,False,Unknown
Hookerton,North Carolina,-77.5883039,35.4251622,No,0,Unknown,Unknown,,0,False,Dusk
Huntersville,North Carolina,-80.84285040000002,35.410694,No,0,Supernatural,presence,cold presence,1,False,Dusk
Jackson County,North Carolina,-83.12200740000002,35.3265409,Yes,3,Murder,shadow orb figure,,3,True,Dusk
Jacksonville,North Carolina,-77.4302414,34.7540524,No,1,Supernatural,ghost,,1,False,Dusk
Jacksonville,North Carolina,-77.4302414,34.7540524,Yes,2+,Unknown,Unknown,,0,False,Unknown
Jacksonville,North Carolina,-77.4302414,34.7540524,Yes,1,Supernatural,specter,,1,False,Unknown
Jacksonville,North Carolina,-77.4302414,34.7540524,Yes,2+,Unknown,Unknown,,0,False,Dusk
Jamestown,North Carolina,-79.9353141,35.9943032,No,2+,Supernatural,ghost presence,,2,False,Evening
Kannapolis,North Carolina,-80.6217341,35.4873613,Yes,0,Murder,Unknown,,0,False,Dusk
Kings Mountain,North Carolina,-81.34119419999999,35.2451342,Yes,2,Supernatural,apparition,,1,False,Dusk
Kings Mountain,North Carolina,-81.34119419999999,35.2451342,No,0,Murder,spirit,,1,False,Dusk
Kings Mountain,North Carolina,-81.34119419999999,35.2451342,No,1,Murder,Unknown,,0,False,Evening
Kinston,North Carolina,-77.5816353,35.2626635,Yes,3+,Supernatural,ghost spirit,numerous ghost,2,False,Dusk
Kure Beach,North Carolina,-77.90720809999999,33.9968399,Yes,3+,Supernatural,ghost,,1,False,Evening
Landis,North Carolina,-80.6108998,35.5456947,Yes,5,Murder,Unknown,,0,False,Evening
Landis,North Carolina,-80.6108998,35.5456947,Yes,5,Murder,ghost figure,hazy figure,2,False,Dusk
Laurinburg,North Carolina,-79.46282479999999,34.7740494,No,0,Murder,Unknown,,0,False,Dusk
Laurinburg,North Carolina,-79.46282479999999,34.7740494,No,0,Murder,spirit,,1,False,Evening
Lenoir,North Carolina,-81.5389849,35.9140196,No,1+,Death,Unknown,,0,False,Morning
Lenoir,North Carolina,-81.5389849,35.9140196,Yes,3+,Supernatural,ghost,,1,False,Morning
Lenoir,North Carolina,-81.5389849,35.9140196,No,1,Supernatural,ghost,,1,False,Evening
Lenoir,North Carolina,-81.5389849,35.9140196,No,2,Supernatural,ghost,,1,False,Evening
Fisherville,Kentucky,-85.4718869,38.19148500000001,No,1,Unknown,Unknown,,0,False,Dusk
Flemingsburg,Kentucky,-83.73380759999999,38.4222995,Yes,1,Supernatural,Unknown,,0,False,Dusk
Florence,Kentucky,-84.62661109999999,38.9989499,Yes,5+,Murder,spirit figure,evil spirit,2,False,Unknown
Florence,Kentucky,-84.62661109999999,38.9989499,No,2+,Unknown,Unknown,,0,False,Evening
Floyd,Kentucky,-82.7778579,37.5455463,Yes,1,Supernatural,figure,,1,False,Evening
Floyd,Kentucky,-82.7778579,37.5455463,No,1,Murder,Unknown,,0,False,Evening
Forkedmouth,Kentucky,-83.3228219,37.2700784,No,3,Murder,ghost,,1,False,Dusk
Fort Thomas,Kentucky,-84.4471633,39.07506070000001,Yes,2+,Murder,ghost spirit,pearl ghost,2,False,Dusk
Fort Thomas,Kentucky,-84.4471633,39.07506070000001,No,2+,Death,figure,,1,False,Dusk
Foster,Kentucky,-84.2129899,38.7992355,No,0,Murder,presence,,1,False,Dusk
Frankfort,Kentucky,-84.87328350000001,38.2009055,No,0,Murder,ghost,,1,False,Evening
Frankfort,Kentucky,-84.87328350000001,38.2009055,No,1,Supernatural,specter,,1,False,Evening
Frankfort,Kentucky,-84.87328350000001,38.2009055,No,3+,Unknown,Unknown,,0,False,Dusk
Franklin,Kentucky,-86.57721769999999,36.722263,No,10+,Supernatural,spirit,,1,False,Unknown
Frenchburg,Kentucky,-83.62574520000001,37.950916,Yes,5+,Supernatural,Unknown,,0,False,Dusk
Frenchburg,Kentucky,-83.62574520000001,37.950916,No,4,Supernatural,ghost,,1,False,Evening
Glasgow,Kentucky,-85.91192149999999,36.9958839,No,3,Supernatural,apparition,,1,False,Evening
Glasgow,Kentucky,-85.91192149999999,36.9958839,Yes,0,Supernatural,Unknown,,0,False,Evening
Glasgow,Kentucky,-85.91192149999999,36.9958839,Yes,1,Supernatural,Unknown,,0,False,Evening
Grayson,Kentucky,-82.9485023,38.3325812,Yes,2,Unknown,Unknown,,0,False,Evening
Grayson,Kentucky,-82.9485023,38.3325812,No,3+,Murder,Unknown,,0,False,Morning
Greensburg,Kentucky,-85.49885479999999,37.2608936,Yes,1,Supernatural,presence,"historical presence, outside presence",1,False,Dusk
Greensburg,Kentucky,-85.49885479999999,37.2608936,No,5+,Suicide,Unknown,,0,False,Unknown
Hardburly,Kentucky,-83.12405849999999,37.3017628,No,0,Supernatural,Unknown,,0,False,Dusk
Hardburly,Kentucky,-83.12405849999999,37.3017628,Yes,2,Supernatural,Unknown,,0,False,Unknown
Hardy,Kentucky,-82.2440282,37.6214919,Yes,2+,Supernatural,Unknown,,0,False,Dusk
Harlan,Kentucky,-83.321848,36.8431441,No,1,Supernatural,Unknown,,0,False,Unknown
Harlan,Kentucky,-83.321848,36.8431441,Yes,1,Supernatural,ghost,female ghost,1,False,Dusk
Harlan,Kentucky,-83.321848,36.8431441,No,0,Unknown,Unknown,,0,False,Evening
Harlan,Kentucky,-83.321848,36.8431441,Yes,1,Supernatural,apparition,,1,False,Dusk
Harlan,Kentucky,-83.321848,36.8431441,No,0,Supernatural,figure,ghostly figure,1,False,Evening
Harlan,Kentucky,-83.321848,36.8431441,No,1,Murder,Unknown,,0,False,Dusk
Lillington,North Carolina,-78.8158528,35.39932700000001,No,1,Supernatural,Unknown,,0,False,Dusk
Lincolnton,North Carolina,-81.2545251,35.473745,No,0,Supernatural,Unknown,,0,False,Dusk
Linville,North Carolina,-81.87044809999999,36.0711174,No,0,Supernatural,spirit,,1,False,Unknown
Louisburg,North Carolina,-78.30110599999999,36.0990393,Yes,3+,Suicide,Unknown,,0,False,Unknown
Louisburg,North Carolina,-78.30110599999999,36.0990393,Yes,1,Natural Disaster,Unknown,,0,False,Dusk
Louisburg,North Carolina,-78.30110599999999,36.0990393,Yes,1+,Supernatural,Unknown,,0,False,Evening
Louisburg,North Carolina,-78.30110599999999,36.0990393,Yes,0,Supernatural,Unknown,,0,False,Unknown
Lumberton,North Carolina,-79.0086424,34.6182199,No,3+,Unknown,Unknown,,0,False,Evening
Maiden,North Carolina,-81.2117473,35.5756889,No,2,Supernatural,apparition,,1,False,Unknown
Marion,North Carolina,-82.00927449999999,35.6840131,No,2+,Supernatural,Unknown,,0,False,Morning
Martin County,North Carolina,-77.1485163,35.8733053,Yes,1,Supernatural,presence,cold presence,1,False,Unknown
Middlesex,North Carolina,-78.20388419999999,35.79015589999999,No,0,Death,Unknown,,0,False,Dusk
Midland,North Carolina,-80.5006219,35.2273656,Yes,0,Supernatural,Unknown,,0,False,Morning
Monroe,North Carolina,-80.5495112,34.9854275,Yes,2,Supernatural,Unknown,,0,False,Dusk
Mooresville,North Carolina,-80.8100724,35.5848596,No,3+,Murder,Unknown,,0,False,Unknown
Morganton,North Carolina,-81.6848188,35.7454071,Yes,1,Supernatural,ghost,various ghost,1,False,Evening
Morganton,North Carolina,-81.6848188,35.7454071,No,0,Murder,Unknown,,0,False,Dusk
Morganton,North Carolina,-81.6848188,35.7454071,No,1,Supernatural,figure,hazy figure,1,False,Dusk
Morganton,North Carolina,-81.6848188,35.7454071,No,1,Unknown,Unknown,,0,False,Evening
Morganton,North Carolina,-81.6848188,35.7454071,Yes,0,Unknown,Unknown,,0,False,Morning
Mount Airy,North Carolina,-80.6072858,36.4993007,Yes,0,Supernatural,Unknown,,0,False,Evening
Mount Pleasant,North Carolina,-80.4358963,35.399308,No,0,Murder,Unknown,,0,False,Dusk
Harlan,Kentucky,-83.321848,36.8431441,No,Most+,Supernatural,Unknown,,0,False,Dusk
Harlan County,Kentucky,-83.2077645,36.8890304,Yes,3+,Supernatural,Unknown,,0,False,Dusk
Harrodsburg,Kentucky,-84.8432852,37.762298,No,0,Supernatural,Unknown,,0,False,Dusk
Harrodsburg,Kentucky,-84.8432852,37.762298,No,1,Unknown,Unknown,,0,False,Evening
Harrodsburg,Kentucky,-84.8432852,37.762298,Yes,0,Unknown,Unknown,,0,False,Dusk
Harrodsburg,Kentucky,-84.8432852,37.762298,No,1+,Unknown,Unknown,,0,False,Unknown
Hatfield,Kentucky,-82.3684776,37.7245437,No,3+,Murder,Unknown,,0,False,Dusk
Hebron,Kentucky,-84.70318879999999,39.0661472,No,0,Unknown,Unknown,,0,False,Dusk
Helton,Kentucky,-83.39073909999999,36.9539781,No,0,Supernatural,spirit,,1,False,Unknown
Hi Hat,Kentucky,-82.7290465,37.3917681,Yes,1+,Supernatural,Unknown,,0,False,Unknown
Hickman,Kentucky,-89.18617909999999,36.5711721,No,0,Murder,Unknown,,0,False,Evening
Highland Heights,Kentucky,-84.4518854,39.0331169,Yes,1,Supernatural,Unknown,,0,False,Unknown
Hindman,Kentucky,-82.98044139999999,37.3359313,Yes,0,Murder,ghost,,1,False,Unknown
Hodgenville,Kentucky,-85.73996059999999,37.5739497,Yes,1,Supernatural,Unknown,,0,False,Dusk
Hopkins County,Kentucky,-87.5791287,37.3153093,No,1+,Supernatural,Unknown,,0,False,Dusk
Hopkinsville,Kentucky,-87.4886186,36.8656008,No,2,Suicide,Unknown,,0,False,Evening
Hopkinsville,Kentucky,-87.4886186,36.8656008,Yes,3+,Murder,witch,,1,False,Evening
Honey Bee,Kentucky,-84.37215959999999,36.8414697,No,2,Death,apparition,,1,False,Dusk
Hyden,Kentucky,-83.3732373,37.1609254,No,0,Unknown,Unknown,,0,False,Dusk
Hyden,Kentucky,-83.3732373,37.1609254,Yes,3,Unknown,Unknown,,0,False,Morning
Independence,Kentucky,-84.54410899999999,38.94311829999999,No,0,Supernatural,Unknown,,0,False,Dusk
Jackson,Kentucky,-83.38351349999999,37.5531457,No,0,Supernatural,Unknown,,0,False,Dusk
Jackson,Kentucky,-83.38351349999999,37.5531457,Yes,0,Murder,Unknown,,0,False,Dusk
Jackson,Kentucky,-83.38351349999999,37.5531457,Yes,0,Natural Disaster,Unknown,,0,False,Dusk
Jackson,Kentucky,-83.38351349999999,37.5531457,No,0,Murder,Unknown,,0,False,Dusk
Jackson,Kentucky,-83.38351349999999,37.5531457,No,0,Supernatural,Unknown,,0,False,Dusk
Jackson,Kentucky,-83.38351349999999,37.5531457,No,3+,Natural Disaster,ghost apparition,malicious ghost,2,False,Evening
Jackson,Kentucky,-83.38351349999999,37.5531457,Yes,1,Supernatural,Unknown,,0,False,Dusk
Mount Pleasant,North Carolina,-80.4358963,35.399308,Yes,1,Natural Disaster,Unknown,,0,False,Evening
Mount Pleasant,North Carolina,-80.4358963,35.399308,Yes,0,Supernatural,figure,,1,False,Evening
Murfreesboro,North Carolina,-77.0985752,36.4423754,Yes,1,Supernatural,ghost,,1,False,Evening
Murfreesboro,North Carolina,-77.0985752,36.4423754,Yes,3+,Suicide,Unknown,,0,False,Dusk
Murfreesboro,North Carolina,-77.0985752,36.4423754,Yes,1,Supernatural,Unknown,,0,False,Morning
Murfreesboro,North Carolina,-77.0985752,36.4423754,Yes,0,Unknown,Unknown,,0,False,Unknown
New Bern,North Carolina,-77.04411429999999,35.108493,Yes,3+,Supernatural,ghost,,1,False,Dusk
Newton,North Carolina,-81.22147079999999,35.6698552,Yes,3+,Murder,Unknown,,0,False,Evening
Oak Ridge,North Carolina,-79.98892769999999,36.1734694,No,0,Supernatural,apparition,,1,False,Morning
Oak Ridge,North Carolina,-79.98892769999999,36.1734694,No,0,Unknown,Unknown,,0,False,Dusk
Ocean Isle Beach,North Carolina,-78.426672,33.8943393,No,3+,Supernatural,Unknown,,0,False,Unknown
Ocracoke Island,North Carolina,-75.9810097,35.1146152,No,0,Supernatural,ghost phantom,phantom ghost,2,False,Dusk
Outer Banks,North Carolina,-75.4665158,35.5584932,No,1,Supernatural,ghost,,1,False,Evening
Outer Banks,North Carolina,-75.4665158,35.5584932,Yes,1,Murder,Unknown,,0,False,Dusk
Pactolus close to Stokes,North Carolina,-77.26580969999999,35.7160177,No,1,Supernatural,Unknown,,0,False,Evening
Pasquotank County,North Carolina,-76.317414,36.2927068,No,1,Supernatural,Unknown,,0,False,Dusk
Pisgah,North Carolina,-82.75679559999999,35.4259427,No,0,Supernatural,apparition,,1,False,Unknown
Pisgah,North Carolina,-82.75679559999999,35.4259427,Yes,5,Suicide,shadow,,1,False,Dusk
Pittsboro,North Carolina,-79.1772371,35.7201463,No,2+,Unknown,Unknown,,0,False,Morning
Pollocksville,North Carolina,-77.2210654,35.0059914,Yes,0,Unknown,Unknown,,0,False,Dusk
Raleigh,North Carolina,-78.6381787,35.7795897,Yes,1,Unknown,Unknown,,0,False,Dusk
Raleigh,North Carolina,-78.6381787,35.7795897,No,1,Unknown,Unknown,,0,False,Dusk
Raliegh,North Carolina,-78.6381787,35.7795897,Yes,1,Supernatural,Unknown,,0,False,Dusk
Raleigh,North Carolina,-78.6381787,35.7795897,No,0,Supernatural,ghost,,1,False,Dusk
Raleigh,North Carolina,-78.6381787,35.7795897,Yes,2,Supernatural,figure,shadowy figure,1,False,Unknown
Raleigh,North Carolina,-78.6381787,35.7795897,Yes,2+,Unknown,Unknown,,0,False,Dusk
Reidsville,North Carolina,-79.6644747,36.3548586,No,2+,Supernatural,Unknown,,0,False,Morning
Reidsville,North Carolina,-79.6644747,36.3548586,Yes,0,Death,Unknown,,0,False,Dusk
Robbinsville,North Carolina,-83.80739899999999,35.322866,Yes,0,Supernatural,apparition,,1,False,Evening
Jessamine,Kentucky,-84.56414699999999,37.895573,Yes,5,Supernatural,shadow figure,,2,False,Evening
Knott County,Kentucky,-82.99316069999999,37.3461117,No,1,Unknown,Unknown,,0,False,Evening
Knox,Kentucky,-83.8897057,36.9260578,Yes,0,Supernatural,ghost,,1,False,Unknown
Lake Barkley,Kentucky,-87.9873724,36.8672451,No,0,Supernatural,spirit,,1,False,Morning
Latonia,Kentucky,-84.50966210000001,39.0514185,No,1,Supernatural,Unknown,,0,False,Morning
Lawrence,Kentucky,-82.7778579,38.05267500000001,Yes,5+,Murder,Unknown,,0,False,Dusk
Lebanon,Kentucky,-85.2527381,37.5697868,No,1,Unknown,Unknown,,0,True,Unknown
Lebanon,Kentucky,-85.2527381,37.5697868,Yes,2+,Supernatural,Unknown,,0,True,Dusk
Lecher,Kentucky,-82.8640623,37.12535099999999,No,0,Murder,ghost,,1,False,Unknown
Leslie County,Kentucky,-83.3789389,37.0698286,No,0,Supernatural,ghost,,1,False,Morning
Lewis County,Kentucky,-83.3789389,38.5079686,Yes,0,Supernatural,Unknown,,0,False,Unknown
Lexington,Kentucky,-84.5037164,38.0405837,No,0,Murder,Unknown,,0,False,Dusk
Lexington,Kentucky,-84.5037164,38.0405837,Yes,1+,Supernatural,spirit,,1,False,Unknown
Lexington,Kentucky,-84.5037164,38.0405837,No,0,Supernatural,Unknown,,0,False,Evening
Lexington,Kentucky,-84.5037164,38.0405837,Yes,0,Supernatural,ghost,,1,False,Dusk
Lexington,Kentucky,-84.5037164,38.0405837,No,1,Unknown,Unknown,,0,False,Dusk
Lexington,Kentucky,-84.5037164,38.0405837,Yes,3,Supernatural,apparition,,1,False,Evening
Lexington,Kentucky,-84.5037164,38.0405837,No,3+,Suicide,Unknown,,0,False,Evening
Lexington,Kentucky,-84.5037164,38.0405837,No,1,Unknown,Unknown,,0,False,Dusk
Lexington,Kentucky,-84.5037164,38.0405837,No,0,Unknown,Unknown,,0,False,Evening
Lexington,Kentucky,-84.5037164,38.0405837,Yes,2+,Supernatural,Unknown,,0,False,Evening
Liberty,Kentucky,-84.9393979,37.3184064,No,2+,Supernatural,Unknown,,0,False,Dusk
London,Kentucky,-84.08326459999999,37.1289771,Yes,1,Murder,figure,,1,False,Dusk
London,Kentucky,-84.08326459999999,37.1289771,Yes,1,Supernatural,Unknown,,0,False,Evening
London,Kentucky,-84.08326459999999,37.1289771,Yes,1+,Supernatural,Unknown,,0,False,Dusk
Louisville,Kentucky,-85.7584557,38.2526647,No,3+,Supernatural,Unknown,,0,False,Dusk
Louisville,Kentucky,-85.7584557,38.2526647,No,1,Supernatural,phantom,,1,False,Dusk
Rockingham,North Carolina,-79.7739457,34.9393201,No,1,Unknown,Unknown,,0,False,Evening
Roxboro,North Carolina,-78.982788,36.3937519,Yes,2+,Death,Unknown,,0,False,Dusk
Rural Hall,North Carolina,-80.2933838,36.2404158,Yes,3+,Natural Disaster,Unknown,,0,False,Unknown
Rutherfordton,North Carolina,-81.9567716,35.3692877,No,0,Supernatural,shadow,,1,False,Evening
Rutherfordton,North Carolina,-81.9567716,35.3692877,No,1,Supernatural,ghost shadow,,2,False,Dusk
Rutherfordton,North Carolina,-81.9567716,35.3692877,Yes,0,Murder,ghost,,1,False,Evening
Sampson County,North Carolina,-78.3842227,34.9197548,No,1,Unknown,Unknown,,0,False,Unknown
Sanford,North Carolina,-79.1802994,35.4798757,No,1+,Supernatural,orb figure presence,strange presence,3,True,Dusk
Shoals,North Carolina,-80.51116929999999,36.2740281,No,2+,Unknown,Unknown,,0,False,Dusk
Siler City,North Carolina,-79.4622431,35.7234734,No,0,Supernatural,Unknown,,0,False,Morning
Snow Hill,North Carolina,-77.6810859,35.4515504,No,0,Unknown,Unknown,,0,False,Dusk
South Mills,North Carolina,-76.3278528,36.444585,No,0,Unknown,Unknown,,0,False,Dusk
Sparta,North Carolina,-81.12091889999999,36.5054071,Yes,0,Supernatural,Unknown,,0,False,Evening
St. Pauls,North Carolina,-78.9711406,34.8065528,Yes,3+,Murder,Unknown,,0,False,Dusk
Stanly County,North Carolina,-80.23213129999999,35.30145540000001,No,0,Unknown,Unknown,,0,False,Evening
Statesville,North Carolina,-80.8872959,35.7826363,Yes,1,Murder,Unknown,,0,False,Dusk
Statesville,North Carolina,-80.8872959,35.7826363,Yes,0,Supernatural,ghost presence,former presence,2,False,Dusk
Stokes,North Carolina,-80.23213129999999,36.4244396,Yes,2+,Unknown,Unknown,,0,False,Dusk
Swannanoa,North Carolina,-82.3998431,35.5978935,No,5+,Supernatural,Unknown,,0,False,Dusk
Sylva,North Carolina,-83.22598029999999,35.3737111,Yes,0,Murder,shadow,,1,False,Dusk
Tarboro,North Carolina,-77.5358049,35.8968236,No,0,Suicide,ghost,,1,False,Dusk
Thurmond,North Carolina,-80.9284083,36.3665216,No,3,Murder,Unknown,,0,False,Dusk
Troutman,North Carolina,-80.88812949999999,35.7006921,No,1,Supernatural,witch,,1,False,Dusk
Union Cross,North Carolina,-80.1189332,36.0484703,Yes,2+,Supernatural,ghost presence,"strange presence, much ghost",2,False,Unknown
Wadesboro,North Carolina,-80.0767266,34.9682097,Yes,0,Unknown,Unknown,,0,False,Dusk
Warensville,North Carolina,-81.5187955,36.460963,No,2+,Unknown,Unknown,,0,False,Evening
Waynesville,North Carolina,-82.98874769999999,35.4887145,No,1,Murder,ghost,,1,False,Dusk
Wendell,North Carolina,-78.3697213,35.780987,No,0,Murder,Unknown,,0,False,Dusk
Louisville,Kentucky,-85.7584557,38.2526647,Yes,1,Unknown,Unknown,,0,False,Unknown
Louisville,Kentucky,-85.7584557,38.2526647,No,1,Death,ghost,,1,False,Dusk
Louisville,Kentucky,-85.7584557,38.2526647,Yes,0,Murder,ghost,different ghost,1,False,Evening
Louisville,Kentucky,-85.7584557,38.2526647,Yes,3,Supernatural,spirit presence,"strange presence, male presence",2,False,Evening
Louisville,Kentucky,-85.7584557,38.2526647,No,1+,Supernatural,ghost,,1,False,Evening
Louisville,Kentucky,-85.7584557,38.2526647,No,1,Supernatural,Unknown,,0,False,Dusk
Louisville,Kentucky,-85.7584557,38.2526647,Yes,3+,Supernatural,apparition,,1,False,Evening
Louisville,Kentucky,-85.7584557,38.2526647,Yes,0,Supernatural,Unknown,,0,False,Evening
Louisville,Kentucky,-85.7584557,38.2526647,No,4+,Murder,Unknown,,0,False,Unknown
Louisville,Kentucky,-85.7584557,38.2526647,No,1,Unknown,Unknown,,0,True,Evening
Louisville,Kentucky,-85.7584557,38.2526647,Yes,1,Supernatural,Unknown,,0,False,Unknown
Louisville,Kentucky,-85.7584557,38.2526647,Yes,2+,Supernatural,Unknown,,0,False,Evening
Louisville,Kentucky,-85.7584557,38.2526647,No,2,Supernatural,apparition,,1,False,Unknown
Louisville,Kentucky,-85.7584557,38.2526647,No,1,Supernatural,spirit,,1,False,Unknown
Louisville,Kentucky,-85.7584557,38.2526647,Yes,1,Unknown,Unknown,,0,False,Dusk
Louisville,Kentucky,-85.7584557,38.2526647,No,2+,Supernatural,ghost,,1,False,Dusk
Louisville,Kentucky,-85.7584557,38.2526647,No,0,Murder,ghost poltergeist,"female ghost, other poltergeist",2,False,Dusk
Louisville,Kentucky,-85.7584557,38.2526647,Yes,1+,Unknown,Unknown,,0,False,Dusk
Louisville,Kentucky,-85.7584557,38.2526647,No,5+,Supernatural,ghost,,1,False,Unknown
Louisville,Kentucky,-85.7584557,38.2526647,Yes,0,Unknown,Unknown,,0,False,Dusk
Louisville,Kentucky,-85.7584557,38.2526647,No,0,Supernatural,phantom,,1,False,Unknown
Louisville,Kentucky,-85.7584557,38.2526647,Yes,1,Unknown,Unknown,,0,False,Morning
Louisville,Kentucky,-85.7584557,38.2526647,No,2+,Death,orb figure,,2,True,Unknown
Williamsburg,Kentucky,-84.15965609999999,36.7434169,No,0,Supernatural,Unknown,,0,False,Dusk
Lyon County,Kentucky,-88.0900762,37.0247261,Yes,4+,Supernatural,shadow,,1,False,Dusk
Madisonville,Kentucky,-87.4988882,37.32810050000001,Yes,2+,Death,ghost,,1,False,Dusk
Marion,Kentucky,-88.0811349,37.3328286,Yes,5+,Murder,spirit shadow demon mist,dense mist,4,False,Evening
Marion,Kentucky,-88.0811349,37.3328286,No,1+,Murder,spirit witch,little witch,2,False,Dusk
Martin,Kentucky,-82.752659,37.5728764,No,0,Unknown,Unknown,,0,False,Dusk
Martin,Kentucky,-82.752659,37.5728764,No,0,Unknown,Unknown,,0,False,Dusk
Whiteville,North Carolina,-78.7030721,34.3387802,Yes,0,Murder,Unknown,,0,False,Evening
Whiteville,North Carolina,-78.7030721,34.3387802,No,1,Supernatural,ghost,present ghost,1,False,Unknown
Wilkesboro,North Carolina,-81.1606401,36.1459649,Yes,1+,Murder,spirit,,1,False,Evening
Williamston,North Carolina,-77.0555114,35.8546039,Yes,2+,Supernatural,Unknown,,0,False,Evening
Wilmington,North Carolina,-77.9447102,34.2257255,No,2+,Supernatural,apparition,,1,False,Dusk
Wilmington,North Carolina,-77.9447102,34.2257255,Yes,3+,Supernatural,ghost spirit,,2,False,Unknown
Wilmington,North Carolina,-77.9447102,34.2257255,No,1,Supernatural,ghost figure,,2,False,Evening
Wilson,North Carolina,-77.9155395,35.7212689,No,1,Unknown,Unknown,,0,False,Evening
Wilson,North Carolina,-77.9155395,35.7212689,Yes,2+,Supernatural,ghost shadow figure,,3,False,Unknown
Wingate,North Carolina,-80.4492319,34.9843176,No,1,Suicide,Unknown,,0,False,Dusk
Winston,North Carolina,-80.254435,36.1039642,Yes,1+,Supernatural,Unknown,,0,False,Morning
Winston,North Carolina,-80.254435,36.1039642,No,1+,Unknown,Unknown,,0,False,Unknown
Winston,North Carolina,-80.254435,36.1039642,No,0,Supernatural,ghost spirit,,2,False,Unknown
Winston,North Carolina,-80.254435,36.1039642,Yes,0,Supernatural,phantom,,1,False,Dusk
Winston,North Carolina,-80.254435,36.1039642,Yes,3+,Suicide,ghost spirit presence,female ghost,3,False,Dusk
Winston,North Carolina,-80.254435,36.1039642,Yes,3+,Supernatural,apparition,,1,False,Dusk
Winston,North Carolina,-80.254435,36.1039642,Yes,3+,Supernatural,ghost apparition,,2,False,Dusk
Winston-Salem,North Carolina,-80.244216,36.09985959999999,No,3+,Unknown,Unknown,,0,False,Dusk
Mayfield,Kentucky,-88.6367154,36.7417235,No,0,Unknown,Unknown,,0,False,Dusk
Maysville,Kentucky,-83.744365,38.6411854,Yes,5+,Supernatural,shadow figure,,2,False,Unknown
Maysville,Kentucky,-83.744365,38.6411854,No,1+,Unknown,Unknown,,0,False,Morning
McCracken,Kentucky,-88.7108964,37.03306070000001,No,0,Supernatural,Unknown,,0,False,Dusk
McCreary County,Kentucky,-84.4802606,36.6973499,Yes,1,Unknown,Unknown,,0,False,Evening
Midland,Kentucky,-87.2305521,37.305877,No,1,Supernatural,figure,,1,False,Unknown
Middlesboro,Kentucky,-83.7142848,36.6072567,No,1,Murder,Unknown,,0,False,Dusk
Morehead,Kentucky,-83.4326841,38.1839705,No,1+,Unknown,Unknown,,0,False,Dusk
Morehead,Kentucky,-83.4326841,38.1839705,Yes,2,Supernatural,apparition,,1,False,Unknown
Morehead,Kentucky,-83.4326841,38.1839705,Yes,0,Supernatural,Unknown,,0,False,Dusk
Morehead,Kentucky,-83.4326841,38.1839705,No,1,Unknown,Unknown,,0,False,Dusk
Morehead,Kentucky,-83.4326841,38.1839705,No,0,Supernatural,ghost,,1,False,Morning
Morehead,Kentucky,-83.4326841,38.1839705,Yes,1,Unknown,Unknown,,0,False,Dusk
Morehead,Kentucky,-83.4326841,38.1839705,Yes,3+,Murder,figure,,1,False,Dusk
Morgan county,Kentucky,-83.2934086,37.9145713,No,2+,Unknown,Unknown,,0,False,Evening
Morganfield,Kentucky,-87.9166915,37.6833776,No,3+,Murder,ghost,,1,False,Unknown
Morgantown,Kentucky,-86.6835998,37.2256023,Yes,3+,Supernatural,Unknown,,0,False,Dusk
Mt. Sterling,Kentucky,-83.9432556,38.0564679,Yes,1,Unknown,Unknown,,0,False,Dusk
Mt. Sterling,Kentucky,-83.9432556,38.0564679,Yes,0,Unknown,Unknown,,0,False,Dusk
Mt. Sterling,Kentucky,-83.9432556,38.0564679,Yes,0,Natural Disaster,shadow,,1,False,Evening
Muhlenburg,Kentucky,-87.14228949999999,37.17725009999999,No,0,Murder,Unknown,,0,False,Evening
Munfordville,Kentucky,-85.8910819,37.2722751,No,0,Supernatural,Unknown,,0,False,Morning
Munfordville,Kentucky,-85.8910819,37.2722751,Yes,1,Unknown,Unknown,,0,False,Dusk
Murray,Kentucky,-88.31476099999999,36.6103334,Yes,2+,Supernatural,apparition,,1,False,Dusk
Murray,Kentucky,-88.31476099999999,36.6103334,No,1,Supernatural,Unknown,,0,False,Evening
Murray,Kentucky,-88.31476099999999,36.6103334,No,1,Supernatural,apparition,,1,False,Unknown
Murray,Kentucky,-88.31476099999999,36.6103334,No,0,Unknown,Unknown,,0,False,Dusk
Murray,Kentucky,-88.31476099999999,36.6103334,Yes,2+,Natural Disaster,presence,scary presence,1,False,Dusk
Murray,Kentucky,-88.31476099999999,36.6103334,Yes,3,Unknown,Unknown,,0,False,Dusk
Nebo,Kentucky,-87.6427843,37.38365599999999,Yes,1,Unknown,Unknown,,0,False,Evening
Nicholas Co. -Robertson,Kentucky,-84.028537,38.31233770000001,Yes,1,Supernatural,Unknown,,0,False,Dusk
Nicholasville,Kentucky,-84.5729961,37.8806341,No,2+,Supernatural,Unknown,,0,False,Unknown
Oak Grove,Kentucky,-87.44278779999999,36.6650471,No,0,Murder,Unknown,,0,False,Morning
Olive Hill,Kentucky,-83.17406539999999,38.3000809,No,0,Supernatural,Unknown,,0,False,Unknown
Olive Hill,Kentucky,-83.17406539999999,38.3000809,No,1,Supernatural,demon,possible demon,1,False,Evening
Olive Hill,Kentucky,-83.17406539999999,38.3000809,No,0,Murder,Unknown,,0,False,Evening
Owensboro,Kentucky,-87.1111676,37.7719074,No,2+,Supernatural,ghost,,1,False,Dusk
Owensboro,Kentucky,-87.1111676,37.7719074,No,2,Supernatural,Unknown,,0,False,Morning
Owensboro,Kentucky,-87.1111676,37.7719074,Yes,1,Unknown,Unknown,,0,False,Morning
Owensboro,Kentucky,-87.1111676,37.7719074,No,0,Supernatural,apparition,,1,False,Dusk
Owensboro,Kentucky,-87.1111676,37.7719074,No,0,Murder,Unknown,,0,False,Evening
Owesnsboro,Kentucky,-85.7584557,38.2526647,Yes,1,Supernatural,shadow,,1,False,Dusk
Owensboro,Kentucky,-87.1111676,37.7719074,Yes,0,Suicide,Unknown,,0,False,Evening
Owensboro,Kentucky,-87.1111676,37.7719074,No,1+,Unknown,Unknown,,0,False,Dusk
Owensboro,Kentucky,-87.1111676,37.7719074,Yes,2,Unknown,Unknown,,0,False,Unknown
Owensboro,Kentucky,-87.1111676,37.7719074,Yes,1,Supernatural,Unknown,,0,False,Evening
Owensboro,Kentucky,-87.1111676,37.7719074,No,1,Unknown,Unknown,,0,False,Evening
Owensboro,Kentucky,-87.1111676,37.7719074,No,0,Suicide,Unknown,,0,False,Unknown
Owensboro,Kentucky,-87.1111676,37.7719074,Yes,2+,Supernatural,Unknown,,0,False,Dusk
Owenton,Kentucky,-84.8418926,38.536456,Yes,2+,Murder,ghost,,1,False,Morning
Owsley County,Kentucky,-83.7199136,37.4294933,No,0,Unknown,Unknown,,0,False,Unknown
Paducah,Kentucky,-88.6000478,37.0833893,Yes,0,Supernatural,ghost,,1,False,Unknown
Paducah,Kentucky,-88.6000478,37.0833893,No,0,Supernatural,apparition werewolf,female apparition,2,False,Unknown
Paducah,Kentucky,-88.6000478,37.0833893,No,2+,Murder,spirit,,1,False,Dusk
Paducah,Kentucky,-88.6000478,37.0833893,No,5,Unknown,Unknown,,0,False,Evening
Paducah,Kentucky,-88.6000478,37.0833893,Yes,2+,Unknown,Unknown,,0,False,Unknown
Paducah,Kentucky,-88.6000478,37.0833893,No,2+,Supernatural,spirit apparition,,2,False,Evening
Paintsville,Kentucky,-82.8071054,37.8145384,No,0,Supernatural,Unknown,,0,False,Evening
Paintsville,Kentucky,-82.8071054,37.8145384,No,3+,Supernatural,Unknown,,0,False,Dusk
Paintsville,Kentucky,-82.8071054,37.8145384,Yes,2+,Supernatural,Unknown,,0,False,Dusk
Paintsville,Kentucky,-82.8071054,37.8145384,No,1,Unknown,Unknown,,0,False,Morning
Paintsville,Kentucky,-82.8071054,37.8145384,No,1,Unknown,Unknown,,0,False,Dusk
Paintsville,Kentucky,-82.8071054,37.8145384,Yes,3+,Supernatural,ghost,,1,False,Unknown
Paintsville,Kentucky,-82.8071054,37.8145384,Yes,3+,Supernatural,Unknown,,0,False,Dusk
Paris,Kentucky,-84.2529869,38.2097987,No,1,Murder,Unknown,,0,False,Unknown
Paris,Kentucky,-84.2529869,38.2097987,Yes,1,Supernatural,apparition,,1,False,Dusk
Park City,Kentucky,-86.04636699999999,37.0939375,No,150,Supernatural,ghost spirit,unidentified ghost,2,False,Unknown
Park City,Kentucky,-86.04636699999999,37.0939375,Yes,0,Supernatural,presence,,1,False,Dusk
Park City,Kentucky,-86.04636699999999,37.0939375,No,0,Unknown,Unknown,,0,False,Dusk
Partridge,Kentucky,-82.8979391,37.00648320000001,Yes,0,Murder,Unknown,,0,False,Evening
Pembroke,Kentucky,-87.3555622,36.775878,No,1,Unknown,Unknown,,0,False,Evening
Perry County,Kentucky,-83.2077645,37.3160706,No,2+,Murder,Unknown,,0,False,Evening
Perry County,Kentucky,-83.2077645,37.3160706,Yes,2+,Unknown,Unknown,,0,False,Dusk
Perry County,Kentucky,-83.2077645,37.3160706,No,1,Unknown,Unknown,,0,False,Dusk
Perry County,Kentucky,-83.2077645,37.3160706,Yes,3,Supernatural,Unknown,,0,False,Unknown
Perry County,Kentucky,-83.2077645,37.3160706,Yes,2,Supernatural,Unknown,,0,False,Unknown
Perry County,Kentucky,-83.2077645,37.3160706,Yes,2,Supernatural,Unknown,,0,False,Evening
Perry County,Kentucky,-83.2077645,37.3160706,Yes,3+,Supernatural,spirit,,1,False,Dusk
Perry County,Kentucky,-83.2077645,37.3160706,No,1,Supernatural,figure,,1,False,Evening
Perry County,Kentucky,-83.2077645,37.3160706,Yes,3,Supernatural,shadow figure,"black shadow, glowing figure",2,False,Evening
Perry County,Kentucky,-83.2077645,37.3160706,Yes,2+,Supernatural,ghost,,1,False,Unknown
Perry County,Kentucky,-83.2077645,37.3160706,Yes,2+,Unknown,Unknown,,0,False,Dusk
Perry County,Kentucky,-83.2077645,37.3160706,No,0,Supernatural,figure,,1,False,Evening
Perry County,Kentucky,-83.2077645,37.3160706,Yes,2,Supernatural,Unknown,,0,False,Unknown
Perryville,Kentucky,-84.9516234,37.650351,No,1,Supernatural,ghost,,1,False,Unknown
Perryville,Kentucky,-84.9516234,37.650351,Yes,1,Unknown,Unknown,,0,False,Evening
Pike County,Kentucky,-82.4752757,37.4842087,Yes,1,Unknown,Unknown,,0,False,Dusk
Pikeville,Kentucky,-82.5187629,37.4792672,No,0,Murder,Unknown,,0,False,Evening
Pikeville,Kentucky,-82.5187629,37.4792672,No,3+,Supernatural,Unknown,,0,False,Morning
Pine Knot,Kentucky,-84.4385489,36.6509124,No,1,Unknown,Unknown,,0,False,Unknown
Pineville,Kentucky,-83.6949176,36.76203,Yes,0,Supernatural,Unknown,,0,False,Evening
Pippa Passes,Kentucky,-82.8740498,37.334822,Yes,10+,Supernatural,Unknown,,0,False,Dusk
Pippa Passes,Kentucky,-82.8740498,37.334822,Yes,2+,Supernatural,shadow figure,unknown figure,2,False,Unknown
Pippa Passes,Kentucky,-82.8740498,37.334822,No,3,Supernatural,Unknown,,0,False,Evening
Pleasant Ridge,Kentucky,-86.9872165,37.5983823,No,1+,Supernatural,Unknown,,0,False,Evening
Prestonsburg,Kentucky,-82.7715486,37.6656527,Yes,3,Supernatural,figure,mysterious figure,1,True,Unknown
Prestonsburg,Kentucky,-82.7715486,37.6656527,Yes,2,Unknown,Unknown,,0,False,Dusk
Prestonsburg,Kentucky,-82.7715486,37.6656527,No,1,Supernatural,Unknown,,0,False,Dusk
Prestonsburg,Kentucky,-82.7715486,37.6656527,No,0,Murder,Unknown,,0,False,Unknown
Prestonsburg,Kentucky,-82.7715486,37.6656527,Yes,1,Murder,Unknown,,0,False,Dusk
Prestonsburg,Kentucky,-82.7715486,37.6656527,Yes,1,Supernatural,Unknown,,0,False,Unknown
Prestonsburg,Kentucky,-82.7715486,37.6656527,No,0,Supernatural,Unknown,,0,False,Dusk
Princeton,Kentucky,-87.8819594,37.1092162,No,0,Murder,Unknown,,0,True,Dusk
Providence,Kentucky,-87.7627897,37.397545,No,1,Natural Disaster,Unknown,,0,False,Dusk
Raceland,Kentucky,-82.72849760000001,38.5400803,No,2+,Unknown,Unknown,,0,False,Morning
Radcliff,Kentucky,-85.9491298,37.8403456,No,1,Unknown,Unknown,,0,False,Unknown
Richland,Kentucky,-87.594725,37.2772675,No,1,Natural Disaster,Unknown,,0,False,Unknown
Richmond,Kentucky,-84.2946539,37.7478572,No,0,Supernatural,spirit,,1,False,Morning
Richmond,Kentucky,-84.2946539,37.7478572,No,0,Murder,Unknown,,0,False,Dusk
Richmond,Kentucky,-84.2946539,37.7478572,No,3+,Supernatural,apparition,,1,False,Unknown
Richmond,Kentucky,-84.2946539,37.7478572,Yes,2+,Murder,figure,,1,False,Morning
Richmond,Kentucky,-84.2946539,37.7478572,No,2+,Unknown,Unknown,,0,False,Unknown
Richmond,Kentucky,-84.2946539,37.7478572,Yes,2+,Supernatural,presence,,1,False,Unknown
Richmond,Kentucky,-84.2946539,37.7478572,Yes,4+,Supernatural,Unknown,,0,False,Dusk
Rineyville,Kentucky,-85.9699631,37.7495098,No,2+,Supernatural,shadow figure,ghostly figure,2,False,Evening
Rowletts,Kentucky,-85.8941384,37.2408856,Yes,1,Supernatural,apparition orb mist,,3,True,Dusk
Rowletts,Kentucky,-85.8941384,37.2408856,Yes,4+,Supernatural,ghost apparition orb,,3,True,Dusk
Russellville,Kentucky,-86.887219,36.8453199,No,10+,Supernatural,ghost shadow,,2,False,Dusk
Salt Lick,Kentucky,-83.6146346,38.1200809,No,3+,Supernatural,Unknown,,0,False,Evening
Salyersville,Kentucky,-83.0687816,37.7525922,No,1+,Supernatural,Unknown,,0,False,Evening
Scottsville,Kentucky,-86.1905424,36.7533781,No,1,Murder,Unknown,,0,False,Dusk
Shelbyville,Kentucky,-85.2235666,38.2120144,Yes,0,Murder,Unknown,,0,False,Dusk
Shepherdsville,Kentucky,-85.7157924,37.9883991,Yes,0,Murder,Unknown,,0,False,Dusk
Shepherdsville,Kentucky,-85.7157924,37.9883991,Yes,3+,Murder,Unknown,,0,False,Evening
Shepherdsville,Kentucky,-85.7157924,37.9883991,Yes,0,Murder,figure,,1,False,Dusk
Shepherdsville,Kentucky,-85.7157924,37.9883991,No,0,Supernatural,figure,,1,False,Evening
Simpsonville,Kentucky,-85.3552349,38.22257,No,0,Suicide,Unknown,,0,False,Dusk
Slade,Kentucky,-83.70408069999999,37.7950836,No,1,Supernatural,presence,,1,False,Dusk
Spotsville,Kentucky,-87.4141267,37.8571734,No,0,Unknown,Unknown,,0,False,Dusk
Springfield,Kentucky,-85.2221819,37.6853413,No,1,Unknown,Unknown,,0,False,Dusk
Soldier,Kentucky,-83.299347,38.2592478,No,2+,Unknown,Unknown,,0,False,Unknown
Somerset,Kentucky,-84.6041084,37.0920222,No,1,Supernatural,figure,,1,False,Unknown
Somerset,Kentucky,-84.6041084,37.0920222,No,0,Unknown,Unknown,,0,False,Dusk
Southgate,Kentucky,-84.4727195,39.072005,No,0,Natural Disaster,Unknown,,0,False,Evening
St. Mary’s,Kentucky,-84.3884272,38.9558095,No,2+,Unknown,Unknown,,0,False,Dusk
Stanton,Kentucky,-83.85825249999999,37.8456373,Yes,1,Unknown,Unknown,,0,False,Evening
Stanton,Kentucky,-83.85825249999999,37.8456373,Yes,1,Unknown,Unknown,,0,False,Dusk
Stanton,Kentucky,-83.85825249999999,37.8456373,Yes,1,Supernatural,ghost spirit,,2,False,Dusk
Tollesboro,Kentucky,-83.5760258,38.5595201,Yes,3+,Supernatural,spirit shadow,elemental spirit,2,False,Dusk
Union,Kentucky,-84.68050099999999,38.9458951,No,3+,Murder,ghost,,1,False,Unknown
University of Kent,Kentucky,-85.7614177,38.2161875,Yes,1,Supernatural,Unknown,,0,False,Evening
Van Meter,Kentucky,-84.58605279999999,38.0547989,No,3,Supernatural,Unknown,,0,False,Evening
Vanceburg,Kentucky,-83.3187952,38.599243,Yes,2+,Murder,Unknown,,0,False,Unknown
Vine Grove,Kentucky,-85.98135239999999,37.8100674,No,1,Suicide,Unknown,,0,False,Evening
Walton,Kentucky,-84.61022129999999,38.87561940000001,No,0,Supernatural,ghost,,1,False,Morning
Warren,Kentucky,-86.49965460000001,36.9886043,Yes,1+,Supernatural,Unknown,,0,False,Dusk
Warsaw,Kentucky,-84.90161510000001,38.7833963,Yes,0,Murder,Unknown,,0,False,Dusk
Weeksbury,Kentucky,-82.6882119,37.3278808,Yes,1,Unknown,Unknown,,0,False,Evening
West Point,Kentucky,-85.94357459999999,37.9995164,Yes,1,Supernatural,presence,,1,False,Dusk
West Point,Kentucky,-85.94357459999999,37.9995164,No,0,Unknown,Unknown,,0,False,Evening
Wheelwright,Kentucky,-82.72099039999999,37.3326024,No,1,Supernatural,presence,,1,False,Unknown
Whitesburg,Kentucky,-82.8268265,37.1184318,Yes,1,Murder,Unknown,,0,False,Dusk
Whitley City,Kentucky,-84.47049419999999,36.7234118,No,0,Unknown,witch,real witch,1,False,Dusk
Whitley City,Kentucky,-84.47049419999999,36.7234118,Yes,1,Murder,Unknown,,0,False,Evening
Wilder,Kentucky,-84.47763719999999,39.0421103,No,0,Murder,Unknown,,0,False,Evening
Williamsburg,Kentucky,-84.15965609999999,36.7434169,No,0,Supernatural,Unknown,,0,False,Unknown
Williamsburg,Kentucky,-84.15965609999999,36.7434169,No,2+,Suicide,Unknown,,0,False,Unknown
Williamsburg,Kentucky,-84.15965609999999,36.7434169,Yes,1,Supernatural,Unknown,,0,False,Dusk
Williamsburg,Kentucky,-84.15965609999999,36.7434169,No,1,Supernatural,Unknown,,0,False,Evening
Williamsburg,Kentucky,-84.15965609999999,36.7434169,Yes,0,Unknown,Unknown,,0,False,Unknown
Williamsburg,Kentucky,-84.15965609999999,36.7434169,No,0,Supernatural,Unknown,,0,False,Evening
Willisburg,Kentucky,-85.126347,37.8097892,No,2,Supernatural,ghost,,1,True,Dusk
Winchester,Kentucky,-84.17965029999999,37.990079,Yes,100+,Supernatural,apparition orb,various orb,2,True,Dusk
Winchester,Kentucky,-84.17965029999999,37.990079,No,1,Supernatural,ghost,friendly ghost,1,False,Evening
Winchester,Kentucky,-84.17965029999999,37.990079,No,4,Suicide,ghost,,1,False,Dusk
Winchester,Kentucky,-84.17965029999999,37.990079,No,1+,Murder,ghost,,1,False,Dusk
Winchester,Kentucky,-84.17965029999999,37.990079,No,4,Suicide,Unknown,,0,False,Dusk
Winchester,Kentucky,-84.17965029999999,37.990079,Yes,0,Murder,Unknown,,0,False,Evening
Alma,Kansas,-96.2891624,39.0166657,Yes,3+,Supernatural,ghost orb figure mist,,4,True,Evening
Alma,Kansas,-96.2891624,39.0166657,Yes,2,Supernatural,figure,,1,False,Dusk
Arcadia,Kansas,-94.6238481,37.6419893,No,1,Supernatural,shadow,,1,False,Evening
Atchison,Kansas,-95.1216356,39.5630521,Yes,2+,Supernatural,ghost,,1,False,Dusk
Atchison,Kansas,-95.1216356,39.5630521,Yes,0,Murder,Unknown,,0,False,Unknown
Barnes,Kansas,-96.8744658,39.7119465,No,1+,Supernatural,Unknown,,0,False,Unknown
Blue Rapids,Kansas,-96.6597387,39.6819447,Yes,3+,Supernatural,orb,,1,False,Dusk
Burlingame,Kansas,-95.8349868,38.7538946,No,0,Supernatural,Unknown,,0,False,Unknown
Burlington,Kansas,-95.74276410000002,38.1944667,Yes,1,Unknown,Unknown,,0,False,Unknown
Canton,Kansas,-97.4280895,38.3861194,No,0,Supernatural,shadow,,1,False,Evening
Chanute,Kansas,-95.4572034,37.6792135,Yes,1,Supernatural,Unknown,,0,False,Dusk
Chanute,Kansas,-95.4572034,37.6792135,No,1+,Supernatural,Unknown,,0,False,Dusk
Clay Center,Kansas,-97.1247428,39.3769407,Yes,1+,Unknown,Unknown,,0,False,Unknown
Coffeyville,Kansas,-95.6163665,37.0373005,Yes,3+,Unknown,Unknown,,0,False,Dusk
Coffeyville,Kansas,-95.6163665,37.0373005,No,2+,Supernatural,shadow,,1,False,Dusk
Cummings,Kansas,-95.2448179,39.4626642,Yes,1,Death,witch,,1,False,Evening
Derby,Kansas,-97.2689331,37.5455735,No,1,Supernatural,apparition,,1,False,Unknown
Diphtheria Hill,Kansas,,,Yes,0,Unknown,Unknown,,0,False,Dusk
Dodge City,Kansas,-100.0170787,37.7527982,No,0,Supernatural,spirit,,1,False,Evening
Dodge City,Kansas,-100.0170787,37.7527982,No,1,Unknown,Unknown,,0,False,Morning
Dodge City,Kansas,-100.0170787,37.7527982,Yes,4,Supernatural,ghost spirit,,2,False,Unknown
Dodge City,Kansas,-100.0170787,37.7527982,Yes,1,Supernatural,Unknown,,0,False,Dusk
Ellis,Kansas,-99.56066690000002,38.9380662,Yes,1,Unknown,Unknown,,0,False,Dusk
Ellis,Kansas,-99.56066690000002,38.9380662,Yes,1,Supernatural,figure,,1,False,Dusk
Emporia,Kansas,-96.1816626,38.403903,Yes,1,Murder,apparition,,1,False,Evening
Fort Irwin,Kansas,-96.7684631,39.0830205,No,0,Natural Disaster,Unknown,,0,False,Dusk
Fort Riley,Kansas,-96.8099772,39.110058,No,0,Supernatural,Unknown,,0,False,Dusk
Fort Riley,Kansas,-96.8099772,39.110058,No,0,Supernatural,Unknown,,0,False,Dusk
Fort Riley,Kansas,-96.8099772,39.110058,No,1,Supernatural,apparition,,1,False,Dusk
Fort Riley,Kansas,-96.8099772,39.110058,Yes,1,Natural Disaster,Unknown,,0,False,Morning
Fort Scott,Kansas,-94.7082951,37.8397626,No,3+,Supernatural,ghost apparition,,2,False,Dusk
Galena,Kansas,-94.6396714,37.0758952,Yes,2+,Supernatural,figure,strange figure,1,False,Unknown
Garden City,Kansas,-100.8726618,37.9716898,No,0,Murder,Unknown,,0,False,Unknown
Gordon,Kansas,-96.9905918,37.5886301,No,2+,Murder,Unknown,,0,False,Unknown
Greatbend,Kansas,-98.7648073,38.3644567,Yes,0,Murder,ghost,,1,False,Dusk
Gypsum,Kansas,-97.4280856,38.70555909999999,Yes,0,Unknown,Unknown,,0,False,Morning
Hartner,Kansas,-98.6495279,37.0139169,Yes,1,Supernatural,ghost shadow,,2,False,Dusk
Hays,Kansas,-99.3267702,38.8791783,No,1,Supernatural,ghost,,1,False,Evening
Hays,Kansas,-99.3267702,38.8791783,No,2,Unknown,Unknown,,0,False,Dusk
Hiawatha,Kansas,-95.5358156,39.8525033,No,0,Unknown,Unknown,,0,False,Dusk
Holcomb,Kansas,-100.989333,37.9861353,Yes,0,Unknown,Unknown,,0,False,Dusk
Hutchinson,Kansas,-97.9297743,38.0608445,Yes,1,Supernatural,ghost,,1,False,Unknown
Hutchinson,Kansas,-97.9297743,38.0608445,No,0,Supernatural,ghost,,1,False,Evening
Hutchinson,Kansas,-97.9297743,38.0608445,Yes,2,Natural Disaster,spirit,,1,False,Evening
Hutchinson,Kansas,-97.9297743,38.0608445,Yes,0,Unknown,Unknown,,0,False,Dusk
Hutchinson,Kansas,-97.9297743,38.0608445,No,2+,Supernatural,ghost,,1,False,Evening
Independence,Kansas,-95.7083131,37.2242358,No,1+,Supernatural,ghost,,1,False,Morning
Kansas city,Kansas,-94.6274636,39.114053,Yes,3+,Suicide,Unknown,,0,False,Dusk
Larned,Kansas,-99.098713,38.18056929999999,No,1,Supernatural,apparition,,1,False,Dusk
Lawrence,Kansas,-95.2352501,38.9716689,No,0,Supernatural,spirit,portal spirit,1,False,Dusk
Lawrence,Kansas,-95.2352501,38.9716689,Yes,0,Unknown,Unknown,,0,False,Dusk
Lawrence,Kansas,-95.2352501,38.9716689,No,0,Unknown,Unknown,,0,False,Evening
Lawrence,Kansas,-95.2352501,38.9716689,No,1+,Supernatural,spirit,,1,False,Unknown
Lawrence,Kansas,-95.2352501,38.9716689,Yes,2+,Supernatural,spirit,,1,False,Dusk
Lawrence,Kansas,-95.2352501,38.9716689,No,0,Supernatural,spirit,,1,False,Dusk
Lawrence,Kansas,-95.2352501,38.9716689,No,0,Supernatural,Unknown,,0,False,Morning
Lawrence,Kansas,-95.2352501,38.9716689,Yes,1,Supernatural,Unknown,,0,False,Dusk
Lawrence,Kansas,-95.2352501,38.9716689,No,3+,Supernatural,presence,mysterious presence,1,False,Unknown
Lawrence,Kansas,-95.2352501,38.9716689,No,1,Supernatural,Unknown,,0,False,Unknown
Lawrence,Kansas,-95.2352501,38.9716689,No,2,Suicide,ghost,,1,False,Dusk
Lawrence,Kansas,-95.2352501,38.9716689,No,3,Supernatural,figure entity,shadowy figure,2,False,Evening
Lindsborg,Kansas,-97.6744838,38.5736176,No,1,Unknown,mist,,1,False,Evening
Louisburg,Kansas,-94.6807903,38.6194564,No,0,Unknown,Unknown,,0,False,Dusk
Lyons,Kansas,-98.2017268,38.3450104,No,0,Murder,Unknown,,0,False,Dusk
Manhattan,Kansas,-96.5716694,39.18360819999999,No,1,Unknown,Unknown,,0,False,Evening
Manhattan,Kansas,-96.5716694,39.18360819999999,Yes,0,Murder,Unknown,,0,False,Dusk
Manhattan,Kansas,-96.5716694,39.18360819999999,Yes,0,Murder,Unknown,,0,False,Dusk
Manhattan,Kansas,-96.5716694,39.18360819999999,Yes,0,Murder,ghost phantom,,2,False,Dusk
McPherson,Kansas,-97.6642087,38.3708415,No,3+,Supernatural,figure,,1,False,Evening
Medicine Lodge,Kansas,-98.580361,37.2811339,No,0,Murder,Unknown,,0,False,Dusk
Mission,Kansas,-94.6557914,39.0277832,No,0,Supernatural,ghost,,1,False,Evening
Montgomery,Kansas,-95.8142885,37.240253,Yes,1+,Supernatural,shadow,,1,False,Dusk
Mulvane,Kansas,-97.2439325,37.474464,No,0,Unknown,Unknown,,0,False,Dusk
Ness City,Kansas,-99.9065136,38.4527935,Yes,5+,Unknown,Unknown,,0,False,Dusk
Newton,Kansas,-97.3450365,38.0466779,No,1,Supernatural,Unknown,,0,False,Dusk
Nickerson,Kansas,-98.0836679,38.1472334,No,0,Supernatural,spirit demon,gaudian spirit,2,False,Unknown
Olathe,Kansas,-94.8191285,38.8813958,Yes,0,Unknown,Unknown,,0,False,Dusk
Olathe,Kansas,-94.8191285,38.8813958,Yes,3+,Natural Disaster,apparition,occasional apparition,1,False,Dusk
Ottawa,Kansas,-95.2686366,38.615768,Yes,0,Supernatural,Unknown,,0,False,Unknown
Overland Park,Kansas,-94.6707917,38.9822282,Yes,3+,Murder,Unknown,,0,False,Unknown
Overland Park,Kansas,-94.6707917,38.9822282,No,1,Supernatural,Unknown,,0,False,Dusk
Paola,Kansas,-94.8791294,38.5722353,No,0,Supernatural,Unknown,,0,False,Dusk
Park City,Kansas,-97.3183762,37.8000123,No,0,Murder,ghost,different ghost,1,False,Dusk
Parsons,Kansas,-95.2610838,37.34033840000001,Yes,3,Murder,Unknown,,0,False,Evening
Pittsburg,Kansas,-94.70496,37.410884,No,2+,Supernatural,ghost,,1,False,Dusk
Pittsburg,Kansas,-94.70496,37.410884,No,4+,Unknown,Unknown,,0,False,Unknown
Pittsburg,Kansas,-94.70496,37.410884,Yes,0,Supernatural,Unknown,,0,False,Unknown
Powhattan,Kansas,-95.6349943,39.7620494,No,0,Unknown,Unknown,,0,False,Unknown
Pratt,Kansas,-98.7375911,37.6439071,No,0,Death,Unknown,,0,False,Dusk
Prairie Village,Kansas,-94.6335684,38.9916726,Yes,6+,Supernatural,Unknown,,0,False,Dusk
Rural Niotaze,Kansas,,,Yes,5+,Supernatural,figure,,1,False,Unknown
Salina,Kansas,-97.6114237,38.8402805,Yes,5+,Murder,presence,spiritual presence,1,False,Unknown
Silver Lake,Kansas,-95.8585978,39.104166,No,1,Murder,Unknown,,0,False,Dusk
Stull,Kansas,-95.455833,38.971111,No,6,Murder,demon witch,local witch,2,False,Dusk
Stull,Kansas,-95.455833,38.971111,No,0,Unknown,entity,,1,False,Evening
Tescott,Kansas,-97.8755982,39.008059,No,3,Supernatural,Unknown,,0,False,Dusk
Topeka,Kansas,-95.6890185,39.0558235,Yes,0,Suicide,Unknown,,0,False,Dusk
Topeka,Kansas,-95.6890185,39.0558235,Yes,0,Supernatural,Unknown,,0,False,Dusk
Topeka,Kansas,-95.6890185,39.0558235,No,0,Supernatural,poltergeist,,1,False,Dusk
Topeka,Kansas,-95.6890185,39.0558235,Yes,2+,Supernatural,Unknown,,0,False,Dusk
Topeka,Kansas,-95.6890185,39.0558235,No,0,Unknown,Unknown,,0,False,Evening
Topeka,Kansas,-95.6890185,39.0558235,No,0,Supernatural,ghost,,1,False,Evening
Topeka,Kansas,-95.6890185,39.0558235,No,1,Murder,spirit,,1,False,Evening
Topeka,Kansas,-95.6890185,39.0558235,No,3,Supernatural,entity,,1,True,Dusk
Topeka,Kansas,-95.6890185,39.0558235,Yes,1,Supernatural,apparition,,1,False,Evening
Topeka,Kansas,-95.6890185,39.0558235,Yes,3+,Supernatural,ghost,,1,True,Unknown
Topeka,Kansas,-95.6890185,39.0558235,Yes,0,Supernatural,apparition orb,,2,False,Unknown
Towanda,Kansas,-96.999758,37.797517,No,3,Supernatural,Unknown,,0,False,Evening
Ulysses,Kansas,-101.3551696,37.5814095,No,0,Supernatural,Unknown,,0,False,Evening
Valley Center,Kansas,-97.3733759,37.8347342,Yes,3+,Supernatural,Unknown,,0,False,Dusk
Wamego,Kansas,-96.3049975,39.2019412,Yes,1,Natural Disaster,Unknown,,0,False,Dusk
Wamego,Kansas,-96.3049975,39.2019412,No,0,Supernatural,ghost,,1,False,Unknown
Wichita,Kansas,-97.330053,37.68717609999999,Yes,0,Unknown,Unknown,,0,False,Morning
Wichita,Kansas,-97.330053,37.68717609999999,No,1,Supernatural,Unknown,,0,False,Unknown
Wichita,Kansas,-97.330053,37.68717609999999,No,0,Murder,Unknown,,0,False,Dusk
Wichita,Kansas,-97.330053,37.68717609999999,No,1,Murder,Unknown,,0,False,Evening
Wichita,Kansas,-97.330053,37.68717609999999,No,2+,Murder,ghost spirit,restless spirit,2,False,Dusk
Wichita,Kansas,-97.330053,37.68717609999999,No,2+,Supernatural,Unknown,,0,False,Evening
Wichita,Kansas,-97.330053,37.68717609999999,Yes,1,Supernatural,ghost,Amateur ghost,1,True,Evening
Wichita,Kansas,-97.330053,37.68717609999999,Yes,1,Unknown,Unknown,,0,False,Evening
Wichita,Kansas,-97.330053,37.68717609999999,Yes,1+,Supernatural,Unknown,,0,False,Unknown
Wichita,Kansas,-97.330053,37.68717609999999,Yes,1+,Supernatural,ghost,,1,False,Evening
Adirondack Mountains,New York,-73.8693043,44.1247154,No,3+,Supernatural,apparition,,1,False,Unknown
Albany,New York,-73.7562317,42.6525793,No,1,Supernatural,ghost,unidentified ghost,1,False,Unknown
Albany,New York,-73.7562317,42.6525793,No,5+,Supernatural,ghost,,1,False,Dusk
Albany,New York,-73.7562317,42.6525793,No,0,Natural Disaster,ghost,,1,False,Evening
Albany,New York,-73.7562317,42.6525793,No,0,Murder,Unknown,,0,False,Dusk
Albany,New York,-73.7562317,42.6525793,No,10+,Murder,Unknown,,0,False,Dusk
Albany,New York,-73.7562317,42.6525793,No,0,Supernatural,ghost,young ghost,1,False,Dusk
Albany,New York,-73.7562317,42.6525793,No,5+,Supernatural,spirit specter,,2,False,Unknown
Albany,New York,-73.7562317,42.6525793,No,3+,Supernatural,spirit,,1,False,Unknown
Albany County,New York,-73.93598209999999,42.57567969999999,No,3+,Suicide,Unknown,,0,False,Dusk
Alden,New York,-78.4919671,42.9000596,Yes,2+,Supernatural,Unknown,,0,False,Evening
Alexandria Bay,New York,-75.9177309,44.3358836,No,1,Supernatural,ghost,,1,False,Evening
Alfred,New York,-77.7905509,42.2542366,No,0,Unknown,Unknown,,0,False,Dusk
Allegany,New York,-78.4941887,42.0900647,No,3+,Supernatural,spirit,,1,False,Unknown
Allegany,New York,-78.4941887,42.0900647,Yes,0,Murder,figure,,1,False,Dusk
Allegany,New York,-78.4941887,42.0900647,No,0,Murder,Unknown,,0,False,Dusk
Amherst,New York,-78.792272,42.97900670000001,No,2+,Suicide,presence,,1,False,Dusk
Amsterdam,New York,-74.190356,42.9377453,No,1,Supernatural,apparition orb,,2,False,Evening
Amsterdam,New York,-74.190356,42.9377453,No,0,Unknown,Unknown,,0,False,Dusk
Angola,New York,-79.0278156,42.63839249999999,No,0,Murder,Unknown,,0,False,Evening
Annandale-on-Hudson,New York,-73.9095279,42.0218762,No,2+,Supernatural,spirit poltergeist,,2,False,Evening
Astoria,New York,-73.92346189999999,40.7643574,Yes,4,Supernatural,Unknown,,0,False,Evening
Aurora,New York,-76.7024485,42.7539591,No,3,Supernatural,ghost,,1,False,Dusk
Aurora,New York,-76.7024485,42.7539591,No,2+,Supernatural,ghost,,1,False,Dusk
Averill Park,New York,-73.5537257,42.63396849999999,No,0,Unknown,Unknown,,0,False,Unknown
Baldwinsville,New York,-76.33270949999999,43.15867859999999,Yes,2+,Murder,Unknown,,0,False,Dusk
Baldwinsville,New York,-76.33270949999999,43.15867859999999,No,0,Suicide,Unknown,,0,False,Dusk
Ballston Lake,New York,-73.86808719999999,42.9117377,Yes,0,Murder,apparition,,1,False,Dusk
Bannerman Island,New York,-73.9890837,41.4551278,No,0,Natural Disaster,Unknown,,0,False,Evening
Barnes Corners,New York,-75.81769489999999,43.8170121,No,1,Murder,Unknown,,0,False,Dusk
Barkersville,New York,-74.0395723,43.0884072,No,0,Death,spirit,,1,False,Dusk
Basom,New York,-78.3914111,43.0672811,No,3+,Supernatural,orb,,1,False,Dusk
Batavia,New York,-78.1875167,42.9981156,No,1+,Supernatural,Unknown,,0,False,Dusk
Bellport,New York,-72.9392727,40.75704289999999,No,3,Supernatural,shadow,,1,False,Dusk
Bemus Point,New York,-79.3917144,42.16172419999999,No,2+,Supernatural,ghost,,1,False,Dusk
Bethany,New York,-78.13363799999999,42.92381090000001,Yes,1000+,Supernatural,ghost apparition orb,,3,True,Dusk
Binghamton,New York,-75.91797380000001,42.09868669999999,No,0,Supernatural,ghost,,1,False,Dusk
Bluffs Point,New York,-77.10358219999999,42.6142362,Yes,1,Supernatural,orb,,1,False,Dusk
Boonville,New York,-75.27123929999999,43.4617021,No,10+,Supernatural,ghost,,1,False,Evening
Broadalbin,New York,-74.1965206,43.0586846,No,3,Supernatural,figure,,1,False,Evening
Brewster,New York,-73.6170721,41.3973163,No,2+,Murder,spirit,,1,False,Unknown
Brewster,New York,-73.6170721,41.3973163,No,5+,Supernatural,apparition,,1,False,Evening
Bridgewater,New York,-75.2595731,42.9006376,No,2+,Supernatural,ghost,,1,False,Unknown
Brockport,New York,-77.9391797,43.2136713,Yes,3,Supernatural,spirit,,1,False,Unknown
Bronx,New York,-73.8648268,40.8447819,No,0,Unknown,Unknown,,0,False,Morning
Bronx,New York,-73.8648268,40.8447819,No,0,Unknown,Unknown,,0,False,Dusk
Bronx,New York,-73.8648268,40.8447819,Yes,2+,Supernatural,Unknown,,0,False,Dusk
Bronx,New York,-73.8648268,40.8447819,No,0,Unknown,Unknown,,0,False,Unknown
Bronx,New York,-73.8648268,40.8447819,No,2+,Supernatural,Unknown,,0,False,Dusk
Bronx,New York,-73.8648268,40.8447819,Yes,1,Unknown,Unknown,,0,False,Unknown
Bronx,New York,-73.8648268,40.8447819,No,1,Supernatural,spirit shadow,,2,False,Evening
Bronx,New York,-73.8648268,40.8447819,No,1,Supernatural,apparition,,1,False,Dusk
Bronx,New York,-73.8648268,40.8447819,No,1,Unknown,Unknown,,0,False,Dusk
Bronx,New York,-73.8648268,40.8447819,Yes,3+,Unknown,Unknown,,0,False,Unknown
Bronx,New York,-73.8648268,40.8447819,Yes,0,Murder,Unknown,,0,False,Dusk
Bronx,New York,-73.8648268,40.8447819,No,0,Supernatural,ghost,,1,False,Unknown
Bronx,New York,-73.8648268,40.8447819,No,5+,Supernatural,Unknown,,0,False,Unknown
Bronx,New York,-73.8648268,40.8447819,Yes,0,Murder,ghost,bother ghost,1,False,Unknown
Bronx,New York,-73.8648268,40.8447819,No,3,Murder,ghost,,1,False,Evening
Bronx,New York,-73.8648268,40.8447819,No,1,Murder,Unknown,,0,False,Dusk
Bronx,New York,-73.8648268,40.8447819,No,1,Unknown,Unknown,,0,False,Evening
Bronxville,New York,-73.8320784,40.93815439999999,No,0,Supernatural,Unknown,,0,False,Evening
Bronxville,New York,-73.8320784,40.93815439999999,No,1,Unknown,Unknown,,0,False,Evening
Bronxville,New York,-73.8320784,40.93815439999999,No,0,Supernatural,Unknown,,0,False,Dusk
Bronxville,New York,-73.8320784,40.93815439999999,No,0,Supernatural,Unknown,,0,False,Evening
Brooklyn,New York,-73.9441579,40.6781784,No,0,Unknown,Unknown,,0,False,Evening
Brooklyn,New York,-73.9441579,40.6781784,No,0,Supernatural,apparition,,1,False,Dusk
Brooklyn,New York,-73.9441579,40.6781784,Yes,3,Murder,Unknown,,0,False,Evening
Brooklyn,New York,-73.9441579,40.6781784,Yes,3+,Murder,Unknown,,0,False,Dusk
Brooklyn,New York,-73.9441579,40.6781784,No,0,Supernatural,Unknown,,0,False,Dusk
Brooklyn,New York,-73.9441579,40.6781784,No,0,Suicide,shadow,,1,False,Evening
Brooklyn,New York,-73.9441579,40.6781784,Yes,2+,Supernatural,Unknown,,0,False,Unknown
Buffalo,New York,-78.8783689,42.88644679999999,No,1,Murder,Unknown,,0,False,Evening
Buffalo,New York,-78.8783689,42.88644679999999,No,1,Supernatural,spirit,,1,False,Evening
Buffalo,New York,-78.8783689,42.88644679999999,Yes,3,Supernatural,ghost,,1,True,Evening
Buffalo,New York,-78.8783689,42.88644679999999,No,2+,Supernatural,Unknown,,0,False,Dusk
Buffalo,New York,-78.8783689,42.88644679999999,No,5+,Supernatural,Unknown,,0,False,Evening
Buffalo,New York,-78.8783689,42.88644679999999,No,0,Supernatural,Unknown,,0,False,Dusk
Buffalo,New York,-78.8783689,42.88644679999999,Yes,5+,Supernatural,Unknown,,0,False,Dusk
Buffalo,New York,-78.8783689,42.88644679999999,Yes,4,Supernatural,spirit,,1,False,Dusk
Buffalo,New York,-78.8783689,42.88644679999999,No,1,Supernatural,Unknown,,0,False,Dusk
Buffalo,New York,-78.8783689,42.88644679999999,Yes,2+,Murder,shadow,,1,False,Dusk
Buffalo,New York,-78.8783689,42.88644679999999,No,0,Supernatural,Unknown,,0,False,Morning
Buffalo,New York,-78.8783689,42.88644679999999,No,2+,Supernatural,Unknown,,0,True,Evening
Buffalo,New York,-78.8783689,42.88644679999999,No,0,Unknown,Unknown,,0,False,Evening
Buffalo,New York,-78.8783689,42.88644679999999,No,2+,Supernatural,Unknown,,0,False,Evening
Buffalo,New York,-78.8783689,42.88644679999999,No,3+,Supernatural,Unknown,,0,False,Dusk
Camden,New York,-75.78365889999999,43.33873639999999,Yes,3+,Supernatural,Unknown,,0,False,Morning
Camden,New York,-75.78365889999999,43.33873639999999,Yes,5+,Supernatural,Unknown,,0,False,Unknown
Camden,New York,-75.78365889999999,43.33873639999999,Yes,3+,Supernatural,ghost,,1,False,Dusk
Camillus,New York,-76.3040965,43.039233,No,1+,Supernatural,Unknown,,0,False,Dusk
Camillus,New York,-76.3040965,43.039233,No,1,Supernatural,figure,dark figure,1,False,Dusk
Camillus,New York,-76.3040965,43.039233,No,3,Murder,Unknown,,0,False,Morning
Canton,New York,-75.1690942,44.5956163,No,3+,Supernatural,shadow,large shadow,1,False,Unknown
Carthage,New York,-75.6093591,43.9781236,No,0,Murder,Unknown,,0,False,Evening
Catskills,New York,-74.3821116,42.0092908,No,1,Unknown,Unknown,,0,False,Evening
Cayuga,New York,-76.7263397,42.9189555,No,0,Supernatural,shadow orb mist,,3,False,Dusk
Cazenovia,New York,-75.85269149999999,42.9300668,No,1,Supernatural,apparition,,1,False,Evening
Cazenovia,New York,-75.85269149999999,42.9300668,No,1,Unknown,Unknown,,0,False,Morning
Chemung States,New York,-76.7798172,42.1362071,No,0,Murder,ghost,,1,False,Dusk
Chester,New York,-74.27126129999999,41.3625937,Yes,0,Supernatural,orb figure,black figure,2,True,Unknown
Chittenango,New York,-75.86658,43.0450671,No,1,Supernatural,Unknown,,0,False,Unknown
Chittenango,New York,-75.86658,43.0450671,No,1,Supernatural,spirit shadow,unknown shadow,2,False,Unknown
Clarence,New York,-78.5770812,42.982216,No,2,Supernatural,presence,old presence,1,False,Morning
Clinton,New York,-75.3785034,43.0484029,No,3+,Supernatural,ghost figure,white figure,2,False,Evening
Clinton,New York,-75.3785034,43.0484029,Yes,1,Supernatural,ghost,,1,False,Evening
Clinton,New York,-75.3785034,43.0484029,No,3+,Supernatural,Unknown,,0,False,Dusk
Clinton Corners,New York,-73.76312519999999,41.8298561,Yes,0,Murder,Unknown,,0,False,Dusk
Clymer,New York,-79.6299617,42.0208501,No,0,Murder,ghost,,1,False,Dusk
Cobleskill,New York,-74.4854172,42.677853,No,1,Supernatural,Unknown,,0,False,Dusk
Cohoes,New York,-73.70011869999999,42.7742446,Yes,5+,Supernatural,ghost spirit specter figure,shadowy figure,4,False,Evening
Cohoes,New York,-73.70011869999999,42.7742446,No,0,Unknown,Unknown,,0,False,Evening
Cohoes,New York,-73.70011869999999,42.7742446,Yes,0,Supernatural,apparition,,1,False,Dusk
Colonie,New York,-73.77132,42.7236699,Yes,2+,Supernatural,shadow,,1,False,Evening
Commack,New York,-73.29289430000001,40.8428759,No,1,Unknown,Unknown,,0,False,Unknown
Cooperstown,New York,-74.92432099999999,42.7006303,Yes,0,Supernatural,Unknown,,0,False,Evening
Cortland,New York,-76.1804843,42.6011813,No,0,Unknown,Unknown,,0,False,Morning
Cortland,New York,-76.1804843,42.6011813,No,1,Supernatural,Unknown,,0,False,Morning
Cortland,New York,-76.1804843,42.6011813,No,2+,Supernatural,apparition figure,,2,False,Evening
Cortland,New York,-76.1804843,42.6011813,No,0,Supernatural,Unknown,,0,False,Dusk
Dannemora,New York,-73.7237528,44.7214301,Yes,1,Murder,ghost,,1,False,Morning
Delhi,New York,-74.91599459999999,42.27814009999999,No,1,Unknown,Unknown,,0,False,Evening
Deposit,New York,-75.4276769,42.0600834,Yes,1,Unknown,Unknown,,0,False,Evening
Dewittville,New York,-79.44532459999999,42.2392247,Yes,2+,Supernatural,orb,,1,False,Dusk
Duanesburg,New York,-74.1944529,42.7842177,Yes,3+,Supernatural,orb figure,,2,True,Unknown
Dunkirk,New York,-79.3339324,42.4795019,No,1,Supernatural,Unknown,,0,False,Unknown
Dutchess County,New York,-73.7477857,41.7784372,No,0,Supernatural,Unknown,,0,False,Dusk
East Aurora,New York,-78.6133589,42.7678376,Yes,0,Supernatural,figure,,1,False,Dusk
East Aurora,New York,-78.6133589,42.7678376,No,3+,Supernatural,ghost presence,,2,False,Evening
East Bethany,New York,-78.1014019,42.9314495,No,0,Supernatural,ghost,,1,False,Dusk
East Greenbush,New York,-73.68893779999999,42.6068049,No,0,Murder,Unknown,,0,False,Evening
East Otto,New York,-78.7547527,42.3897847,Yes,1,Unknown,Unknown,,0,False,Evening
Erie Canal,New York,-76.26858779999999,43.0179714,No,0,Supernatural,Unknown,,0,False,Morning
Elbridge,New York,-76.4331698,43.0387104,No,1,Supernatural,ghost,,1,False,Dusk
Elbridge,New York,-76.4331698,43.0387104,No,3+,Supernatural,spirit presence,,2,False,Evening
Elenville,New York,-74.3957099,41.7170379,No,0,Supernatural,ghost,,1,False,Dusk
Ellenburgh,New York,-73.83653699999999,44.8939294,No,0,Supernatural,apparition figure,,2,False,Dusk
Ellenburgh,New York,-73.83653699999999,44.8939294,No,2+,Supernatural,Unknown,,0,False,Dusk
Ellenburgh,New York,-73.83653699999999,44.8939294,No,1,Supernatural,Unknown,,0,False,Dusk
Ellicottville,New York,-78.67280710000001,42.2750639,No,2+,Supernatural,mist,,1,False,Dusk
Elmira,New York,-76.8077338,42.0897965,Yes,2+,Supernatural,Unknown,,0,False,Dusk
Elmira,New York,-76.8077338,42.0897965,No,1,Supernatural,Unknown,,0,False,Evening
Evans Mills,New York,-75.8071525,44.0881158,No,3,Supernatural,ghost,,1,False,Dusk
Fairport,New York,-77.44193779999999,43.0986742,No,0,Supernatural,Unknown,,0,False,Dusk
Fayetteville,New York,-76.00436429999999,43.0297887,Yes,0,Unknown,Unknown,,0,False,Dusk
Fire Island,New York,-73.1459474,40.64759970000001,Yes,3+,Supernatural,Unknown,,0,False,Dusk
Fort Covington,New York,-74.49651,44.988444,Yes,0,Supernatural,spirit presence,,2,False,Evening
Fort Covington,New York,-74.49651,44.988444,No,0,Supernatural,spirit,disembodied spirit,1,False,Dusk
Fort Edward,New York,-73.5476338,43.2310452,Yes,0,Supernatural,Unknown,,0,False,Evening
Fort Edward,New York,-73.5476338,43.2310452,No,5,Supernatural,Unknown,,0,False,Unknown
Fort Edward,New York,-73.5476338,43.2310452,Yes,2+,Unknown,Unknown,,0,False,Dusk
Fredonia,New York,-79.3317105,42.4400576,Yes,1,Murder,Unknown,,0,False,Dusk
Frewsburg,New York,-79.15810189999999,42.0545029,Yes,4+,Supernatural,Unknown,,0,False,Dusk
Fulton,New York,-76.4171585,43.3228462,Yes,2+,Supernatural,Unknown,,0,False,Dusk
Fulton,New York,-76.4171585,43.3228462,No,1,Supernatural,ghost,,1,False,Dusk
Fulton,New York,-76.4171585,43.3228462,No,4,Unknown,Unknown,,0,False,Dusk
Fultonville,New York,-74.3704128,42.9478514,No,0,Supernatural,shadow,,1,False,Dusk
Gainesville,New York,-78.13363799999999,42.6542217,Yes,2+,Supernatural,apparition,,1,False,Unknown
Garrison,New York,-73.9404737,41.3804881,No,0,Supernatural,Unknown,,0,False,Dusk
Geneseo,New York,-77.816947,42.795896,No,1+,Supernatural,presence,,1,False,Dusk
Geneva,New York,-76.985557,42.8679836,No,12+,Murder,ghost,,1,False,Dusk
Geneva,New York,-76.985557,42.8679836,Yes,1,Supernatural,Unknown,,0,True,Morning
Geneva,New York,-76.985557,42.8679836,No,1+,Supernatural,Unknown,,0,False,Dusk
Geneva,New York,-76.985557,42.8679836,No,1,Supernatural,ghost,male ghost,1,False,Morning
Geneva,New York,-76.985557,42.8679836,No,1,Unknown,Unknown,,0,False,Morning
Gilbertsville/Mt Upton,New York,-75.3468031,42.4447641,No,0,Murder,Unknown,,0,False,Dusk
Glen Haven,New York,-76.27798589999999,42.7656238,Yes,1,Natural Disaster,Unknown,,0,False,Dusk
Glens Falls,New York,-73.6440058,43.3095164,No,1,Supernatural,ghost,,1,False,Unknown
Glenmont,New York,-73.76989449999999,42.6052,No,2,Supernatural,ghost,,1,False,Evening
Goshen,New York,-74.3243191,41.4020382,Yes,3+,Supernatural,specter,,1,False,Dusk
Gloversville,New York,-74.3437467,43.0528506,No,0,Supernatural,ghost,,1,False,Evening
Grand Island,New York,-78.9657302,43.0216283,Yes,0,Unknown,Unknown,,0,False,Dusk
Grand Island,New York,-78.9657302,43.0216283,No,3,Supernatural,Unknown,,0,False,Dusk
Granville,New York,-73.259553,43.4078495,No,1,Natural Disaster,poltergeist presence,,2,False,Evening
Greene,New York,-75.7699147,42.3292408,No,2+,Supernatural,apparition,,1,False,Dusk
Greenport,New York,-72.3592501,41.1034326,Yes,1,Supernatural,Unknown,,0,False,Dusk
Geneseo,New York,-77.816947,42.795896,No,1,Murder,Unknown,,0,False,Morning
Half Hollow,New York,-73.3431748,40.7764876,No,2+,Supernatural,Unknown,,0,False,Unknown
Hannibal,New York,-76.5719414,43.32178870000001,No,0,Supernatural,Unknown,,0,False,Evening
Hauppauge,New York,-73.2026138,40.8256536,Yes,0,Murder,Unknown,,0,False,Dusk
Hauppauge,New York,-73.2026138,40.8256536,No,0,Supernatural,ghost,,1,False,Dusk
Hauppauge,New York,-73.2026138,40.8256536,Yes,1,Unknown,Unknown,,0,False,Unknown
Havestraw,New York,-73.96458369999999,41.1975947,Yes,0,Supernatural,ghost orb,"cold ghost, orbs ghost, little ghost",2,False,Dusk
Herkimer,New York,-74.9859889,43.0256259,No,1,Murder,Unknown,,0,False,Dusk
Highland,New York,-73.9601382,41.7209267,No,5+,Unknown,Unknown,,0,False,Morning
Highland falls,New York,-73.96625039999999,41.3692605,No,1,Unknown,Unknown,,0,False,Dusk
Himrod,New York,-76.9549633,42.5897928,Yes,2+,Murder,Unknown,,0,False,Dusk
Hudson,New York,-73.790959,42.2528649,Yes,1,Supernatural,Unknown,,0,False,Dusk
Huntington,New York,-73.425676,40.8681539,Yes,1,Natural Disaster,specter,,1,False,Dusk
Huntington,New York,-73.425676,40.8681539,No,2,Murder,Unknown,,0,False,Dusk
Huntington,New York,-73.425676,40.8681539,No,0,Murder,witch,,1,False,Morning
Hyde Park,New York,-73.9015246,41.7667602,No,0,Suicide,Unknown,,0,False,Morning
Hyde Park,New York,-73.9015246,41.7667602,No,1,Unknown,Unknown,,0,False,Dusk
Ilion,New York,-75.0354347,43.0150703,No,2+,Supernatural,Unknown,,0,False,Dusk
Jackson,New York,-73.3944466,43.0856937,Yes,1,Supernatural,Unknown,,0,False,Unknown
Jamestown,New York,-79.23532589999999,42.0970023,Yes,1,Natural Disaster,Unknown,,0,False,Dusk
Jamestown,New York,-79.23532589999999,42.0970023,Yes,1995+,Murder,Unknown,,0,False,Unknown
Jamestown,New York,-79.23532589999999,42.0970023,No,4+,Supernatural,ghost,,1,False,Dusk
Johnstown,New York,-74.3676356,43.0067399,No,1,Supernatural,spirit,,1,False,Dusk
Keuka Park,New York,-77.09190559999999,42.6151357,Yes,0,Supernatural,Unknown,,0,False,Evening
King's Park,New York,-73.2573369,40.88620900000001,Yes,2+,Murder,Unknown,,0,False,Dusk
Kingston,New York,-73.9973608,41.9270367,No,1,Unknown,Unknown,,0,False,Evening
Kingston,New York,-73.9973608,41.9270367,No,0,Unknown,Unknown,,0,False,Dusk
Antigo,Wisconsin,-89.15233529999999,45.140245,No,1,Murder,Unknown,,0,False,Dusk
Kingston,New York,-73.9973608,41.9270367,No,0,Supernatural,Unknown,,0,False,Dusk
LaFayette,New York,-73.9974258,40.7219989,No,1,Supernatural,ghost,,1,False,Unknown
Lafayette,New York,-73.9974258,40.7219989,No,1,Supernatural,apparition,,1,False,Dusk
Lake George,New York,-73.71234079999999,43.4261809,Yes,1,Unknown,Unknown,,0,False,Dusk
Lake George,New York,-73.71234079999999,43.4261809,No,1+,Murder,ghost,,1,False,Dusk
Lancaster,New York,-78.6341996,42.8982361,No,3+,Supernatural,ghost,,1,False,Dusk
Lansingburgh,New York,-73.66956239999999,42.7845222,Yes,2+,Murder,Unknown,,0,False,Dusk
Latham,New York,-73.760537,42.7477661,Yes,2+,Supernatural,orb,,1,False,Unknown
Latham,New York,-73.760537,42.7477661,No,0,Unknown,Unknown,,0,False,Dusk
Latham,New York,-73.760537,42.7477661,Yes,0,Supernatural,Unknown,,0,False,Evening
Lee Center,New York,-75.5179555,43.3034028,No,1,Supernatural,Unknown,,0,False,Evening
Lechworth,New York,-78.026519,42.5902082,No,1,Supernatural,ghost,,1,False,Dusk
Lewstion,New York,-78.9853813,43.1919494,Yes,1,Murder,Unknown,,0,False,Morning
Lily Dale,New York,-79.3242113,42.3517246,No,5+,Unknown,Unknown,,0,False,Dusk
Lily Dale,New York,-79.3242113,42.3517246,No,2+,Supernatural,presence,,1,False,Dusk
Lily Dale,New York,-79.3242113,42.3517246,Yes,2+,Supernatural,presence,,1,False,Dusk
Little Falls,New York,-74.8595957,43.0434039,No,1+,Supernatural,Unknown,,0,False,Dusk
Little Falls,New York,-74.8595957,43.0434039,No,1,Supernatural,Unknown,,0,True,Evening
Liverpool,New York,-76.21770459999999,43.106456,No,1+,Murder,Unknown,,0,False,Dusk
Liverpool,New York,-76.21770459999999,43.106456,Yes,2,Supernatural,ghost,,1,False,Dusk
Lockport,New York,-78.6903098,43.1706128,No,0,Murder,Unknown,,0,False,Dusk
Lockport,New York,-78.6903098,43.1706128,No,1,Supernatural,apparition,,1,False,Evening
Lockport,New York,-78.6903098,43.1706128,No,1,Supernatural,ghost,little ghost,1,False,Dusk
Lockport,New York,-78.6903098,43.1706128,No,2+,Murder,figure presence,,2,False,Evening
Lodi,New York,-76.8490328,42.5893626,No,0,Supernatural,Unknown,,0,False,Dusk
Long Beach,New York,-73.65790799999999,40.5884373,No,0,Murder,Unknown,,0,False,Dusk
Long Island,New York,-73.13496099999999,40.789142,No,0,Murder,figure,,1,False,Unknown
Long Island,New York,-73.13496099999999,40.789142,No,1,Supernatural,Unknown,,0,False,Dusk
Long Island,New York,-73.13496099999999,40.789142,No,3+,Murder,figure,glowing figure,1,False,Dusk
Long Island,New York,-73.13496099999999,40.789142,No,0,Death,Unknown,,0,False,Dusk
Long Island,New York,-73.13496099999999,40.789142,No,2+,Murder,spirit figure,,2,False,Evening
Loundonville,New York,-73.7548424,42.7048009,No,1,Murder,ghost,,1,False,Dusk
Appleton,Wisconsin,-88.41538469999999,44.2619309,Yes,1,Supernatural,ghost,,1,False,Dusk
Appleton,Wisconsin,-88.41538469999999,44.2619309,No,3+,Supernatural,ghost,,1,False,Dusk
Appleton,Wisconsin,-88.41538469999999,44.2619309,No,2+,Supernatural,ghost,,1,False,Evening
Appleton,Wisconsin,-88.41538469999999,44.2619309,No,1+,Supernatural,presence,,1,False,Dusk
Appleton,Wisconsin,-88.41538469999999,44.2619309,Yes,0,Unknown,Unknown,,0,False,Evening
Argonne,Wisconsin,-88.8792825,45.6596839,Yes,2+,Suicide,Unknown,,0,False,Evening
Ashippun,Wisconsin,-88.51513539999999,43.21281219999999,No,1,Unknown,Unknown,,0,False,Unknown
Ashland,Wisconsin,-90.8837982,46.5924428,No,0,Supernatural,ghost presence,,2,False,Unknown
Ashland,Wisconsin,-90.8837982,46.5924428,Yes,5,Supernatural,ghost,,1,False,Dusk
Aztalan,Wisconsin,-88.8587853,43.0688499,No,4+,Supernatural,spirit,"active spirit, Many spirit",1,False,Evening
Baraboo,Wisconsin,-89.74429060000001,43.4710944,No,5+,Supernatural,Unknown,,0,False,Dusk
Bayfield,Wisconsin,-90.81824,46.8107671,Yes,0,Murder,ghost,,1,False,Dusk
Beaver Dam,Wisconsin,-88.837329,43.4577692,Yes,2+,Unknown,Unknown,,0,False,Evening
Beloit,Wisconsin,-89.03177649999999,42.5083482,Yes,0,Supernatural,Unknown,,0,False,Dusk
Beloit,Wisconsin,-89.03177649999999,42.5083482,Yes,4,Supernatural,Unknown,,0,False,Unknown
Beloit,Wisconsin,-89.03177649999999,42.5083482,No,2+,Supernatural,ghost,,1,False,Dusk
Beloit,Wisconsin,-89.03177649999999,42.5083482,No,1,Unknown,Unknown,,0,False,Dusk
Boltonville,Wisconsin,-88.1006498,43.5272197,No,2+,Murder,Unknown,,0,False,Dusk
Boltonville,Wisconsin,-88.1006498,43.5272197,No,3+,Supernatural,figure entity,,2,False,Morning
Boscobel,Wisconsin,-90.7054045,43.1344289,No,2+,Unknown,Unknown,,0,False,Dusk
Boulder Junction,Wisconsin,-89.66899839999999,46.1130997,No,0,Supernatural,Unknown,,0,False,Evening
Boulder Junction,Wisconsin,-89.66899839999999,46.1130997,No,3+,Supernatural,Unknown,,0,False,Unknown
Bowler,Wisconsin,-88.9820527,44.8630295,Yes,2+,Unknown,Unknown,,0,False,Dusk
Brodhead,Wisconsin,-89.3762278,42.6183424,Yes,0,Murder,Unknown,,0,False,Evening
Brodhead,Wisconsin,-89.3762278,42.6183424,No,0,Supernatural,ghost,,1,False,Dusk
Brookfield,Wisconsin,-88.1064787,43.0605671,Yes,1+,Supernatural,figure,rushes Figure,1,False,Unknown
Burlington,Wisconsin,-88.27620259999999,42.6780726,No,1+,Supernatural,Unknown,,0,False,Evening
Caledona,Wisconsin,-87.92424799999999,42.8077958,No,0,Unknown,Unknown,,0,False,Evening
Lowville,New York,-75.4918505,43.786736,Yes,3+,Supernatural,Unknown,,0,False,Dusk
Lyndonville,New York,-78.3889138,43.3267241,No,3+,Supernatural,Unknown,,0,False,Unknown
Mahopacthe,New York,-73.733465,41.372316,No,0,Supernatural,ghost,,1,False,Morning
Malone,New York,-74.29489830000001,44.8486596,Yes,5,Supernatural,Unknown,,0,False,Dusk
Manhattan,New York,-73.9712488,40.7830603,No,1,Murder,Unknown,,0,False,Dusk
Manhattan,New York,-73.9712488,40.7830603,Yes,3+,Supernatural,phantom presence,,2,False,Unknown
Manhattan,New York,-73.9712488,40.7830603,Yes,3+,Supernatural,ghost spirit apparition,,3,False,Dusk
Marcellus,New York,-76.3404867,42.9828438,No,1,Unknown,Unknown,,0,False,Evening
Marcy,New York,-75.2915564,43.1706253,Yes,1,Unknown,Unknown,,0,False,Evening
Marcy,New York,-75.2915564,43.1706253,No,1,Supernatural,Unknown,,0,True,Unknown
Mechanicville,New York,-73.68734049999999,42.9028547,No,1,Death,ghost,,1,False,Dusk
Mechanicville,New York,-73.68734049999999,42.9028547,No,0,Murder,ghost,,1,False,Dusk
Menands,New York,-73.72456389999999,42.6920233,No,2+,Supernatural,figure,,1,False,Dusk
Massena,New York,-74.891865,44.9281049,Yes,3,Supernatural,spirit orb,,2,True,Dusk
Milton Terrace,New York,-73.8668953,43.0022643,No,0,Murder,Unknown,,0,False,Dusk
Mohegan Lake,New York,-73.8462467,41.3178717,No,1+,Supernatural,ghost,,1,False,Morning
Monroe,New York,-74.1827119,41.3046016,Yes,1,Natural Disaster,ghost shadow,,2,False,Dusk
Montebello,New York,-74.118477,41.1359287,No,1,Supernatural,ghost figure witch,"early witch, ghostly figure",3,False,Unknown
Mount Sinai,New York,-73.9522547,40.7900393,No,0,Unknown,Unknown,,0,False,Dusk
Naples,New York,-77.4472495,42.618807,Yes,2,Supernatural,Unknown,,0,False,Evening
Newburgh,New York,-74.0104178,41.5034271,No,2+,Murder,Unknown,,0,False,Dusk
Newburgh,New York,-74.0104178,41.5034271,No,0,Supernatural,Unknown,,0,False,Morning
Newfane,New York,-78.7022678,43.2692505,No,4+,Supernatural,Unknown,,0,False,Dusk
New Hartford,New York,-75.2876661,43.073403,No,2,Supernatural,ghost,bad ghost,1,False,Dusk
New Hyde Park,New York,-73.6879082,40.7351018,No,1,Supernatural,Unknown,,0,False,Evening
Cameron,Wisconsin,-91.7440591,45.4085696,No,1,Supernatural,Unknown,,0,False,Dusk
Canton,Wisconsin,-91.6598896,45.4280149,No,5+,Suicide,ghost apparition shadow,,3,False,Unknown
Caryville,Wisconsin,-91.6746108,44.7513498,No,1,Supernatural,Unknown,,0,False,Dusk
Caryville,Wisconsin,-91.6746108,44.7513498,No,2+,Unknown,Unknown,,0,False,Unknown
Cedarburg,Wisconsin,-87.9875898,43.2966716,No,1,Unknown,Unknown,,0,False,Dusk
Chippewa Falls,Wisconsin,-91.3929348,44.9369054,Yes,1,Unknown,Unknown,,0,False,Evening
Chilton,Wisconsin,-88.16287849999999,44.0288803,No,1,Supernatural,Unknown,,0,False,Unknown
Chilton,Wisconsin,-88.16287849999999,44.0288803,No,3+,Supernatural,spirit shadow mist,,3,False,Unknown
Clear Lake,Wisconsin,-92.2712996,45.2519072,No,30,Suicide,spirit,,1,False,Morning
Coon Valley,Wisconsin,-91.0131863,43.7021922,No,1,Supernatural,apparition,many Apparition,1,False,Unknown
Cornell,Wisconsin,-91.1493107,45.1671881,No,3+,Supernatural,presence,,1,False,Dusk
Cottage Grove,Wisconsin,-89.19955929999999,43.0761082,Yes,0,Murder,figure,ghostly figure,1,False,Unknown
Crawford,Wisconsin,-90.8294002,43.2491547,Yes,0,Supernatural,ghost,,1,False,Evening
Crooked Lake,Wisconsin,-88.354354,45.2418336,Yes,1,Supernatural,apparition mist,,2,False,Evening
Dane,Wisconsin,-89.5015088,43.2505472,No,0,Supernatural,apparition,,1,False,Unknown
Delafield,Wisconsin,-88.4037079,43.060842,No,1,Murder,ghost,,1,False,Dusk
Delevan,Wisconsin,-88.6437138,42.6330703,Yes,3+,Supernatural,Unknown,,0,False,Dusk
Dodgeville,Wisconsin,-90.1301237,42.96027429999999,Yes,2+,Supernatural,Unknown,,0,False,Evening
Eagle,Wisconsin,-88.474265,42.8794563,No,0,Supernatural,Unknown,,0,False,Dusk
Eagle River,Wisconsin,-89.2442988,45.9171763,No,1,Unknown,Unknown,,0,False,Evening
East Troy,Wisconsin,-88.40509600000001,42.7852922,No,1+,Murder,Unknown,,0,False,Evening
Eau Claire,Wisconsin,-91.4984941,44.811349,No,2,Supernatural,Unknown,,0,False,Evening
Eau Claire,Wisconsin,-91.4984941,44.811349,Yes,3+,Supernatural,figure,,1,False,Unknown
Eau Claire,Wisconsin,-91.4984941,44.811349,Yes,4+,Suicide,Unknown,,0,False,Dusk
Eau Claire,Wisconsin,-91.4984941,44.811349,No,1,Supernatural,Unknown,,0,False,Evening
Eau Claire,Wisconsin,-91.4984941,44.811349,No,1,Unknown,Unknown,,0,False,Dusk
Edgerton,Wisconsin,-89.0676125,42.8352835,No,3+,Supernatural,spirit,,1,False,Dusk
Eleva,Wisconsin,-91.4701575,44.5757974,Yes,1,Murder,Unknown,,0,False,Unknown
Elkhart Lake,Wisconsin,-88.0178729,43.8333269,No,0,Supernatural,Unknown,,0,False,Dusk
New Paltz,New York,-74.0868095,41.7475933,No,0,Supernatural,spirit,,1,False,Dusk
New York City,New York,-74.0059728,40.7127753,No,0,Supernatural,spirit,,1,False,Evening
New York City,New York,-74.0059728,40.7127753,No,0,Supernatural,Unknown,,0,False,Dusk
New York City,New York,-74.0059728,40.7127753,No,0,Murder,Unknown,,0,False,Evening
New York City,New York,-74.0059728,40.7127753,No,3+,Supernatural,ghost spirit apparition,,3,False,Dusk
New York City,New York,-74.0059728,40.7127753,No,1,Supernatural,ghost,,1,False,Evening
New York City,New York,-74.0059728,40.7127753,No,2,Suicide,Unknown,,0,False,Evening
New York City,New York,-74.0059728,40.7127753,No,2,Supernatural,ghost apparition,particular ghost,2,False,Dusk
Newark valley,New York,-76.183263,42.2236853,No,0,Supernatural,Unknown,,0,False,Dusk
Newburgh,New York,-74.0104178,41.5034271,Yes,0,Unknown,Unknown,,0,False,Evening
Newport,New York,-75.03775019999999,43.1660488,No,2+,Supernatural,ghost,,1,False,Unknown
Niagara Falls,New York,-79.0377388,43.0962143,Yes,2+,Supernatural,apparition,,1,False,Unknown
Niagara Falls,New York,-79.0377388,43.0962143,No,5+,Natural Disaster,ghost,,1,False,Morning
North Babylon,New York,-73.3217861,40.7164881,Yes,1+,Murder,Unknown,,0,False,Dusk
North Lawrence,New York,-74.6779857,44.8046931,No,3+,Suicide,spirit apparition,,2,False,Dusk
Northport,New York,-73.3431727,40.9009313,No,0,Suicide,Unknown,,0,False,Dusk
Ogdensburg,New York,-75.48633640000001,44.6942291,Yes,2+,Supernatural,ghost,,1,False,Dusk
Ogdensburg,New York,-75.48633640000001,44.6942291,Yes,4+,Murder,spirit,,1,False,Unknown
Old Forge,New York,-74.9734809,43.7100885,No,1+,Murder,Unknown,,0,False,Dusk
Old Forge,New York,-74.9734809,43.7100885,No,1,Murder,Unknown,,0,False,Dusk
Old Westbury,New York,-73.5995717,40.7887113,No,1,Supernatural,Unknown,,0,False,Dusk
Oneida,New York,-75.65129309999999,43.0925684,Yes,1,Supernatural,Unknown,,0,False,Dusk
Oneida,New York,-75.65129309999999,43.0925684,Yes,2+,Supernatural,figure presence,,2,False,Morning
Orange,New York,-77.03341790000002,42.3401767,Yes,3+,Supernatural,Unknown,,0,False,Dusk
Elkhorn,Wisconsin,-88.5445447,42.6727927,Yes,0,Supernatural,Unknown,,0,False,Evening
Elm Grove,Wisconsin,-88.07897799999999,43.0430678,Yes,0,Death,ghost,,1,False,Evening
Evansville,Wisconsin,-89.2992838,42.7802831,Yes,0,Supernatural,Unknown,,0,False,Unknown
Dearborn,Wisconsin,-89.100571,44.0426761,No,1,Supernatural,ghost,,1,False,Morning
Fifield,Wisconsin,-90.4195725,45.8799113,Yes,1+,Supernatural,shadow orb mist,ectoplasm mist,3,True,Evening
Fifield,Wisconsin,-90.4195725,45.8799113,Yes,0,Unknown,Unknown,,0,False,Unknown
Fifield,Wisconsin,-90.4195725,45.8799113,No,1,Murder,Unknown,,0,False,Dusk
Fifield,Wisconsin,-90.4195725,45.8799113,No,0,Murder,Unknown,,0,False,Dusk
Fond du Lac,Wisconsin,-88.4470508,43.7730448,Yes,1+,Supernatural,Unknown,,0,False,Unknown
Fond Du Lac,Wisconsin,-88.4470508,43.7730448,Yes,4,Supernatural,spirit,,1,False,Dusk
Fond du Lac,Wisconsin,-88.4470508,43.7730448,Yes,0,Murder,apparition,,1,False,Dusk
Fond du Lac,Wisconsin,-88.4470508,43.7730448,Yes,5+,Supernatural,figure,,1,False,Morning
Fond du Lac,Wisconsin,-88.4470508,43.7730448,Yes,0,Suicide,Unknown,,0,False,Dusk
Franklin,Wisconsin,-88.03841949999999,42.888627,Yes,1,Supernatural,apparition,,1,False,Dusk
Genoa,Wisconsin,-91.2242996,43.5766383,Yes,2+,Supernatural,ghost spirit,,2,False,Evening
Germantown,Wisconsin,-88.1103691,43.2286174,Yes,0,Supernatural,Unknown,,0,False,Dusk
Gleason,Wisconsin,-89.4965979,45.3090511,No,1,Supernatural,figure,"large figure, black figure",1,False,Evening
Glenbeulah,Wisconsin,-88.0473179,43.7972157,No,1,Suicide,ghost,,1,False,Unknown
Grafton,Wisconsin,-87.9534226,43.3197265,Yes,1,Supernatural,figure,,1,False,Evening
Green Bay,Wisconsin,-88.019826,44.51915899999999,Yes,3,Supernatural,ghost,,1,False,Evening
Green Bay,Wisconsin,-88.019826,44.51915899999999,Yes,1,Unknown,Unknown,,0,False,Dusk
Green Bay,Wisconsin,-88.019826,44.51915899999999,No,1,Murder,Unknown,,0,False,Dusk
Green Bay,Wisconsin,-88.019826,44.51915899999999,Yes,3+,Supernatural,spirit entity,evil entity,2,False,Unknown
Green Bay,Wisconsin,-88.019826,44.51915899999999,No,1+,Supernatural,Unknown,,0,False,Evening
Green County,Wisconsin,-89.62516459999999,42.6287336,No,0,Murder,Unknown,,0,False,Morning
Green Lake,Wisconsin,-88.96011329999999,43.84414810000001,No,0,Supernatural,shadow orb figure,"other figure, main figure",3,False,Dusk
Orchard Park,New York,-78.7440921,42.7675323,No,1+,Supernatural,spirit,,1,False,Morning
Orchard Park,New York,-78.7440921,42.7675323,Yes,2+,Supernatural,ghost,,1,False,Dusk
Oriskany,New York,-75.3326692,43.1572918,Yes,5+,Natural Disaster,shadow orb figure,,3,False,Dusk
Oswego,New York,-76.5104973,43.4553461,Yes,1+,Unknown,Unknown,,0,False,Evening
Oswego,New York,-76.5104973,43.4553461,No,1,Supernatural,ghost,,1,False,Evening
Oswego,New York,-76.5104973,43.4553461,No,1,Supernatural,ghost,,1,False,Unknown
Oswego,New York,-76.5104973,43.4553461,No,0,Supernatural,ghost,soldier ghost,1,False,Dusk
Oswego,New York,-76.5104973,43.4553461,No,0,Murder,Unknown,,0,False,Unknown
Oswego,New York,-76.5104973,43.4553461,No,1,Supernatural,apparition,,1,False,Dusk
Oswego,New York,-76.5104973,43.4553461,No,0,Murder,ghost,,1,False,Unknown
Ossining,New York,-73.8615246,41.1628731,No,0,Unknown,Unknown,,0,False,Unknown
Ozone Park,New York,-73.8507279,40.6794072,Yes,5+,Supernatural,orb,,1,True,Evening
Oyster Bay,New York,-73.5358541,40.7893778,No,6,Supernatural,ghost spirit shadow entity,"only ghost, same ghost",4,False,Dusk
Ozone Park,New York,-73.8507279,40.6794072,Yes,0,Supernatural,Unknown,,0,False,Dusk
Palmyra,New York,-77.17152279999999,43.0869045,No,3+,Supernatural,Unknown,,0,False,Dusk
Parish,New York,-76.0623979,43.4114873,No,3,Supernatural,Unknown,,0,False,Dusk
Pembroke,New York,-78.4347444,42.9975593,No,1,Supernatural,ghost,,1,False,Dusk
Perkinsville,New York,-77.62832569999999,42.5397896,Yes,4+,Supernatural,ghost figure,white figure,2,False,Evening
Perry,New York,-78.0055618,42.7156175,No,1,Supernatural,figure,white figure,1,False,Unknown
Perrysburg,New York,-79.0079949,42.4809609,No,1,Supernatural,presence,lingering presence,1,False,Dusk
Plattsburgh,New York,-73.4529124,44.6994873,Yes,0,Supernatural,Unknown,,0,False,Unknown
Plattsburgh,New York,-73.4529124,44.6994873,No,2+,Supernatural,Unknown,,0,False,Unknown
Plattsburgh,New York,-73.4529124,44.6994873,Yes,2+,Supernatural,apparition,,1,False,Unknown
Plattsburgh,New York,-73.4529124,44.6994873,No,1,Supernatural,Unknown,,0,False,Dusk
Plattsburgh,New York,-73.4529124,44.6994873,Yes,3+,Supernatural,witch,upper witch,1,False,Evening
Plattsburgh,New York,-73.4529124,44.6994873,No,2,Unknown,Unknown,,0,False,Dusk
Plattsburgh,New York,-73.4529124,44.6994873,Yes,2+,Natural Disaster,Unknown,,0,False,Dusk
Plattsburgh,New York,-73.4529124,44.6994873,No,1,Murder,figure,"long figure, dead figure",1,False,Dusk
Plattsburgh,New York,-73.4529124,44.6994873,Yes,1,Murder,Unknown,,0,False,Dusk
Plattsburgh,New York,-73.4529124,44.6994873,Yes,10+,Supernatural,apparition,,1,False,Dusk
Greenbush,Wisconsin,-88.0839854,43.77666019999999,Yes,2+,Supernatural,Unknown,,0,False,Dusk
Greenfield,Wisconsin,-88.0125865,42.9614039,No,0,Supernatural,Unknown,,0,False,Unknown
Hallie,Wisconsin,-91.3758649,44.8703479,No,0,Supernatural,Unknown,,0,False,Dusk
Hartland,Wisconsin,-88.3420398,43.105008,Yes,1,Supernatural,Unknown,,0,False,Evening
Haugen,Wisconsin,-91.774893,45.6088426,Yes,0,Natural Disaster,Unknown,,0,False,Dusk
Hayward,Wisconsin,-91.4846208,46.0130065,Yes,1+,Supernatural,apparition,,1,False,Dusk
Hilbert,Wisconsin,-88.1639909,44.14026810000001,No,1,Murder,Unknown,,0,False,Unknown
Howard,Wisconsin,-88.08030509999999,44.5623531,No,0,Supernatural,Unknown,,0,False,Dusk
Hubertus,Wisconsin,-88.221674,43.2364366,No,0,Natural Disaster,ghost,,1,False,Evening
Hudson,Wisconsin,-92.7568703,44.9746896,No,1,Supernatural,ghost,,1,False,Evening
Janesville,Wisconsin,-89.0187222,42.6827885,No,0,Supernatural,ghost,,1,False,Unknown
Janesville,Wisconsin,-89.0187222,42.6827885,No,3,Unknown,Unknown,,0,False,Evening
Janesville,Wisconsin,-89.0187222,42.6827885,Yes,2+,Supernatural,spirit,,1,False,Unknown
Jefferson,Wisconsin,-88.8073273,43.0055594,Yes,1,Supernatural,presence,,1,False,Unknown
Jefferson,Wisconsin,-88.8073273,43.0055594,Yes,2+,Supernatural,spirit,,1,False,Unknown
Juneau,Wisconsin,-88.7051037,43.4055504,No,3+,Supernatural,apparition,,1,False,Dusk
Kenosha,Wisconsin,-87.82118539999999,42.5847425,No,0,Supernatural,Unknown,,0,False,Dusk
Kenosha,Wisconsin,-87.82118539999999,42.5847425,Yes,2,Supernatural,Unknown,,0,False,Dusk
Kenosha,Wisconsin,-87.82118539999999,42.5847425,Yes,1,Unknown,Unknown,,0,False,Unknown
Kenosha,Wisconsin,-87.82118539999999,42.5847425,Yes,0,Supernatural,apparition,,1,False,Dusk
Keshena,Wisconsin,-88.6337152,44.88387119999999,No,1,Unknown,Unknown,,0,False,Dusk
Keshena,Wisconsin,-88.6337152,44.88387119999999,No,1,Unknown,Unknown,,0,True,Dusk
Keshena,Wisconsin,-88.6337152,44.88387119999999,No,2,Unknown,Unknown,,0,False,Unknown
Kewaunee,Wisconsin,-87.50313969999999,44.4583321,Yes,5,Supernatural,ghost apparition shadow orb mist presence,"unknown presence, male presence",6,True,Unknown
Kohler,Wisconsin,-87.7817541,43.7391616,Yes,1,Supernatural,Unknown,,0,True,Evening
La Crosse,Wisconsin,-91.2395807,43.8013556,No,1,Supernatural,apparition,,1,False,Dusk
La Crosse,Wisconsin,-91.2395807,43.8013556,No,1,Unknown,Unknown,,0,False,Morning
Port Chester,New York,-73.66568339999999,41.0017643,No,2+,Murder,ghost,,1,False,Dusk
Port Byron,New York,-76.62383430000001,43.0345099,No,2+,Supernatural,Unknown,,0,False,Dusk
Port Washington,New York,-73.69818579999999,40.8256561,Yes,1,Supernatural,Unknown,,0,False,Evening
Potsdam,New York,-74.9813084,44.6697805,No,0,Murder,Unknown,,0,False,Dusk
Poughkeepsie,New York,-73.9209701,41.7003713,No,3,Supernatural,ghost spirit presence,"former ghost, strange presence",3,False,Evening
Poughkeepsie,New York,-73.9209701,41.7003713,No,1,Supernatural,presence,,1,False,Dusk
Poughkeepsie,New York,-73.9209701,41.7003713,No,0,Murder,presence,,1,False,Morning
Poughkeepsie,New York,-73.9209701,41.7003713,Yes,1+,Supernatural,spirit orb,large orb,2,False,Evening
Poughkeepsie,New York,-73.9209701,41.7003713,No,0,Supernatural,spirit,,1,False,Unknown
Providence,New York,-74.05351259999999,43.1060531,Yes,1,Supernatural,Unknown,,0,False,Dusk
Pulteney,New York,-77.16719599999999,42.5250703,No,2+,Natural Disaster,apparition,,1,False,Unknown
Pultneyville,New York,-77.18609289999999,43.2797861,No,0,Supernatural,shadow,,1,False,Dusk
Purchase,New York,-73.7144477,41.0400135,No,0,Murder,Unknown,,0,False,Evening
Putnam,New York,-73.39706129999999,43.7467286,Yes,5+,Supernatural,orb,,1,True,Morning
Queens,New York,-73.7948516,40.7282239,Yes,1,Supernatural,Unknown,,0,False,Unknown
Queens,New York,-73.7948516,40.7282239,No,1,Supernatural,ghost,,1,False,Dusk
Queens,New York,-73.7948516,40.7282239,Yes,5+,Suicide,ghost,,1,False,Evening
Queens,New York,-73.7948516,40.7282239,No,1,Supernatural,Unknown,,0,False,Dusk
Queens,New York,-73.7948516,40.7282239,Yes,0,Supernatural,Unknown,,0,False,Unknown
Raquette Lake,New York,-74.6573899,43.8131196,No,1,Unknown,Unknown,,0,False,Evening
Raxbury,New York,-74.5697617,42.3001868,No,0,Unknown,Unknown,,0,False,Dusk
Lac du Flambeau,Wisconsin,-89.88418329999999,45.9419533,Yes,3+,Unknown,Unknown,,0,False,Unknown
Ladysmith,Wisconsin,-91.1040358,45.4630231,No,2+,Murder,ghost,,1,False,Dusk
Lake Delton,Wisconsin,-89.7937357,43.6010909,No,2+,Supernatural,Unknown,,0,False,Dusk
Lake Geneva,Wisconsin,-88.4334301,42.5916836,Yes,0,Unknown,Unknown,,0,False,Dusk
Lake Geneva,Wisconsin,-88.4334301,42.5916836,Yes,3+,Murder,ghost shadow mist,many ghost,3,False,Dusk
Land o lakes,Wisconsin,-89.2173057,46.1620081,No,0,Supernatural,Unknown,,0,False,Dusk
Langland,Wisconsin,-91.7530623,45.7532368,No,2,Suicide,shadow,,1,False,Morning
Lowell,Wisconsin,-88.8170497,43.3402719,No,1,Unknown,Unknown,,0,False,Dusk
Madison,Wisconsin,-89.4012302,43.0730517,Yes,2+,Supernatural,shadow,,1,False,Unknown
Madison,Wisconsin,-89.4012302,43.0730517,Yes,3+,Supernatural,Unknown,,0,False,Unknown
Madison,Wisconsin,-89.4012302,43.0730517,No,2+,Supernatural,ghost,,1,False,Dusk
Madison,Wisconsin,-89.4012302,43.0730517,No,1,Supernatural,Unknown,,0,False,Dusk
Madison,Wisconsin,-89.4012302,43.0730517,No,0,Death,Unknown,,0,False,Unknown
Madison,Wisconsin,-89.4012302,43.0730517,No,0,Supernatural,Unknown,,0,False,Dusk
Madison,Wisconsin,-89.4012302,43.0730517,Yes,0,Supernatural,Unknown,,0,False,Dusk
Manitowoc,Wisconsin,-87.657584,44.0886059,Yes,4,Murder,Unknown,,0,False,Dusk
Manitowoc,Wisconsin,-87.657584,44.0886059,No,1,Suicide,Unknown,,0,False,Dusk
Manitowoc,Wisconsin,-87.657584,44.0886059,No,1+,Unknown,Unknown,,0,False,Dusk
Manitowoc,Wisconsin,-87.657584,44.0886059,No,0,Supernatural,spirit apparition,,2,False,Unknown
Manitowoc,Wisconsin,-87.657584,44.0886059,Yes,3+,Supernatural,Unknown,,0,False,Dusk
Manitowoc,Wisconsin,-87.657584,44.0886059,Yes,0,Supernatural,apparition,,1,False,Dusk
Maribel,Wisconsin,-87.8073129,44.276383,Yes,5+,Murder,Unknown,,0,False,Evening
Meridian,Wisconsin,-89.5391715,43.1001263,No,0,Suicide,Unknown,,0,False,Dusk
Marinette County,Wisconsin,-88.0649606,45.3581961,Yes,2+,Murder,orb,,1,True,Unknown
Marshfield,Wisconsin,-90.1717987,44.6688524,No,0,Murder,Unknown,,0,False,Dusk
McFarland,Wisconsin,-89.2898397,43.0124984,Yes,3+,Supernatural,Unknown,,0,False,Unknown
Menasha,Wisconsin,-88.44649729999999,44.2022084,No,4,Unknown,Unknown,,0,False,Dusk
Menasha,Wisconsin,-88.44649729999999,44.2022084,No,0,Unknown,Unknown,,0,False,Evening
Menomonie,Wisconsin,-91.9193422,44.8755183,No,5+,Supernatural,ghost spirit,,2,False,Unknown
Menomonee Falls,Wisconsin,-88.1173132,43.1788967,No,0,Supernatural,presence,,1,False,Dusk
Menomonee Falls,Wisconsin,-88.1173132,43.1788967,Yes,3+,Unknown,Unknown,,0,False,Unknown
Red Creek,New York,-76.72356359999999,43.24728899999999,Yes,1,Murder,Unknown,,0,False,Dusk
Rhinebeck,New York,-73.90743719999999,41.9318294,Yes,1,Supernatural,ghost presence,,2,False,Evening
Rochester,New York,-77.6109219,43.16103,Yes,1+,Supernatural,Unknown,,0,False,Dusk
Rochester,New York,-77.6109219,43.16103,No,0,Murder,Unknown,,0,False,Unknown
Rochester,New York,-77.6109219,43.16103,No,3+,Supernatural,Unknown,,0,False,Evening
Rochester,New York,-77.6109219,43.16103,No,1,Supernatural,apparition figure,,2,False,Dusk
Rochester,New York,-77.6109219,43.16103,Yes,1,Supernatural,figure,,1,False,Morning
Rochester,New York,-77.6109219,43.16103,No,1+,Supernatural,Unknown,,0,False,Dusk
Rochester,New York,-77.6109219,43.16103,No,1+,Supernatural,ghost,,1,False,Evening
Rome,New York,-75.4557303,43.2128473,No,1,Supernatural,apparition figure,ghostly apparition,2,False,Dusk
Rome,New York,-75.4557303,43.2128473,Yes,4,Supernatural,Unknown,,0,False,Morning
Rome,New York,-75.4557303,43.2128473,No,0,Supernatural,ghost,,1,False,Evening
Rome,New York,-75.4557303,43.2128473,No,0,Supernatural,spirit,,1,False,Dusk
Sackets Harbor,New York,-76.1190929,43.9461707,No,1,Unknown,Unknown,,0,False,Evening
Sackets Harbor,New York,-76.1190929,43.9461707,No,1,Unknown,Unknown,,0,False,Unknown
Sackets Harbor,New York,-76.1190929,43.9461707,No,0,Supernatural,Unknown,,0,False,Dusk
Saratoga Springs,New York,-73.7845651,43.0831301,Yes,1,Supernatural,Unknown,,0,False,Evening
Saratoga Springs,New York,-73.7845651,43.0831301,No,0,Supernatural,Unknown,,0,False,Dusk
Saratoga Springs,New York,-73.7845651,43.0831301,No,1,Supernatural,Unknown,,0,False,Evening
Sauquoit,New York,-75.26004379999999,43.0041276,No,1,Murder,ghost,,1,False,Evening
Scarborough,New York,-73.8584688,41.135929,Yes,2+,Supernatural,spirit mist,,2,False,Unknown
Menomonee Falls,Wisconsin,-88.1173132,43.1788967,Yes,0,Supernatural,Unknown,,0,False,Evening
Mequon,Wisconsin,-88.0314174,43.2159232,No,3+,Supernatural,figure,ghostly figure,1,False,Dusk
Merrill,Wisconsin,-89.683459,45.1805223,No,0,Suicide,ghost,,1,False,Dusk
Merrill,Wisconsin,-89.683459,45.1805223,No,1,Supernatural,Unknown,,0,False,Dusk
Milton,Wisconsin,-88.94399899999999,42.7755645,No,1,Natural Disaster,figure,,1,False,Dusk
Milwaukee,Wisconsin,-87.9064736,43.0389025,No,0,Unknown,Unknown,,0,False,Dusk
Milwaukee,Wisconsin,-87.9064736,43.0389025,Yes,1+,Supernatural,spirit,,1,False,Dusk
Milwaukee,Wisconsin,-87.9064736,43.0389025,No,0,Murder,Unknown,,0,False,Morning
Milwaukee,Wisconsin,-87.9064736,43.0389025,No,3,Supernatural,figure,"small figure, dark figure",1,False,Unknown
Milwaukee,Wisconsin,-87.9064736,43.0389025,No,1,Unknown,mist,thick mist,1,True,Evening
Milwaukee,Wisconsin,-87.9064736,43.0389025,Yes,1+,Supernatural,Unknown,,0,False,Evening
Milwaukee,Wisconsin,-87.9064736,43.0389025,Yes,5+,Supernatural,ghost spirit,,2,True,Dusk
Milwaukee,Wisconsin,-87.9064736,43.0389025,No,1+,Supernatural,spirit,,1,False,Unknown
Milwaukee,Wisconsin,-87.9064736,43.0389025,No,3+,Supernatural,poltergeist,,1,False,Morning
Milwaukee,Wisconsin,-87.9064736,43.0389025,Yes,0,Supernatural,ghost,,1,False,Evening
Milwaukee,Wisconsin,-87.9064736,43.0389025,No,0,Murder,Unknown,,0,False,Evening
Milwaukee,Wisconsin,-87.9064736,43.0389025,No,2+,Supernatural,figure,,1,False,Evening
Milwaukee,Wisconsin,-87.9064736,43.0389025,Yes,1,Murder,Unknown,,0,False,Dusk
Milwaukee,Wisconsin,-87.9064736,43.0389025,No,1,Unknown,Unknown,,0,False,Dusk
Milwaukee,Wisconsin,-87.9064736,43.0389025,Yes,3+,Supernatural,ghost apparition presence,,3,False,Evening
Milwaukee,Wisconsin,-87.9064736,43.0389025,No,0,Supernatural,spirit,,1,False,Unknown
Milwaukee,Wisconsin,-87.9064736,43.0389025,Yes,2+,Murder,apparition mist,possible apparition,2,False,Dusk
Milwaukee,Wisconsin,-87.9064736,43.0389025,Yes,5,Supernatural,Unknown,,0,False,Dusk
Milwaukee,Wisconsin,-87.9064736,43.0389025,Yes,2+,Supernatural,phantom,,1,False,Dusk
Milwaukee,Wisconsin,-87.9064736,43.0389025,Yes,1,Unknown,Unknown,,0,False,Dusk
Milwaukee,Wisconsin,-87.9064736,43.0389025,Yes,0,Supernatural,Unknown,,0,False,Morning
Milwaukee,Wisconsin,-87.9064736,43.0389025,No,6,Supernatural,spirit poltergeist presence,,3,False,Dusk
Mineral Point,Wisconsin,-90.1798473,42.859997,No,3+,Supernatural,Unknown,,0,False,Dusk
Minocqua,Wisconsin,-89.8847965,45.789963,No,1+,Unknown,Unknown,,0,False,Dusk
Monroe,Wisconsin,-89.6384532,42.60111939999999,No,1,Supernatural,apparition shadow presence,,3,False,Dusk
Schenectady,New York,-73.9395687,42.8142432,No,0,Suicide,Unknown,,0,False,Dusk
Schenectady,New York,-73.9395687,42.8142432,No,1,Supernatural,presence,,1,False,Dusk
Schenectady,New York,-73.9395687,42.8142432,No,0,Supernatural,spirit,,1,False,Dusk
Schenectady,New York,-73.9395687,42.8142432,Yes,1+,Supernatural,apparition,,1,False,Evening
Schenectady,New York,-73.9395687,42.8142432,No,5+,Supernatural,ghost spirit,open spirit,2,False,Unknown
Seneca,New York,-77.0794705,42.8466914,No,1+,Supernatural,Unknown,,0,False,Dusk
Seneca Falls,New York,-76.79135579999999,42.9187636,No,1,Supernatural,ghost,"friendly ghost, practical ghost",1,False,Evening
Seneca Lake,New York,-76.92019200000001,42.6918497,No,0,Unknown,Unknown,,0,False,Dusk
Sherrill,New York,-75.5982353,43.0736798,No,0,Supernatural,Unknown,,0,False,Dusk
Shirley,New York,-72.8676033,40.8014876,No,0,Supernatural,Unknown,,0,False,Evening
Shirley,New York,-72.8676033,40.8014876,Yes,0,Supernatural,ghost,unknown ghost,1,False,Unknown
Smithtown,New York,-73.2006687,40.8559314,No,5+,Unknown,Unknown,,0,False,Unknown
Springville,New York,-78.6672482,42.5083952,No,0,Supernatural,Unknown,,0,False,Evening
Staten Island,New York,-74.1502007,40.5795317,Yes,2,Supernatural,Unknown,,0,False,Dusk
Staten Island,New York,-74.1502007,40.5795317,No,2+,Supernatural,spirit figure,,2,False,Unknown
Staten Island,New York,-74.1502007,40.5795317,Yes,1,Murder,ghost spirit specter,,3,False,Dusk
Staten Island,New York,-74.1502007,40.5795317,Yes,1,Murder,apparition,,1,False,Morning
Staten Island,New York,-74.1502007,40.5795317,No,0,Supernatural,ghost apparition,,2,False,Dusk
Staten Island,New York,-74.1502007,40.5795317,No,0,Supernatural,Unknown,,0,False,Evening
Staten Island,New York,-74.1502007,40.5795317,No,1+,Supernatural,figure,,1,False,Dusk
Staten Island,New York,-74.1502007,40.5795317,Yes,1,Supernatural,Unknown,,0,False,Dusk
Staten island,New York,-74.1502007,40.5795317,No,4+,Death,ghost,"mysterious ghost, soldier ghost",1,False,Dusk
Staten Island,New York,-74.1502007,40.5795317,Yes,1,Supernatural,apparition,,1,False,Dusk
Staten Island,New York,-74.1502007,40.5795317,No,0,Murder,spirit,,1,False,Evening
Staten Island,New York,-74.1502007,40.5795317,No,3+,Supernatural,spirit apparition,,2,False,Dusk
Staten Island,New York,-74.1502007,40.5795317,No,3,Supernatural,spirit apparition,,2,False,Dusk
Staten Island,New York,-74.1502007,40.5795317,No,2+,Murder,spirit,restless spirit,1,False,Dusk
Staten Island,New York,-74.1502007,40.5795317,No,1,Supernatural,spirit,,1,False,Dusk
Staten Island,New York,-74.1502007,40.5795317,No,0,Unknown,Unknown,,0,True,Unknown
Mukwonago,Wisconsin,-88.33342739999999,42.8666803,No,3,Supernatural,ghost,,1,False,Dusk
Mukwonago,Wisconsin,-88.33342739999999,42.8666803,Yes,2+,Supernatural,Unknown,,0,False,Dusk
Nekoosa,Wisconsin,-89.9042937,44.3124644,No,3,Supernatural,Unknown,,0,False,Evening
New Richmond,Wisconsin,-92.5365865,45.1230213,No,1,Supernatural,ghost,,1,True,Evening
Oak Creek,Wisconsin,-87.8631362,42.8858503,No,0,Murder,Unknown,,0,False,Dusk
Oak Creek,Wisconsin,-87.8631362,42.8858503,No,0,Murder,ghost,many ghost,1,False,Morning
Oak Creek,Wisconsin,-87.8631362,42.8858503,No,1+,Supernatural,Unknown,,0,False,Dusk
Ojibwa,Wisconsin,-91.1168291,45.7980162,Yes,1,Supernatural,ghost shadow figure,male figure,3,True,Evening
Oconomowoc,Wisconsin,-88.4992659,43.1116731,No,0,Supernatural,Unknown,,0,False,Evening
Oconomowoc,Wisconsin,-88.4992659,43.1116731,No,0,Unknown,Unknown,,0,False,Evening
Oconomowoc,Wisconsin,-88.4992659,43.1116731,No,0,Suicide,Unknown,,0,False,Dusk
Oneida,Wisconsin,-88.22664340000001,44.4799393,Yes,2,Supernatural,apparition,,1,False,Dusk
Oostburg,Wisconsin,-87.7945323,43.62277479999999,No,1,Supernatural,Unknown,,0,False,Evening
Oshkosh,Wisconsin,-88.5426136,44.0247062,No,3,Supernatural,ghost,,1,False,Evening
Oshkosh,Wisconsin,-88.5426136,44.0247062,Yes,3+,Murder,Unknown,,0,False,Dusk
Oshkosh,Wisconsin,-88.5426136,44.0247062,No,0,Suicide,shadow,strange shadow,1,False,Dusk
Outagamie,Wisconsin,-88.4016041,44.4636545,No,0,Supernatural,ghost,,1,False,Unknown
Park Falls,Wisconsin,-90.4415527,45.9343981,No,2+,Supernatural,spirit,,1,False,Evening
Phillips,Wisconsin,-90.4004296,45.6966257,No,2+,Supernatural,spirit demon,,2,False,Evening
Pipe,Wisconsin,-88.31542689999999,43.9134184,No,1,Murder,Unknown,,0,False,Unknown
Plainfield,Wisconsin,-89.4923422,44.2138617,No,1,Murder,Unknown,,0,False,Dusk
Plover,Wisconsin,-89.5440069,44.4563579,Yes,1,Supernatural,presence,,1,False,Dusk
Plymouth,Wisconsin,-87.9770379,43.7486054,Yes,3,Unknown,Unknown,,0,False,Dusk
Portage,Wisconsin,-89.46262019999999,43.5391486,No,1,Death,Unknown,,0,False,Dusk
Prairie Du Chien,Wisconsin,-91.1412404,43.0516505,No,1+,Supernatural,ghost,,1,False,Dusk
Portage,Wisconsin,-89.46262019999999,43.5391486,No,2+,Supernatural,shadow,,1,False,Dusk
Portage,Wisconsin,-89.46262019999999,43.5391486,No,1,Supernatural,Unknown,,0,True,Morning
Potosi,Wisconsin,-90.7120713,42.6894392,No,1+,Murder,Unknown,,0,False,Evening
Racine,Wisconsin,-87.78285230000002,42.7261309,No,0,Supernatural,figure,strange figure,1,False,Unknown
Staten Island,New York,-74.1502007,40.5795317,No,1,Unknown,Unknown,,0,False,Unknown
Staten Island,New York,-74.1502007,40.5795317,Yes,3+,Murder,phantom,,1,False,Dusk
St. Bonaventure,New York,-78.48288219999999,42.0784113,Yes,3+,Supernatural,ghost,,1,False,Dusk
Stillwater,New York,-73.6771662,42.9759856,No,0,Supernatural,orb,green orb,1,False,Dusk
Stony Brook,New York,-73.1409429,40.9256538,No,0,Supernatural,ghost presence,,2,False,Morning
Stony Brook,New York,-73.1409429,40.9256538,No,1,Unknown,Unknown,,0,False,Dusk
Steuben,New York,-75.2829465,43.3200694,No,0,Unknown,Unknown,,0,False,Dusk
Steuben,New York,-75.2829465,43.3200694,No,0,Supernatural,Unknown,,0,False,Unknown
Strykersville,New York,-78.4483532,42.7050607,Yes,3+,Supernatural,shadow,,1,False,Dusk
Suffolk County,New York,-72.61511689999999,40.9848784,Yes,1,Murder,Unknown,,0,False,Evening
Sunnyside,New York,-73.9196324,40.7432759,No,0,Supernatural,ghost,,1,False,Evening
Sylvan Beach,New York,-75.730463,43.1964576,Yes,2+,Supernatural,Unknown,,0,False,Evening
Sylvan Beach,New York,-75.730463,43.1964576,Yes,1,Unknown,Unknown,,0,False,Dusk
Sylvan Beach,New York,-75.730463,43.1964576,No,2,Supernatural,ghost,,1,False,Evening
Syracuse,New York,-76.14742439999999,43.0481221,No,1,Murder,Unknown,,0,False,Dusk
Syracuse,New York,-76.14742439999999,43.0481221,No,1,Natural Disaster,spirit,,1,False,Evening
Syracuse,New York,-76.14742439999999,43.0481221,Yes,3+,Supernatural,shadow,,1,False,Evening
Syracuse,New York,-76.14742439999999,43.0481221,No,0,Supernatural,apparition,,1,False,Evening
Syracuse,New York,-76.14742439999999,43.0481221,No,0,Death,spirit,,1,False,Dusk
Syracuse,New York,-76.14742439999999,43.0481221,No,0,Unknown,Unknown,,0,False,Evening
Syracuse,New York,-76.14742439999999,43.0481221,No,1,Supernatural,apparition,"strange apparition, white apparition",1,False,Evening
Tarrytown,New York,-73.85874609999999,41.0762077,No,0,Supernatural,ghost spirit,,2,False,Evening
Tonawanda,New York,-78.880315,43.0203347,No,1,Supernatural,orb,,1,False,Unknown
Tonawanda,New York,-78.880315,43.0203347,No,0,Murder,Unknown,,0,False,Evening
Tonawanda,New York,-78.880315,43.0203347,No,2+,Supernatural,presence,unexplained presence,1,False,Unknown
Racine,Wisconsin,-87.78285230000002,42.7261309,No,3,Supernatural,figure,black figure,1,False,Morning
Racine,Wisconsin,-87.78285230000002,42.7261309,No,0,Unknown,Unknown,,0,False,Evening
Racine,Wisconsin,-87.78285230000002,42.7261309,No,0,Death,Unknown,,0,False,Unknown
Racine,Wisconsin,-87.78285230000002,42.7261309,Yes,1,Supernatural,Unknown,,0,False,Unknown
Racine,Wisconsin,-87.78285230000002,42.7261309,No,3+,Murder,shadow,,1,False,Dusk
Racine,Wisconsin,-87.78285230000002,42.7261309,No,2,Supernatural,Unknown,,0,False,Dusk
Racine,Wisconsin,-87.78285230000002,42.7261309,Yes,1,Supernatural,Unknown,,0,False,Unknown
Racine,Wisconsin,-87.78285230000002,42.7261309,No,1+,Supernatural,Unknown,,0,False,Dusk
Readfield,Wisconsin,-88.76983229999999,44.2724807,No,0,Supernatural,spirit,,1,False,Dusk
Rhinelander,Wisconsin,-89.4120753,45.6366228,Yes,0,Supernatural,ghost,,1,False,Dusk
Rhinelander,Wisconsin,-89.4120753,45.6366228,Yes,1,Supernatural,Unknown,,0,False,Unknown
Rib Lake,Wisconsin,-90.2084785,45.3174662,Yes,1,Murder,Unknown,,0,False,Evening
Ripon,Wisconsin,-88.8359447,43.8422049,No,1,Supernatural,ghost,,1,False,Evening
Ripon,Wisconsin,-88.8359447,43.8422049,Yes,2+,Murder,spirit,,1,False,Dusk
Rock Island,Wisconsin,-86.8290684,45.4093373,No,2,Supernatural,phantom,,1,False,Dusk
Rosendale,Wisconsin,-88.674832,43.8077629,No,1+,Supernatural,witch,,1,False,Dusk
Rusk,Wisconsin,-91.8340623,44.9077399,No,2+,Supernatural,ghost,,1,False,Morning
Saint Nazianz,Wisconsin,-87.9223147,44.0080486,Yes,0,Suicide,Unknown,,0,False,Evening
Saint Nazianz,Wisconsin,-87.9223147,44.0080486,Yes,0,Murder,Unknown,,0,False,Dusk
Shawano,Wisconsin,-88.60899169999999,44.7822064,No,1,Supernatural,Unknown,,0,False,Evening
Shawano,Wisconsin,-88.60899169999999,44.7822064,Yes,3,Supernatural,Unknown,,0,False,Evening
Sheboygan,Wisconsin,-87.71453,43.7508284,No,0,Supernatural,Unknown,,0,False,Evening
Sheboygan,Wisconsin,-87.71453,43.7508284,No,1,Suicide,Unknown,,0,False,Dusk
Sheboygan,Wisconsin,-87.71453,43.7508284,No,1,Supernatural,figure,,1,False,Unknown
Sheboygan,Wisconsin,-87.71453,43.7508284,Yes,0,Murder,Unknown,,0,False,Evening
Sheboygan,Wisconsin,-87.71453,43.7508284,Yes,0,Unknown,Unknown,,0,False,Dusk
Sheboygan Falls,Wisconsin,-87.8106439,43.7291617,No,0,Unknown,Unknown,,0,False,Dusk
South Milwaukee,Wisconsin,-87.8606367,42.9105722,Yes,1,Unknown,Unknown,,0,False,Dusk
Spooner,Wisconsin,-91.8893431,45.8224475,Yes,5+,Supernatural,Unknown,,0,False,Dusk
Stevens Point,Wisconsin,-89.574563,44.52357920000001,No,1,Murder,figure,"bloody figure, bride figure",1,False,Evening
Troy,New York,-73.69178509999999,42.7284117,No,1,Supernatural,ghost,,1,True,Unknown
Troy,New York,-73.69178509999999,42.7284117,No,1,Unknown,Unknown,,0,False,Unknown
Troy,New York,-73.69178509999999,42.7284117,No,2+,Murder,ghost,,1,False,Dusk
Troy,New York,-73.69178509999999,42.7284117,No,1,Supernatural,orb,green orb,1,False,Dusk
Troy,New York,-73.69178509999999,42.7284117,No,0,Supernatural,Unknown,,0,False,Dusk
Troy,New York,-73.69178509999999,42.7284117,No,0,Supernatural,Unknown,,0,False,Dusk
Troy,New York,-73.69178509999999,42.7284117,No,1,Natural Disaster,ghost,,1,False,Dusk
Utica,New York,-75.232664,43.100903,No,1,Unknown,Unknown,,0,False,Dusk
Utica,New York,-75.232664,43.100903,No,1,Murder,Unknown,,0,False,Evening
Utica,New York,-75.232664,43.100903,No,0,Unknown,Unknown,,0,False,Unknown
Utica,New York,-75.232664,43.100903,No,1,Supernatural,spirit,,1,False,Dusk
Utica,New York,-75.232664,43.100903,No,1,Murder,ghost,,1,False,Dusk
Valley Stream,New York,-73.70846449999999,40.6642699,No,1,Murder,Unknown,,0,False,Dusk
Valley Stream,New York,-73.70846449999999,40.6642699,No,1,Supernatural,Unknown,,0,False,Unknown
Victor,New York,-77.4088794,42.9825633,No,1+,Unknown,witch,,1,False,Dusk
Victor,New York,-77.4088794,42.9825633,No,1,Murder,Unknown,,0,False,Evening
Victor,New York,-77.4088794,42.9825633,No,1,Supernatural,spirit,,1,False,Dusk
Victor,New York,-77.4088794,42.9825633,No,2+,Murder,apparition shadow,,2,False,Dusk
Wallkill,New York,-74.3822058,41.498671,No,2,Supernatural,Unknown,,0,False,Dusk
Wallkill,New York,-74.3822058,41.498671,Yes,1,Unknown,Unknown,,0,False,Evening
Wallkill,New York,-74.3822058,41.498671,Yes,2+,Supernatural,figure,,1,False,Dusk
Warwick,New York,-73.97836,40.76242999999999,Yes,2+,Murder,Unknown,,0,False,Unknown
Warwick,New York,-73.97836,40.76242999999999,No,0,Supernatural,Unknown,,0,False,Evening
Washingtonville,New York,-74.1659798,41.4278716,Yes,2+,Supernatural,Unknown,,0,False,Dusk
Watkins Glen,New York,-76.8732921,42.3806287,No,0,Unknown,Unknown,,0,False,Morning
Westchester,New York,-73.7948516,41.1220194,No,0,Murder,spirit,,1,False,Unknown
Westchester,New York,-73.7948516,41.1220194,Yes,0,Supernatural,spirit,,1,False,Morning
Wappinger Falls,New York,-73.91096999999999,41.5964825,No,1,Suicide,Unknown,,0,False,Dusk
Stevens Point,Wisconsin,-89.574563,44.52357920000001,No,1,Supernatural,ghost,,1,False,Dusk
Stockbridge,Wisconsin,-88.2989947,44.07165579999999,No,1,Unknown,Unknown,,0,False,Dusk
Stoughton,Wisconsin,-89.21789369999999,42.91694620000001,No,2+,Murder,ghost phantom imp,,3,False,Dusk
Stoughton,Wisconsin,-89.21789369999999,42.91694620000001,No,0,Unknown,Unknown,,0,False,Morning
Strum,Wisconsin,-91.3926578,44.5496859,Yes,1,Supernatural,shadow,,1,False,Evening
Superior,Wisconsin,-92.1040796,46.7207737,No,3+,Murder,ghost spirit,,2,False,Evening
Tomahawk,Wisconsin,-89.7298594,45.4710792,Yes,1,Supernatural,shadow orb figure,,3,False,Unknown
Walworth,Wisconsin,-88.5995456,42.5311279,No,0,Supernatural,Unknown,,0,False,Dusk
Wauwatosa,Wisconsin,-88.0075875,43.0494572,No,0,Natural Disaster,Unknown,,0,False,Dusk
Wascott,Wisconsin,-91.8510151,46.21335380000001,Yes,1,Supernatural,Unknown,,0,False,Unknown
Washington Island,Wisconsin,-86.90730239999999,45.3798154,No,0,Unknown,Unknown,,0,False,Morning
Washington Island,Wisconsin,-86.90730239999999,45.3798154,No,3,Supernatural,Unknown,,0,False,Unknown
Waterford,Wisconsin,-88.2142563,42.7630722,Yes,3+,Murder,apparition,,1,False,Unknown
Waukesha,Wisconsin,-88.2314813,43.0116784,No,1,Supernatural,Unknown,,0,False,Evening
Waukesha,Wisconsin,-88.2314813,43.0116784,No,2+,Unknown,Unknown,,0,False,Unknown
Waukesha,Wisconsin,-88.2314813,43.0116784,Yes,2+,Unknown,Unknown,,0,False,Evening
Waukesha,Wisconsin,-88.2314813,43.0116784,No,3,Supernatural,Unknown,,0,False,Unknown
Waupaca,Wisconsin,-89.0859464,44.3580348,No,2+,Supernatural,presence,,1,False,Evening
Watertown,New York,-75.91075649999999,43.9747838,No,0,Unknown,Unknown,,0,False,Dusk
Waterville,New York,-75.3798924,42.931181,No,0,Supernatural,spirit,,1,False,Evening
Wales,New York,-78.54337009999999,42.7349683,No,3+,Supernatural,apparition mist,,2,False,Dusk
Waverly,New York,-76.5271659,42.0103519,Yes,5+,Unknown,Unknown,,0,False,Morning
Wayne,New York,-77.1055262,42.4709046,No,0,Murder,Unknown,,0,False,Dusk
Wayne,New York,-77.1055262,42.4709046,Yes,0,Supernatural,apparition,,1,False,Unknown
West Babylon,New York,-73.354287,40.718155,No,1,Supernatural,ghost,,1,False,Dusk
West Babylon,New York,-73.354287,40.718155,No,2+,Natural Disaster,Unknown,,0,False,Dusk
West Hempstead,New York,-73.65012949999999,40.7048242,Yes,5+,Supernatural,Unknown,,0,False,Unknown
West Islip,New York,-73.3062302,40.7062104,Yes,0,Murder,Unknown,,0,False,Evening
Westfield,New York,-79.5781027,42.32228,No,2,Supernatural,spirit shadow,white shadow,2,False,Dusk
Whitehall,New York,-73.3944466,43.537137,No,2+,Supernatural,apparition,,1,False,Evening
Whitesboro,New York,-75.2915557,43.1220141,No,0,Unknown,Unknown,,0,False,Evening
Wingdale,New York,-73.5667744,41.6465446,No,0,Unknown,Unknown,,0,False,Dusk
Woodgate,New York,-75.1548888,43.5203464,No,3+,Death,ghost apparition,,2,False,Dusk
Wynantskill,New York,-73.644284,42.6967455,No,1,Unknown,Unknown,,0,False,Dusk
Wyoming County,New York,-78.2020387,42.64205200000001,No,1+,Supernatural,apparition,,1,False,Evening
Yonkers,New York,-73.89874689999999,40.9312099,Yes,3+,Unknown,Unknown,,0,False,Unknown
Yonkers,New York,-73.89874689999999,40.9312099,No,3,Unknown,Unknown,,0,False,Dusk
Yonkers,New York,-73.89874689999999,40.9312099,No,2+,Unknown,Unknown,,0,False,Dusk
Youngstown,New York,-79.0500466,43.24727679999999,No,5+,Supernatural,Unknown,,0,False,Evening
Wausau,Wisconsin,-89.6301221,44.9591352,No,2+,Supernatural,Unknown,,0,False,Unknown
Wausau,Wisconsin,-89.6301221,44.9591352,No,2+,Unknown,Unknown,,0,False,Evening
Wausau,Wisconsin,-89.6301221,44.9591352,Yes,2+,Supernatural,ghost,,1,False,Evening
Wauwatosa,Wisconsin,-88.0075875,43.0494572,Yes,3+,Supernatural,spirit,,1,False,Dusk
Wauwatosa,Wisconsin,-88.0075875,43.0494572,No,3+,Supernatural,spirit figure,,2,False,Unknown
West Allis,Wisconsin,-88.0070315,43.0166806,Yes,3+,Supernatural,ghost,,1,False,Dusk
West Allis,Wisconsin,-88.0070315,43.0166806,Yes,2+,Supernatural,Unknown,,0,False,Dusk
West Bend,Wisconsin,-88.1834277,43.4252776,Yes,2+,Supernatural,Unknown,,0,False,Evening
West Bend,Wisconsin,-88.1834277,43.4252776,Yes,1,Unknown,Unknown,,0,False,Dusk
West De Pere,Wisconsin,-88.07538070000001,44.445547,Yes,1,Supernatural,orb presence,bad presence,2,False,Unknown
Westby,Wisconsin,-90.8542977,43.6569157,Yes,1,Murder,ghost,,1,False,Morning
Weyauwega,Wisconsin,-88.9337226,44.3213695,No,2,Murder,orb,,1,True,Unknown
Whitefish Bay,Wisconsin,-87.9000856,43.1133444,No,1+,Murder,Unknown,,0,False,Dusk
Whitelaw,Wisconsin,-87.8214788,44.144716,Yes,2+,Unknown,Unknown,,0,False,Dusk
Whitewater,Wisconsin,-88.7323272,42.83362049999999,Yes,0,Supernatural,ghost,,1,False,Evening
Whitewater,Wisconsin,-88.7323272,42.83362049999999,Yes,3+,Supernatural,figure,,1,False,Unknown
Whitewater,Wisconsin,-88.7323272,42.83362049999999,Yes,1,Supernatural,presence,,1,False,Dusk
Whitewater,Wisconsin,-88.7323272,42.83362049999999,No,1,Supernatural,ghost,,1,False,Evening
Whitewater,Wisconsin,-88.7323272,42.83362049999999,No,1,Supernatural,Unknown,,0,False,Unknown
Wild Rose,Wisconsin,-89.2490064,44.1785884,No,2,Supernatural,Unknown,,0,False,Dusk
Wisconsin Dells,Wisconsin,-89.7709579,43.6274794,Yes,3+,Supernatural,Unknown,,0,False,Morning
Wisconsin Rapids,Wisconsin,-89.8173465,44.38357630000001,Yes,3,Supernatural,apparition,,1,False,Dusk
Wisconsin Rapids,Wisconsin,-89.8173465,44.38357630000001,No,0,Murder,Unknown,,0,False,Dusk
Wood County,Wisconsin,-90.0746767,44.4747774,No,2+,Supernatural,figure,dark figure,1,False,Dusk
Zoar,Wisconsin,-88.8989969,45.0149721,No,1,Supernatural,Unknown,,0,False,Unknown
Ackley,Iowa,-93.0529775,42.55553400000001,No,0,Unknown,Unknown,,0,False,Dusk
Algona,Iowa,-94.233019,43.0699663,No,1+,Supernatural,figure,,1,False,Evening
Algona,Iowa,-94.233019,43.0699663,No,2+,Murder,Unknown,,0,False,Unknown
Alton,Iowa,-96.0105735,42.9874869,No,0,Suicide,Unknown,,0,False,Dusk
Ames,Iowa,-93.6319131,42.0307812,Yes,1+,Supernatural,ghost presence,low presence,2,False,Dusk
Ames,Iowa,-93.6319131,42.0307812,Yes,0,Supernatural,figure,,1,False,Dusk
Anamosa,Iowa,-91.2851594,42.1083371,No,1+,Supernatural,orb figure,,2,False,Dusk
Appanoose,Iowa,-92.8577105,40.6806102,Yes,1,Unknown,Unknown,,0,False,Unknown
Avon,Iowa,-93.5232701,41.52860099999999,No,1,Supernatural,apparition,,1,False,Unknown
Bertram,Iowa,-91.5354538,41.9497259,No,1,Supernatural,Unknown,,0,False,Evening
Bloomfield,Iowa,-92.4149074,40.75168840000001,Yes,1+,Supernatural,shadow,,1,False,Evening
Boone,Iowa,-93.8802273,42.0597047,Yes,1,Unknown,Unknown,,0,False,Evening
Boone,Iowa,-93.8802273,42.0597047,No,1+,Supernatural,ghost specter,,2,False,Evening
Boone,Iowa,-93.8802273,42.0597047,Yes,2+,Supernatural,apparition,,1,False,Unknown
Buckeye,Iowa,-93.3756168,42.4173398,No,1,Supernatural,Unknown,,0,False,Dusk
Burlington,Iowa,-91.1128901,40.8076529,Yes,2,Supernatural,Unknown,,0,False,Evening
Burlington,Iowa,-91.1128901,40.8076529,No,1,Supernatural,ghost,,1,False,Dusk
Carroll County,Iowa,-94.8105955,42.0566912,No,0,Unknown,Unknown,,0,False,Dusk
Cedar Falls,Iowa,-92.4453161,42.5348993,No,3+,Natural Disaster,spirit,,1,False,Dusk
Cedar Falls,Iowa,-92.4453161,42.5348993,No,3+,Supernatural,Unknown,,0,False,Dusk
Cedar Falls,Iowa,-92.4453161,42.5348993,Yes,3+,Supernatural,ghost,,1,False,Evening
Cedar Rapids,Iowa,-91.6656232,41.9778795,No,1,Supernatural,entity,,1,False,Evening
Cedar Rapids,Iowa,-91.6656232,41.9778795,Yes,2+,Supernatural,ghost spirit,,2,False,Evening
Cedar Rapids,Iowa,-91.6656232,41.9778795,Yes,2,Unknown,Unknown,,0,False,Unknown
Cedar Rapids- Linn County,Iowa,-91.6656232,41.9778795,Yes,2+,Unknown,Unknown,,0,False,Evening
Cedar Rapids,Iowa,-91.6656232,41.9778795,No,3+,Supernatural,entity presence,,2,False,Dusk
Cedar Rapids,Iowa,-91.6656232,41.9778795,No,1,Supernatural,Unknown,,0,False,Evening
Cedar Rapids,Iowa,-91.6656232,41.9778795,No,1,Unknown,Unknown,,0,False,Evening
Cedar Rapids,Iowa,-91.6656232,41.9778795,No,0,Supernatural,Unknown,,0,False,Evening
Cedar Rapids,Iowa,-91.6656232,41.9778795,No,1,Supernatural,ghost,,1,False,Evening
Cedar Rapids,Iowa,-91.6656232,41.9778795,Yes,0,Unknown,Unknown,,0,False,Dusk
Charles City,Iowa,-92.6724112,43.0663612,Yes,2+,Supernatural,Unknown,,0,False,Unknown
Charles City,Iowa,-92.6724112,43.0663612,No,2+,Supernatural,figure,,1,False,Dusk
Charlotte,Iowa,-90.4651329,41.96030380000001,Yes,0,Unknown,Unknown,,0,False,Dusk
Cherokee,Iowa,-95.5515431,42.7496413,No,1,Supernatural,Unknown,,0,False,Evening
Clarion,Iowa,-93.732992,42.7316387,No,2,Supernatural,figure,black figure,1,False,Evening
Clarinda,Iowa,-95.038313,40.7419352,Yes,5+,Supernatural,Unknown,,0,False,Dusk
Conroy,Iowa,-91.9967024,41.7298609,Yes,0,Supernatural,Unknown,,0,False,Dusk
Coon Rapids,Iowa,-94.6774786,41.8708192,No,1,Supernatural,Unknown,,0,False,Evening
Council Bluffs,Iowa,-95.8608333,41.2619444,No,1+,Unknown,Unknown,,0,False,Dusk
Council Bluffs,Iowa,-95.8608333,41.2619444,Yes,2+,Natural Disaster,Unknown,,0,False,Dusk
Council Bluffs,Iowa,-95.8608333,41.2619444,No,0,Unknown,Unknown,,0,False,Dusk
Council Bluffs,Iowa,-95.8608333,41.2619444,No,2+,Supernatural,figure,,1,False,Evening
Dakota City,Iowa,-94.1971836,42.7221935,No,2+,Supernatural,shadow,,1,False,Unknown
Davenport,Iowa,-90.5776367,41.5236437,Yes,2+,Unknown,Unknown,,0,False,Evening
Davenport,Iowa,-90.5776367,41.5236437,No,0,Supernatural,Unknown,,0,False,Evening
Davenport,Iowa,-90.5776367,41.5236437,No,0,Supernatural,ghost,,1,False,Dusk
Davenport,Iowa,-90.5776367,41.5236437,No,1,Unknown,Unknown,,0,False,Evening
Davenport,Iowa,-90.5776367,41.5236437,No,100,Supernatural,Unknown,,0,False,Evening
Davenport,Iowa,-90.5776367,41.5236437,Yes,2+,Supernatural,Unknown,,0,False,Evening
Davis City,Iowa,-93.8116131,40.6391684,No,1,Unknown,Unknown,,0,False,Evening
Davis County,Iowa,-92.3813621,40.6913838,Yes,1,Supernatural,Unknown,,0,False,Dusk
Decorah,Iowa,-91.7857092,43.30330559999999,No,0,Supernatural,ghost,,1,False,Evening
Decorah,Iowa,-91.7857092,43.30330559999999,No,1+,Suicide,ghost,,1,False,Dusk
Decorah,Iowa,-91.7857092,43.30330559999999,No,1+,Unknown,Unknown,,0,False,Dusk
Des Moines,Iowa,-93.6091064,41.6005448,Yes,1+,Supernatural,Unknown,,0,False,Dusk
Des Moines,Iowa,-93.6091064,41.6005448,Yes,0,Supernatural,Unknown,,0,False,Evening
Des Moines,Iowa,-93.6091064,41.6005448,Yes,0,Supernatural,shadow,,1,False,Dusk
Des Moines,Iowa,-93.6091064,41.6005448,No,0,Supernatural,orb,purple orb,1,False,Evening
Des Moines,Iowa,-93.6091064,41.6005448,No,2+,Supernatural,Unknown,,0,False,Unknown
Des Moines,Iowa,-93.6091064,41.6005448,Yes,1,Supernatural,Unknown,,0,False,Unknown
Des Moines,Iowa,-93.6091064,41.6005448,No,2,Supernatural,Unknown,,0,False,Dusk
Des Moines,Iowa,-93.6091064,41.6005448,Yes,2+,Murder,Unknown,,0,False,Dusk
Des Moines,Iowa,-93.6091064,41.6005448,Yes,3,Death,figure,,1,False,Evening
Des Moines,Iowa,-93.6091064,41.6005448,Yes,0,Unknown,Unknown,,0,False,Evening
Des Moines,Iowa,-93.6091064,41.6005448,No,1+,Unknown,Unknown,,0,False,Unknown
Des Moines,Iowa,-93.6091064,41.6005448,No,1,Supernatural,Unknown,,0,False,Dusk
Dubuque,Iowa,-90.6645718,42.5005583,Yes,5+,Supernatural,ghost spirit figure,"shrouded figure, shrouded figure",3,False,Morning
Dubuque,Iowa,-90.6645718,42.5005583,No,5+,Supernatural,Unknown,,0,False,Unknown
Dubuque,Iowa,-90.6645718,42.5005583,Yes,0,Supernatural,apparition,,1,False,Dusk
Dubuque,Iowa,-90.6645718,42.5005583,Yes,5+,Supernatural,Unknown,,0,False,Dusk
Dubuque,Iowa,-90.6645718,42.5005583,No,2+,Suicide,Unknown,,0,False,Dusk
Estherville,Iowa,-94.8391532,43.4013478,No,3+,Supernatural,Unknown,,0,False,Dusk
Eldora/Ackley,Iowa,-93.100229,42.3517058,No,1,Supernatural,spirit,,1,False,Dusk
Emmetsburg,Iowa,-94.6830357,43.1127427,No,1,Unknown,Unknown,,0,False,Dusk
Estherville,Iowa,-94.8391532,43.4013478,No,0,Murder,Unknown,,0,False,Dusk
Floyd,Iowa,-92.7363031,43.1277502,Yes,2+,Supernatural,apparition,,1,False,Dusk
Fort Dodge,Iowa,-94.1680158,42.4974694,No,1+,Supernatural,Unknown,,0,False,Dusk
Fort Dodge,Iowa,-94.1680158,42.4974694,No,2+,Natural Disaster,Unknown,,0,False,Dusk
Fort Dodge,Iowa,-94.1680158,42.4974694,No,1,Unknown,Unknown,,0,False,Dusk
Fort Dodge,Iowa,-94.1680158,42.4974694,No,0,Suicide,Unknown,,0,False,Dusk
Fort Madison,Iowa,-91.314535,40.6297634,Yes,3+,Murder,apparition,,1,False,Unknown
Glenwood,Iowa,-95.7425056,41.0469437,No,1,Supernatural,presence,unseen presence,1,False,Unknown
Grinnell,Iowa,-92.7232456,41.74340919999999,No,1+,Supernatural,spirit,friendly spirit,1,False,Evening
Guthrie Center,Iowa,-94.5033044,41.6772087,No,1,Unknown,Unknown,,0,False,Dusk
Hamburg,Iowa,-95.6577711,40.6044458,Yes,2+,Supernatural,figure,,1,False,Dusk
Hardin,Iowa,-93.1779659,42.4285425,No,2+,Unknown,Unknown,,0,False,Evening
Independence,Iowa,-91.8893386,42.4685978,No,1,Supernatural,Unknown,,0,False,Dusk
Indianola,Iowa,-93.5574376,41.3580484,No,1,Supernatural,shadow,,1,False,Dusk
Iowa City,Iowa,-91.5301683,41.6611277,No,1+,Supernatural,spirit,,1,False,Unknown
Iowa City,Iowa,-91.5301683,41.6611277,No,0,Supernatural,Unknown,,0,False,Dusk
Iowa City,Iowa,-91.5301683,41.6611277,Yes,3+,Supernatural,ghost,young ghost,1,False,Dusk
Iowa City,Iowa,-91.5301683,41.6611277,No,0,Supernatural,Unknown,,0,False,Morning
Iowa Falls,Iowa,-93.2645741,42.51988679999999,Yes,0,Supernatural,Unknown,,0,False,Dusk
Iowa Falls,Iowa,-93.2645741,42.51988679999999,Yes,1,Supernatural,ghost,,1,False,Dusk
Johnson County,Iowa,-91.5983959,41.6698982,No,5+,Unknown,witch,black witch,1,False,Dusk
Kossuth,Iowa,-94.2333355,43.25133839999999,No,2+,Murder,spirit,,1,False,Dusk
Lake City,Iowa,-94.7338704,42.2674828,No,0,Unknown,Unknown,,0,False,Dusk
Lamoni,Iowa,-93.9341158,40.622777,No,1,Supernatural,Unknown,,0,False,Dusk
Laurens,Iowa,-94.8519296,42.8466398,Yes,2+,Murder,Unknown,,0,False,Dusk
Madrid,Iowa,-93.8156689,41.8779511,Yes,3+,Supernatural,Unknown,,0,False,Evening
Manchester,Iowa,-91.4579698,42.4857853,No,0,Murder,Unknown,,0,False,Dusk
Marion,Iowa,-91.5968958,42.033279,No,1,Supernatural,Unknown,,0,False,Unknown
Marion,Iowa,-91.5968958,42.033279,No,1,Supernatural,figure,white figure,1,False,Dusk
Marion,Iowa,-91.5968958,42.033279,No,1,Unknown,Unknown,,0,False,Unknown
Marshalltown,Iowa,-92.9080375,42.0494674,No,2+,Unknown,Unknown,,0,False,Evening
Mason City,Iowa,-93.2010367,43.1535728,No,2+,Supernatural,spirit orb,,2,True,Dusk
Milton,Iowa,-92.1621241,40.6733602,Yes,2+,Supernatural,Unknown,,0,False,Dusk
Missouri Valley,Iowa,-95.8877767,41.5563713,Yes,1,Supernatural,Unknown,,0,False,Dusk
Mitchellville,Iowa,-93.3571534,41.6666555,Yes,3,Unknown,Unknown,,0,False,Dusk
Mount Ayr,Iowa,-94.235232,40.7147147,Yes,1+,Supernatural,spirit figure,dark figure,2,False,Evening
Mount Pleasant,Iowa,-91.5487714,40.9716959,No,0,Suicide,Unknown,,0,False,Evening
Mount Pleasant,Iowa,-91.5487714,40.9716959,Yes,1,Supernatural,apparition,,1,False,Dusk
Muscatine,Iowa,-91.0432051,41.424473,Yes,1,Supernatural,Unknown,,0,False,Unknown
Muscatine,Iowa,-91.0432051,41.424473,No,1+,Supernatural,figure,white figure,1,False,Morning
Muscatine,Iowa,-91.0432051,41.424473,No,4+,Unknown,Unknown,,0,False,Unknown
Muscatine,Iowa,-91.0432051,41.424473,Yes,1,Unknown,Unknown,,0,False,Evening
Nevada,Iowa,-93.4523014,42.0227184,Yes,3+,Supernatural,Unknown,,0,False,Unknown
New Providence,Iowa,-93.1715923,42.2810955,Yes,0,Suicide,ghost,,1,False,Dusk
New Virginia,Iowa,-93.7288305,41.1822168,No,0,Supernatural,ghost,mad ghost,1,False,Dusk
Newton,Iowa,-93.05735330000002,41.7033177,Yes,3,Unknown,Unknown,,0,False,Dusk
North Liberty,Iowa,-91.6080974,41.739482,No,0,Supernatural,Unknown,,0,False,Unknown
Pacific Junction,Iowa,-95.8010851,41.0187126,No,3,Supernatural,orb,,1,False,Dusk
Palo,Iowa,-91.7961118,42.0660485,Yes,3+,Supernatural,Unknown,,0,False,Dusk
Pella,Iowa,-92.916405,41.4080327,No,1,Supernatural,Unknown,,0,False,Morning
Polk,Iowa,-93.5003454,41.6278423,No,2,Unknown,Unknown,,0,False,Evening
Polk,Iowa,-93.5003454,41.6278423,No,2,Supernatural,Unknown,,0,False,Dusk
Protivin,Iowa,-92.0910011,43.2160819,No,2,Murder,Unknown,,0,False,Dusk
Oakdale,Iowa,-91.6011369,41.70878099999999,No,3+,Supernatural,figure,shadowy figure,1,False,Evening
Oskaloosa,Iowa,-92.6493595,41.2916728,Yes,2+,Unknown,Unknown,,0,False,Dusk
Ottumwa,Iowa,-92.4083022,41.01602930000001,Yes,1,Unknown,Unknown,,0,False,Dusk
Ottumwa,Iowa,-92.4083022,41.01602930000001,Yes,0,Supernatural,Unknown,,0,False,Evening
Ottumwa,Iowa,-92.4083022,41.01602930000001,Yes,1,Supernatural,figure,,1,False,Unknown
Riverside,Iowa,-91.5812759,41.4797413,No,1,Supernatural,apparition,,1,False,Evening
Rockwell City,Iowa,-94.6338671,42.3952576,Yes,5+,Supernatural,Unknown,,0,False,Morning
Shelby,Iowa,-95.45028,41.5161017,No,3+,Supernatural,Unknown,,0,False,Evening
Sheldon,Iowa,-95.8569539,43.1812107,No,0,Supernatural,ghost,white ghost,1,False,Dusk
Shell Rock,Iowa,-92.5829563,42.710237,Yes,1,Supernatural,figure,,1,False,Unknown
Shellsburg,Iowa,-91.8693231,42.0945385,No,0,Unknown,Unknown,,0,False,Evening
Sioux city,Iowa,-96.4003069,42.4999942,Yes,0,Supernatural,orb,,1,False,Dusk
Sioux City,Iowa,-96.4003069,42.4999942,No,2+,Death,Unknown,,0,False,Unknown
Sioux City,Iowa,-96.4003069,42.4999942,No,1,Supernatural,orb,,1,False,Unknown
Sioux City,Iowa,-96.4003069,42.4999942,No,1,Supernatural,Unknown,,0,False,Morning
Sioux City,Iowa,-96.4003069,42.4999942,No,3+,Murder,ghost,,1,False,Evening
Sioux City,Iowa,-96.4003069,42.4999942,No,0,Murder,entity,,1,False,Morning
Sioux City,Iowa,-96.4003069,42.4999942,Yes,3,Supernatural,Unknown,,0,False,Dusk
Sioux City,Iowa,-96.4003069,42.4999942,No,1,Supernatural,ghost orb,,2,False,Morning
Sioux City,Iowa,-96.4003069,42.4999942,Yes,2+,Death,ghost,other ghost,1,False,Dusk
Spencer,Iowa,-95.144318,43.1450748,Yes,0,Unknown,Unknown,,0,False,Evening
Springville,Iowa,-91.4426703,42.0594453,No,1,Supernatural,ghost,,1,False,Dusk
St. Ansgar,Iowa,-92.9203887,43.37848109999999,Yes,1,Supernatural,spirit figure,lady figure,2,False,Dusk
Stockport,Iowa,-91.8351687,40.8575265,No,1,Unknown,Unknown,,0,False,Morning
Storm Lake,Iowa,-95.2019399,42.6430359,No,6,Supernatural,spirit,,1,False,Evening
Storm Lake,Iowa,-95.2019399,42.6430359,No,0,Suicide,ghost,,1,False,Morning
Story City,Iowa,-93.5955532,42.1871601,Yes,1,Supernatural,Unknown,,0,False,Dusk
Stratford,Iowa,-93.9271721,42.27136549999999,Yes,1,Murder,spirit,,1,False,Evening
Strawberry Point,Iowa,-91.5340348,42.6835955,No,1,Supernatural,ghost,,1,False,Dusk
Urbandale,Iowa,-93.7121656,41.6266555,Yes,2+,Death,Unknown,,0,False,Evening
Urbandale,Iowa,-93.7121656,41.6266555,Yes,0,Supernatural,Unknown,,0,False,Evening
Van Meter,Iowa,-93.9543949,41.53332229999999,Yes,0,Unknown,Unknown,,0,False,Evening
Villisca,Iowa,-94.9766416,40.9296034,Yes,0,Murder,ghost,,1,False,Dusk
Vinton,Iowa,-92.0185651,42.1646477,No,1,Supernatural,apparition,,1,False,Dusk
Vinton,Iowa,-92.0185651,42.1646477,Yes,1,Supernatural,Unknown,,0,False,Unknown
Wapello,Iowa,-91.1854273,41.18141929999999,No,1,Natural Disaster,Unknown,,0,False,Evening
Waverly,Iowa,-92.4668511,42.7272032,Yes,2+,Murder,spirit,,1,False,Unknown
Webster City,Iowa,-93.8159149,42.4694321,Yes,5+,Suicide,Unknown,,0,False,Evening
West Union,Iowa,-91.8082167,42.9627564,Yes,4+,Supernatural,ghost,,1,False,Unknown
Williamsburg,Iowa,-92.0090673,41.6611187,No,1,Supernatural,figure,,1,False,Evening
Williamson,Iowa,-93.2549305,41.0877764,No,1+,Supernatural,Unknown,,0,False,Unknown
Athens,West Virginia,-81.0161994,37.4223414,No,1,Supernatural,apparition presence,mischievous presence,2,False,Dusk
Barboursville,West Virginia,-82.29459229999999,38.4095298,No,1,Unknown,Unknown,,0,False,Unknown
Beckley,West Virginia,-81.1881557,37.7781702,Yes,1,Murder,Unknown,,0,False,Dusk
Beckley,West Virginia,-81.1881557,37.7781702,No,1,Unknown,Unknown,,0,False,Evening
Bluefield,West Virginia,-81.2223195,37.2698395,No,0,Supernatural,Unknown,,0,False,Morning
Bluefield,West Virginia,-81.2223195,37.2698395,No,4+,Murder,Unknown,,0,False,Unknown
Bluewell,West Virginia,-81.2598216,37.3126167,No,3+,Supernatural,ghost,,1,False,Evening
Buckhannon,West Virginia,-80.2320276,38.9939872,No,0,Supernatural,ghost,,1,False,Dusk
Ceredo,West Virginia,-82.55876889999999,38.3964711,Yes,0,Supernatural,Unknown,,0,False,Evening
Chapmanville,West Virginia,-82.0173502,37.9737114,No,0,Murder,Unknown,,0,False,Dusk
Charleston,West Virginia,-81.6326234,38.3498195,Yes,3+,Supernatural,specter presence,unknown specter,2,False,Unknown
Charleston,West Virginia,-81.6326234,38.3498195,No,2,Supernatural,ghost,prolific ghost,1,False,Morning
Charleston,West Virginia,-81.6326234,38.3498195,No,0,Unknown,Unknown,,0,False,Evening
Charleston,West Virginia,-81.6326234,38.3498195,No,1+,Supernatural,Unknown,,0,False,Unknown
Charleston,West Virginia,-81.6326234,38.3498195,No,1,Supernatural,shadow,,1,False,Dusk
Charleston,West Virginia,-81.6326234,38.3498195,No,1,Supernatural,shadow,,1,False,Evening
Dallas Pike,West Virginia,-80.5579104,40.04634830000001,No,3,Supernatural,shadow,,1,True,Dusk
Elkins,West Virginia,-79.8467349,38.92593970000001,No,1,Murder,Unknown,,0,False,Evening
Elkins,West Virginia,-79.8467349,38.92593970000001,No,2,Supernatural,Unknown,,0,False,Dusk
Ellenborro,West Virginia,-81.0562217,39.2645232,Yes,1+,Supernatural,Unknown,,0,False,Dusk
Fairmont,West Virginia,-80.1425781,39.4850848,Yes,0,Supernatural,Unknown,,0,False,Dusk
Falling Waters,West Virginia,-77.890639,39.559546,No,1,Unknown,Unknown,,0,False,Evening
Fayette County,West Virginia,-81.0754657,38.0615913,No,0,Murder,Unknown,,0,False,Dusk
Fayette County,West Virginia,-81.0754657,38.0615913,No,0,Unknown,Unknown,,0,False,Evening
Glenville,West Virginia,-80.8376033,38.9342573,No,1,Supernatural,ghost,,1,False,Evening
Glenville,West Virginia,-80.8376033,38.9342573,Yes,0,Supernatural,shadow figure,,2,False,Dusk
Greenbottom,West Virginia,-82.2837598,38.552306,Yes,12+,Supernatural,figure mist,gray mist,2,False,Dusk
Greenbrier County,West Virginia,-80.54384499999999,38.0198478,No,2,Supernatural,ghost,,1,False,Dusk
Hamlin,West Virginia,-82.1029156,38.2787019,Yes,1,Supernatural,presence,,1,False,Dusk
Harper's Ferry,West Virginia,-77.7388818,39.3253786,No,0,Supernatural,apparition,,1,False,Dusk
Harper's Ferry,West Virginia,-77.7388818,39.3253786,No,1,Murder,ghost,,1,False,Dusk
Harper's Ferry,West Virginia,-77.7388818,39.3253786,Yes,2+,Unknown,Unknown,,0,False,Dusk
Harper's Ferry,West Virginia,-77.7388818,39.3253786,No,2+,Supernatural,ghost,,1,False,Dusk
Harrison,West Virginia,-80.365865,39.33481260000001,No,1,Supernatural,apparition,,1,False,Evening
Harts,West Virginia,-82.1293017,38.0312078,No,1,Supernatural,Unknown,,0,False,Dusk
Harts,West Virginia,-82.1293017,38.0312078,No,2,Supernatural,Unknown,,0,False,Dusk
Hinton,West Virginia,-80.8892539,37.674008,No,1,Supernatural,mist presence,cold presence,2,False,Dusk
Hodgesville,West Virginia,-80.1942499,39.0659304,Yes,2,Murder,ghost spirit,,2,False,Evening
Huntington,West Virginia,-82.44515400000002,38.4192496,No,1,Unknown,Unknown,,0,True,Dusk
Huntington,West Virginia,-82.44515400000002,38.4192496,Yes,1,Supernatural,Unknown,,0,False,Dusk
Huntington,West Virginia,-82.44515400000002,38.4192496,No,1,Supernatural,presence,suspicious presence,1,False,Unknown
Huntington,West Virginia,-82.44515400000002,38.4192496,No,1+,Supernatural,ghost,,1,False,Dusk
Iaeger,West Virginia,-81.813726,37.4645557,Yes,4+,Supernatural,ghost,,1,False,Dusk
Jane Lew,West Virginia,-80.4067566,39.1098153,No,1,Supernatural,apparition,,1,False,Evening
Kingwood,West Virginia,-79.6833884,39.4717557,No,1,Supernatural,apparition,,1,False,Dusk
Lewisburg,West Virginia,-80.44563029999999,37.8017879,Yes,2+,Murder,Unknown,,0,False,Evening
Logan,West Virginia,-81.9934581,37.8487147,No,1,Murder,ghost,,1,False,Unknown
Logan County,West Virginia,-81.9534815,37.7883016,Yes,1,Supernatural,presence,,1,False,Dusk
Mannington,West Virginia,-80.343418,39.5309169,No,1+,Supernatural,witch warlock,,2,False,Dusk
Marshall County,West Virginia,-80.6770787,39.8926818,Yes,5+,Supernatural,spirit,,1,False,Evening
Mason County,West Virginia,-81.9971108,38.7553693,Yes,1,Supernatural,Unknown,,0,False,Dusk
Mason County,West Virginia,-81.9971108,38.7553693,No,0,Supernatural,Unknown,,0,False,Evening
Mason County,West Virginia,-81.9971108,38.7553693,No,1,Supernatural,Unknown,,0,False,Dusk
Mason County,West Virginia,-81.9971108,38.7553693,Yes,0,Suicide,Unknown,,0,False,Evening
Mcdowell County,West Virginia,-81.64734399999999,37.3860467,No,0,Supernatural,ghost,,1,False,Evening
Milton,West Virginia,-82.1323637,38.4345321,Yes,1,Supernatural,Unknown,,0,False,Unknown
Monongalia County,West Virginia,-79.96403389999999,39.6695849,No,0,Supernatural,witch,,1,False,Unknown
Montgomery,West Virginia,-81.32844519999999,38.1803833,Yes,1,Natural Disaster,Unknown,,0,False,Evening
Morgantown,West Virginia,-79.95589679999999,39.629526,Yes,0,Suicide,ghost,,1,False,Dusk
Morgantown,West Virginia,-79.95589679999999,39.629526,Yes,2+,Supernatural,apparition,,1,False,Dusk
Morgantown,West Virginia,-79.95589679999999,39.629526,No,2+,Murder,apparition,,1,False,Unknown
Morgantown,West Virginia,-79.95589679999999,39.629526,No,1,Supernatural,Unknown,,0,True,Morning
Morgantown,West Virginia,-79.95589679999999,39.629526,No,1,Supernatural,ghost,,1,False,Evening
North Bend State Park,West Virginia,-81.1110198,39.222228,No,0,Murder,Unknown,,0,False,Evening
Panther/Iaeger,West Virginia,-81.855328,37.51196789999999,Yes,1,Murder,Unknown,,0,False,Evening
Parkersburg,West Virginia,-81.56151349999999,39.2667418,No,3,Supernatural,Unknown,,0,False,Morning
Parkersburg,West Virginia,-81.56151349999999,39.2667418,No,2+,Unknown,Unknown,,0,False,Dusk
Parkersburg,West Virginia,-81.56151349999999,39.2667418,No,0,Supernatural,ghost,,1,False,Dusk
Parkersburg,West Virginia,-81.56151349999999,39.2667418,Yes,0,Supernatural,ghost,,1,False,Dusk
Parkersburg,West Virginia,-81.56151349999999,39.2667418,Yes,2,Death,ghost figure presence witch,,4,False,Morning
Pax,West Virginia,-81.2642718,37.9098336,No,0,Supernatural,orb,,1,False,Evening
Petersburg,West Virginia,-79.1239239,38.9926097,No,0,Supernatural,ghost,,1,False,Unknown
Philippi,West Virginia,-80.0403578,39.1523198,No,1,Suicide,Unknown,,0,False,Dusk
Philippi,West Virginia,-80.0403578,39.1523198,No,3+,Supernatural,Unknown,,0,False,Evening
Pineville,West Virginia,-81.5370499,37.5831684,Yes,1,Supernatural,Unknown,,0,False,Dusk
Pocahontas County,West Virginia,-80.0087746,38.3101706,No,1,Unknown,Unknown,,0,False,Evening
Point Pleasant,West Virginia,-82.1370889,38.8445251,No,0,Murder,demon,,1,False,Dusk
Preston,West Virginia,-79.6502105,39.4372135,No,1,Unknown,Unknown,,0,False,Dusk
Raleigh County,West Virginia,-81.2518833,37.7381597,No,0,Supernatural,Unknown,,0,False,Unknown
Raleigh County,West Virginia,-81.2518833,37.7381597,Yes,1,Supernatural,Unknown,,0,False,Unknown
Randolph County,West Virginia,-80.0087746,38.8092552,No,2,Unknown,Unknown,,0,False,Dusk
Ripley,West Virginia,-81.71068509999999,38.8186957,Yes,2+,Unknown,Unknown,,0,False,Evening
Riverton,West Virginia,-79.43588059999999,38.74400199999999,Yes,2+,Supernatural,ghost,,1,False,Unknown
Shrewsbury,West Virginia,-81.4715049,38.2062143,Yes,1+,Supernatural,Unknown,,0,False,Evening
Summers Co,West Virginia,-80.8543847,37.5812062,Yes,3+,Supernatural,orb,,1,False,Evening
Romney,West Virginia,-78.75668390000001,39.3420431,Yes,2+,Supernatural,presence,,1,False,Unknown
Salem,West Virginia,-80.5589856,39.2828653,No,1,Unknown,Unknown,,0,False,Evening
Salem,West Virginia,-80.5589856,39.2828653,Yes,2+,Supernatural,Unknown,,0,False,Evening
Shepherdstown,West Virginia,-77.8041609,39.4300996,No,1,Supernatural,Unknown,,0,False,Dusk
Shepherdstown,West Virginia,-77.8041609,39.4300996,Yes,2,Supernatural,ghost,,1,False,Morning
Shepherdstown,West Virginia,-77.8041609,39.4300996,No,1,Suicide,ghost,,1,False,Morning
Shepherdstown,West Virginia,-77.8041609,39.4300996,No,0,Supernatural,Unknown,,0,False,Unknown
Spencer,West Virginia,-81.35095319999999,38.8020322,Yes,1+,Death,figure,,1,False,Dusk
Sistersville,West Virginia,-80.9959404,39.564242,Yes,2+,Supernatural,presence,,1,False,Dusk
Roane County,West Virginia,-81.42789839999999,38.7564882,Yes,2,Supernatural,Unknown,,0,False,Morning
Summersville,West Virginia,-80.8525981,38.2812203,No,1+,Supernatural,Unknown,,0,False,Morning
Talcott,West Virginia,-80.7542478,37.6515095,No,0,Supernatural,ghost,,1,False,Dusk
Wadestown,West Virginia,-80.3381326,39.6753588,No,1,Supernatural,Unknown,,0,False,Unknown
Weston,West Virginia,-80.46731299999999,39.0384274,Yes,0,Supernatural,Unknown,,0,False,Dusk
Wheeling,West Virginia,-80.7209149,40.0639616,No,0,Supernatural,ghost,,1,False,Evening
Wheeling,West Virginia,-80.7209149,40.0639616,No,0,Murder,Unknown,,0,False,Morning
Wheeling,West Virginia,-80.7209149,40.0639616,Yes,1,Natural Disaster,Unknown,,0,False,Dusk
White Sulphur Springs,West Virginia,-80.2975704,37.7965107,Yes,1+,Supernatural,Unknown,,0,False,Unknown
Wildcat,West Virginia,-80.43814130000001,38.7534347,No,1,Unknown,Unknown,,0,False,Dusk
Wood,West Virginia,-81.47183869999999,39.2154345,Yes,3+,Supernatural,ghost spirit orb,sincere Ghost,3,True,Dusk
Wyoming County,West Virginia,-81.5596427,37.6339466,Yes,1,Murder,Unknown,,0,False,Evening
Alamogordo,New Mexico,-105.960265,32.8995325,No,2+,Supernatural,Unknown,,0,False,Unknown
Alamogordo,New Mexico,-105.960265,32.8995325,Yes,3+,Supernatural,ghost,,1,False,Unknown
Alamogordo,New Mexico,-105.960265,32.8995325,Yes,1,Supernatural,Unknown,,0,False,Unknown
Albuquerque,New Mexico,-106.6055534,35.0853336,No,1,Supernatural,ghost,,1,False,Morning
Albuquerque,New Mexico,-106.6055534,35.0853336,No,0,Supernatural,ghost,,1,False,Dusk
Albuquerque,New Mexico,-106.6055534,35.0853336,Yes,0,Supernatural,figure,,1,False,Dusk
Albuquerque,New Mexico,-106.6055534,35.0853336,Yes,1,Supernatural,Unknown,,0,False,Dusk
Albuquerque,New Mexico,-106.6055534,35.0853336,Yes,1,Murder,apparition,,1,False,Evening
Albuquerque,New Mexico,-106.6055534,35.0853336,No,1+,Murder,Unknown,,0,True,Dusk
Albuquerque,New Mexico,-106.6055534,35.0853336,No,0,Murder,entity,,1,False,Evening
Albuquerque,New Mexico,-106.6055534,35.0853336,Yes,2+,Unknown,Unknown,,0,False,Unknown
Albuquerque,New Mexico,-106.6055534,35.0853336,No,1,Suicide,shadow presence,strong presence,2,False,Evening
Albuquerque,New Mexico,-106.6055534,35.0853336,No,2,Unknown,Unknown,,0,False,Dusk
Alamogordo,New Mexico,-105.960265,32.8995325,Yes,1,Supernatural,shadow,,1,False,Evening
Albuquerque,New Mexico,-106.6055534,35.0853336,Yes,5+,Supernatural,entity,,1,False,Evening
Albuquerque,New Mexico,-106.6055534,35.0853336,Yes,1,Supernatural,Unknown,,0,False,Unknown
Albuquerque,New Mexico,-106.6055534,35.0853336,No,1,Murder,Unknown,,0,False,Dusk
Albuquerque,New Mexico,-106.6055534,35.0853336,Yes,1,Death,Unknown,,0,False,Evening
Albuquerque,New Mexico,-106.6055534,35.0853336,No,5+,Supernatural,ghost figure,,2,True,Dusk
Albuquerque,New Mexico,-106.6055534,35.0853336,Yes,3+,Supernatural,figure,,1,False,Dusk
Alcalde,New Mexico,-106.053634,36.0889116,No,3+,Death,Unknown,,0,False,Dusk
Anthony,New Mexico,-106.6058257,32.0039897,No,3+,Murder,spirit apparition,white apparition,2,False,Dusk
Artesia,New Mexico,-104.4032962,32.8423345,No,2+,Supernatural,Unknown,,0,False,Dusk
Aztec,New Mexico,-107.9928455,36.8222261,No,1,Supernatural,ghost,,1,False,Morning
Bayard,New Mexico,-108.1305989,32.7617427,Yes,1,Supernatural,Unknown,,0,False,Evening
Carlsbad,New Mexico,-104.2288375,32.4206736,No,0,Supernatural,Unknown,,0,True,Evening
Cerrillos,New Mexico,-106.1245907,35.4375198,No,0,Unknown,Unknown,,0,False,Unknown
Cimarron,New Mexico,-104.9158341,36.5108691,No,1,Supernatural,apparition imp,,2,False,Dusk
Cimarron,New Mexico,-104.9158341,36.5108691,No,1,Supernatural,ghost,female ghost,1,False,Morning
Cimarron,New Mexico,-104.9158341,36.5108691,No,1,Murder,Unknown,,0,False,Evening
Clovis,New Mexico,-103.2052272,34.4047987,No,3+,Supernatural,ghost phantom,,2,True,Unknown
Clovis,New Mexico,-103.2052272,34.4047987,Yes,5+,Supernatural,shadow figure,dark figure,2,False,Dusk
Corrales,New Mexico,-106.6066926,35.2378197,No,0,Murder,spirit,,1,False,Dusk
Dawson,New Mexico,-104.7747179,36.6641997,No,1,Murder,spirit,,1,False,Dusk
Deming,New Mexico,-107.7586404,32.2686981,Yes,1,Supernatural,Unknown,,0,False,Dusk
Deming,New Mexico,-107.7586404,32.2686981,Yes,1,Supernatural,figure,,1,False,Dusk
Deming,New Mexico,-107.7586404,32.2686981,No,3+,Murder,figure,shadowy figure,1,False,Dusk
Deming,New Mexico,-107.7586404,32.2686981,Yes,4+,Supernatural,apparition,,1,False,Evening
Deming,New Mexico,-107.7586404,32.2686981,Yes,4,Supernatural,Unknown,,0,False,Dusk
Faribault,New Mexico,,,No,3,Supernatural,Unknown,,0,False,Dusk
Farmington,New Mexico,-108.2186856,36.72805830000001,Yes,3+,Supernatural,Unknown,,0,False,Unknown
Fort Bayard,New Mexico,-108.1503221,32.7961863,Yes,5+,Supernatural,apparition,,1,False,Dusk
Fort Wingate,New Mexico,-108.5438525,35.4718903,Yes,2+,Supernatural,spirit,,1,False,Dusk
Gallup,New Mexico,-108.7425843,35.5280783,No,0,Supernatural,ghost,friendly ghost,1,False,Morning
Grants,New Mexico,-107.8514466,35.14726,Yes,3+,Murder,Unknown,,0,False,Dusk
Grants,New Mexico,-107.8514466,35.14726,Yes,2+,Natural Disaster,ghost,,1,False,Evening
Lamy,New Mexico,-105.8797413,35.4814259,No,4,Supernatural,ghost,,1,False,Dusk
Las Cruces,New Mexico,-106.7636538,32.3199396,Yes,3+,Death,Unknown,,0,False,Dusk
Las Cruces,New Mexico,-106.7636538,32.3199396,Yes,0,Murder,Unknown,,0,False,Evening
Las Cruces,New Mexico,-106.7636538,32.3199396,Yes,1,Supernatural,Unknown,,0,False,Dusk
Las Cruses,New Mexico,-106.7636538,32.3199396,Yes,1,Supernatural,Unknown,,0,False,Dusk
La Luz,New Mexico,-105.9419335,32.9778651,Yes,0,Murder,Unknown,,0,False,Dusk
La Luz,New Mexico,-105.9419335,32.9778651,No,1+,Supernatural,apparition,,1,False,Unknown
Los Alamos,New Mexico,-106.3031138,35.8800364,No,2,Supernatural,ghost presence,cold presence,2,False,Dusk
Los Alamos,New Mexico,-106.3031138,35.8800364,No,0,Supernatural,ghost,,1,False,Unknown
Los Lunas,New Mexico,-106.7333599,34.806166,No,0,Supernatural,ghost,,1,False,Dusk
Madrid,New Mexico,-106.1525226,35.4067047,No,3+,Supernatural,ghost apparition,numerous ghost,2,False,Dusk
Mescalero,New Mexico,-105.7741541,33.15758539999999,No,2,Supernatural,ghost,,1,False,Evening
Mesilla,New Mexico,-106.8008376,32.2700945,Yes,1,Murder,ghost apparition,,2,True,Dusk
Montezuma,New Mexico,-105.2766154,35.6521842,No,1+,Unknown,Unknown,,0,False,Dusk
Pendaries,New Mexico,-105.4219756,35.8329083,No,2+,Unknown,Unknown,,0,False,Dusk
Philmont,New Mexico,-104.958052,36.4540472,No,0,Supernatural,apparition,,1,False,Unknown
Pojoaqus,New Mexico,-106.0230784,35.8928034,No,0,Suicide,Unknown,,0,False,Evening
Raton,New Mexico,-104.4391532,36.9033581,Yes,1,Supernatural,Unknown,,0,False,Dusk
Roswell,New Mexico,-104.5230242,33.3942655,No,0,Unknown,Unknown,,0,False,Evening
Roswell,New Mexico,-104.5230242,33.3942655,Yes,1,Supernatural,Unknown,,0,False,Dusk
Roswell,New Mexico,-104.5230242,33.3942655,No,1,Supernatural,Unknown,,0,False,Unknown
Ruidoso,New Mexico,-105.6588485,33.3672525,Yes,1+,Natural Disaster,Unknown,,0,False,Dusk
Ruidoso Downs,New Mexico,-105.6044291,33.3289733,No,10+,Natural Disaster,Unknown,,0,False,Evening
Santa Fe,New Mexico,-105.937799,35.6869752,No,1+,Supernatural,ghost shadow,"particular ghost, prominent ghost",2,False,Dusk
Santa Fe,New Mexico,-105.937799,35.6869752,Yes,0,Supernatural,figure,grayish figure,1,False,Unknown
Santa Fe,New Mexico,-105.937799,35.6869752,No,0,Supernatural,shadow,,1,False,Evening
Santa Fe,New Mexico,-105.937799,35.6869752,No,1+,Supernatural,Unknown,,0,False,Dusk
Santa Fe,New Mexico,-105.937799,35.6869752,No,1,Murder,ghost,,1,False,Dusk
Santa Fe,New Mexico,-105.937799,35.6869752,Yes,2+,Murder,Unknown,,0,False,Dusk
Santa Fe,New Mexico,-105.937799,35.6869752,Yes,1,Supernatural,shadow,,1,False,Dusk
Truth or Consequences,New Mexico,-107.2528069,33.1284047,Yes,5+,Supernatural,ghost,,1,False,Dusk
Watrous,New Mexico,-104.9818483,35.79065,Yes,1,Murder,Unknown,,0,False,Morning
Aberdeen,Washington,-123.8157218,46.9753708,No,0,Supernatural,ghost,infamous ghost,1,False,Dusk
Arlington,Washington,-122.1251418,48.1987118,No,2,Unknown,Unknown,,0,False,Evening
Arlington,Washington,-122.1251418,48.1987118,No,0,Unknown,Unknown,,0,False,Dusk
Arlington,Washington,-122.1251418,48.1987118,No,0,Unknown,Unknown,,0,False,Dusk
Auburn,Washington,-122.2284532,47.30732279999999,No,1,Unknown,Unknown,,0,False,Dusk
Auburn,Washington,-122.2284532,47.30732279999999,Yes,1,Unknown,Unknown,,0,False,Morning
Auburn,Washington,-122.2284532,47.30732279999999,Yes,3+,Supernatural,apparition,,1,False,Unknown
Battleground,Washington,-122.5334307,45.7809491,No,5+,Supernatural,ghost,,1,True,Morning
Bellingham,Washington,-122.4786854,48.7519112,No,0,Supernatural,spirit apparition,ghostly apparition,2,False,Dusk
Bellingham,Washington,-122.4786854,48.7519112,No,1,Unknown,Unknown,,0,False,Dusk
Bellingham,Washington,-122.4786854,48.7519112,Yes,2,Supernatural,ghost,,1,False,Dusk
Bellingham,Washington,-122.4786854,48.7519112,Yes,0,Unknown,Unknown,,0,False,Dusk
Bellingham,Washington,-122.4786854,48.7519112,Yes,4,Supernatural,spirit,female spirit,1,False,Evening
Bellingham,Washington,-122.4786854,48.7519112,Yes,2,Supernatural,Unknown,,0,False,Dusk
Beverly,Washington,-119.9296785,46.8329472,No,0,Supernatural,Unknown,,0,False,Unknown
Biggs Junction,Washington,-120.8328408,45.669846,No,3+,Supernatural,Unknown,,0,False,Evening
Birch Bay,Washington,-122.7446219,48.91788830000001,No,1,Supernatural,spirit,,1,False,Evening
Black Diamond,Washington,-122.0031692,47.3087121,Yes,1+,Unknown,Unknown,,0,False,Dusk
Bremerton,Washington,-122.6269768,47.5650067,No,1,Supernatural,ghost,,1,False,Evening
Bremerton,Washington,-122.6269768,47.5650067,No,2+,Supernatural,spirit,,1,False,Dusk
Bremerton,Washington,-122.6269768,47.5650067,Yes,2+,Murder,figure,t figure,1,False,Evening
Burien,Washington,-122.3405305,47.4668384,No,1,Suicide,Unknown,,0,False,Dusk
Carnation,Washington,-121.9140074,47.6478787,No,3+,Unknown,Unknown,,0,False,Dusk
Carnation,Washington,-121.9140074,47.6478787,No,1,Supernatural,Unknown,,0,False,Evening
Carson,Washington,-121.90639,45.80833,No,1,Supernatural,ghost,,1,False,Dusk
Central Kitsap,Washington,-122.7967863,47.6199023,No,0,Murder,shadow,,1,False,Dusk
Chehalis,Washington,-122.9640175,46.6620478,No,1,Unknown,Unknown,,0,False,Dusk
Cheney,Washington,-117.5757622,47.4873895,No,0,Supernatural,Unknown,,0,True,Dusk
Clarkston,Washington,-117.0451581,46.4162723,No,1,Supernatural,spirit,,1,False,Evening
Concrete,Washington,-121.7462513,48.53928130000001,Yes,1,Supernatural,Unknown,,0,False,Dusk
Coupeville,Washington,-122.6862804,48.2198208,No,2+,Supernatural,ghost,,1,False,Dusk
Coupeville,Washington,-122.6862804,48.2198208,No,2+,Supernatural,ghost,,1,False,Evening
Curlew,Washington,-118.5995124,48.8835848,No,2+,Supernatural,ghost spirit shadow,,3,False,Dusk
Dayton,Washington,-117.9724368,46.3237525,No,2+,Supernatural,Unknown,,0,False,Unknown
Duvall,Washington,-121.9856781,47.7423218,No,0,Supernatural,Unknown,,0,False,Dusk
Duvall / Maltby,Washington,-122.0860763,47.757344,No,5+,Supernatural,Unknown,,0,False,Dusk
East Wenatchee,Washington,-120.2931263,47.41568239999999,No,3,Supernatural,shadow figure,dark figure,2,False,Dusk
Edmonds,Washington,-122.3773551,47.8106521,No,1,Supernatural,apparition figure,glowing figure,2,False,Dusk
Ellensburg,Washington,-120.5478474,46.9965144,Yes,2+,Supernatural,apparition,,1,False,Evening
Ellensberg,Washington,-120.5478474,46.9965144,No,1,Supernatural,apparition,,1,False,Evening
Ellensburg,Washington,-120.5478474,46.9965144,Yes,3+,Suicide,ghost,,1,False,Dusk
Ellensburg,Washington,-120.5478474,46.9965144,Yes,1+,Supernatural,Unknown,,0,False,Evening
Ellensburg,Washington,-120.5478474,46.9965144,Yes,3+,Supernatural,Unknown,,0,False,Dusk
Enumclaw,Washington,-121.9915003,47.2042681,No,0,Supernatural,spirit,,1,False,Evening
Everett,Washington,-122.2020795,47.9789848,No,0,Murder,Unknown,,0,False,Dusk
Everett,Washington,-122.2020795,47.9789848,Yes,3+,Supernatural,Unknown,,0,False,Unknown
Everett,Washington,-122.2020795,47.9789848,Yes,1,Supernatural,ghost,,1,False,Unknown
Everett,Washington,-122.2020795,47.9789848,No,3+,Supernatural,ghost,,1,False,Morning
Everett,Washington,-122.2020795,47.9789848,No,1,Supernatural,figure,,1,False,Dusk
Everett,Washington,-122.2020795,47.9789848,No,3+,Supernatural,ghost apparition presence,supernatural presence,3,False,Unknown
Everett,Washington,-122.2020795,47.9789848,Yes,0,Supernatural,Unknown,,0,False,Dusk
Everett,Washington,-122.2020795,47.9789848,Yes,5+,Natural Disaster,ghost,dark ghost,1,False,Evening
Fort Lewis,Washington,-122.4857321,47.1342432,No,2+,Unknown,Unknown,,0,False,Dusk
Fort Lewis,Washington,-122.4857321,47.1342432,Yes,1,Supernatural,Unknown,,0,False,Dusk
Fort Lewis,Washington,-122.4857321,47.1342432,Yes,2+,Unknown,Unknown,,0,False,Morning
Franklin County,Washington,-118.8672379,46.49373629999999,No,0,Supernatural,Unknown,,0,False,Evening
Friday Harbor,Washington,-123.0171242,48.5342662,No,6,Unknown,Unknown,,0,False,Evening
Friday Harbor,Washington,-123.0171242,48.5342662,No,0,Supernatural,apparition,,1,False,Unknown
Georgetown,Washington,-77.06535650000001,38.9097057,No,0,Supernatural,apparition shadow,,2,False,Dusk
Gig Harbor,Washington,-122.5801293,47.32926399999999,No,0,Unknown,Unknown,,0,False,Evening
Granger,Washington,-120.1872727,46.3420741,No,0,Supernatural,Unknown,,0,False,Dusk
Granite Falls,Washington,-121.968742,48.0839895,No,0,Murder,Unknown,,0,False,Dusk
Grapeview,Washington,-122.8293192,47.3352273,No,1,Unknown,Unknown,,0,False,Dusk
Hoquiam,Washington,-123.8893348,46.9809247,No,0,Supernatural,ghost,,1,False,Dusk
Index,Washington,-121.5551087,47.8206605,No,2+,Suicide,ghost,,1,False,Dusk
Kelso,Washington,-122.9084445,46.146779,Yes,5+,Supernatural,Unknown,,0,False,Unknown
Kent,Washington,-122.2348432,47.3809335,Yes,4+,Supernatural,apparition,,1,False,Dusk
Kirkland,Washington,-122.2059833,47.6768927,No,2,Unknown,Unknown,,0,False,Evening
Kirkland,Washington,-122.2059833,47.6768927,Yes,6,Supernatural,figure,shadowy figure,1,False,Dusk
Lacey,Washington,-122.8231915,47.03426289999999,No,1,Supernatural,spirit orb,,2,True,Dusk
Lakewood,Washington,-122.518458,47.1717649,No,0,Supernatural,orb,,1,False,Evening
Leavenworth,Washington,-120.6614765,47.5962326,Yes,1+,Unknown,Unknown,,0,False,Evening
Long Beach,Washington,-124.0543234,46.3523219,No,2+,Natural Disaster,ghost,,1,False,Dusk
Long Beach,Washington,-124.0543234,46.3523219,Yes,3+,Supernatural,Unknown,,0,False,Dusk
Longview,Washington,-122.9381672,46.1381676,Yes,3+,Supernatural,Unknown,,0,False,Morning
Longview,Washington,-122.9381672,46.1381676,Yes,1,Supernatural,ghost,,1,False,Dusk
Mabton,Washington,-119.9967079,46.2148534,Yes,0,Unknown,Unknown,,0,False,Dusk
Maple Falls,Washington,-122.077093,48.9242888,Yes,1+,Murder,Unknown,,0,False,Dusk
Marysville,Washington,-122.1770818,48.0517637,Yes,1,Supernatural,Unknown,,0,False,Dusk
Marysville,Washington,-122.1770818,48.0517637,Yes,2,Murder,Unknown,,0,False,Dusk
Marysville,Washington,-122.1770818,48.0517637,No,3+,Death,Unknown,,0,False,Dusk
Marysville,Washington,-122.1770818,48.0517637,Yes,1,Unknown,Unknown,,0,False,Evening
Moses Lake,Washington,-119.2780771,47.1301417,Yes,2+,Supernatural,apparition,,1,False,Evening
Moses Lake,Washington,-119.2780771,47.1301417,Yes,2+,Murder,Unknown,,0,False,Dusk
Moses Lake,Washington,-119.2780771,47.1301417,No,1,Unknown,Unknown,,0,False,Evening
Moses Lake,Washington,-119.2780771,47.1301417,Yes,1,Murder,ghost,,1,False,Evening
Mount Vernon -Walker Valley,Washington,-122.3086072,48.4382193,Yes,0,Unknown,Unknown,,0,False,Unknown
Mukilteo,Washington,-122.3045815,47.9445396,No,0,Murder,Unknown,,0,False,Unknown
Napivine,Washington,-122.9081782,46.5745496,No,0,Murder,Unknown,,0,False,Evening
Ocean Shores,Washington,-124.1562852,46.9736986,No,2+,Supernatural,spirit,female spirit,1,False,Dusk
Olalla/Port Orchard,Washington,-122.5590596,47.47495929999999,No,0,Murder,Unknown,,0,False,Dusk
Oshkosh,Washington,-88.52477309999999,44.0163383,No,1,Unknown,Unknown,,0,False,Evening
Oysterville,Washington,-124.0282197,46.5489871,No,0,Supernatural,Unknown,,0,False,Dusk
Packwood,Washington,-121.6706437,46.60650099999999,Yes,0,Supernatural,Unknown,,0,False,Dusk
Paradise,Washington,-121.7349733,46.7853161,Yes,0,Supernatural,Unknown,,0,False,Unknown
Peshastin,Washington,-120.6039743,47.5706779,Yes,3+,Supernatural,Unknown,,0,False,Dusk
Pierce county,Washington,-122.1295269,47.0675877,Yes,3,Death,ghost,,1,False,Dusk
Port Townsend,Washington,-122.7604471,48.11703869999999,No,0,Supernatural,Unknown,,0,False,Unknown
Port Townsend,Washington,-122.7604471,48.11703869999999,Yes,2+,Suicide,ghost apparition,friendly ghost,2,True,Evening
Prosser,Washington,-119.7689223,46.2067997,No,5+,Murder,Unknown,,0,False,Dusk
Pullman,Washington,-117.1817377,46.7297771,No,0,Murder,Unknown,,0,False,Evening
Purdy,Washington,-122.6254102,47.38898529999999,No,1,Unknown,Unknown,,0,False,Unknown
Puyallup,Washington,-122.2928974,47.1853785,Yes,1,Unknown,Unknown,,0,False,Evening
Queets,Washington,-124.33111,47.53972,Yes,0,Supernatural,Unknown,,0,False,Dusk
Quinault,Washington,-123.8454552,47.4670312,No,1,Natural Disaster,Unknown,,0,False,Evening
Raymond,Washington,-123.7329386,46.6864887,No,0,Supernatural,figure,dark figure,1,False,Evening
Raymond,Washington,-123.7329386,46.6864887,No,2+,Supernatural,presence,,1,False,Evening
Renton,Washington,-122.2170661,47.48287759999999,No,2+,Supernatural,Unknown,,0,False,Dusk
Renton,Washington,-122.2170661,47.48287759999999,Yes,1+,Murder,ghost phantom,,2,False,Evening
Ridgefield,Washington,-122.7426008,45.815115,Yes,1,Supernatural,apparition,,1,False,Dusk
Ritzville,Washington,-118.3799751,47.1273723,No,1,Supernatural,ghost,,1,False,Dusk
Roslyn,Washington,-120.9931393,47.2234523,No,3+,Supernatural,apparition presence,,2,False,Dusk
Roslyn,Washington,-120.9931393,47.2234523,Yes,1,Unknown,Unknown,,0,False,Dusk
Rosario Resort,Washington,-122.873301,48.6446687,No,2+,Unknown,Unknown,,0,False,Dusk
Roy,Washington,-122.539846,47.0042643,Yes,1,Supernatural,Unknown,,0,False,Evening
Seattle,Washington,-122.3320708,47.6062095,No,0,Murder,Unknown,,0,False,Morning
Seattle,Washington,-122.3320708,47.6062095,No,2+,Supernatural,ghost spirit,,2,False,Dusk
Seattle,Washington,-122.3320708,47.6062095,No,0,Supernatural,presence,,1,False,Unknown
Seattle,Washington,-122.3320708,47.6062095,No,1,Supernatural,ghost,,1,False,Dusk
Seattle,Washington,-122.3320708,47.6062095,Yes,2+,Supernatural,apparition,young apparition,1,False,Dusk
Seattle,Washington,-122.3320708,47.6062095,No,1,Supernatural,Unknown,,0,False,Unknown
Seattle,Washington,-122.3320708,47.6062095,Yes,1,Supernatural,Unknown,,0,False,Morning
Seattle,Washington,-122.3320708,47.6062095,No,0,Supernatural,presence,eerie presence,1,False,Dusk
Seattle,Washington,-122.3320708,47.6062095,No,0,Murder,figure,ghostly figure,1,False,Dusk
Seattle,Washington,-122.3320708,47.6062095,Yes,0,Supernatural,Unknown,,0,False,Unknown
Seattle,Washington,-122.3320708,47.6062095,Yes,2+,Supernatural,ghost,,1,False,Evening
Seattle,Washington,-122.3320708,47.6062095,Yes,3+,Supernatural,ghost,,1,False,Evening
Seattle,Washington,-122.3320708,47.6062095,No,2+,Supernatural,Unknown,,0,False,Evening
Seattle,Washington,-122.3320708,47.6062095,No,10+,Supernatural,ghost,,1,False,Evening
Seattle,Washington,-122.3320708,47.6062095,Yes,3+,Murder,Unknown,,0,False,Dusk
Seattle,Washington,-122.3320708,47.6062095,No,2+,Supernatural,Unknown,,0,False,Dusk
Seattle,Washington,-122.3320708,47.6062095,No,2,Supernatural,ghost,,1,False,Dusk
Seattle,Washington,-122.3320708,47.6062095,No,0,Supernatural,figure,"dark figure, shadowy figure",1,False,Evening
Seattle,Washington,-122.3320708,47.6062095,No,2,Supernatural,ghost,,1,False,Evening
Seattle,Washington,-122.3320708,47.6062095,No,1,Murder,spirit,,1,False,Dusk
Seattle,Washington,-122.3320708,47.6062095,Yes,1,Murder,Unknown,,0,False,Dusk
Seattle,Washington,-122.3320708,47.6062095,Yes,0,Supernatural,spirit,,1,False,Unknown
Seattle,Washington,-122.3320708,47.6062095,Yes,0,Supernatural,Unknown,,0,False,Dusk
Seattle,Washington,-122.3320708,47.6062095,Yes,2+,Supernatural,entity,,1,False,Unknown
Seattle,Washington,-122.3320708,47.6062095,Yes,1,Supernatural,presence,,1,False,Dusk
Seattle,Washington,-122.3320708,47.6062095,No,2+,Unknown,Unknown,,0,False,Morning
Seattle,Washington,-122.3320708,47.6062095,Yes,2+,Supernatural,Unknown,,0,False,Unknown
Sedro Woolley,Washington,-122.2361101,48.50389,Yes,3+,Supernatural,Unknown,,0,False,Dusk
Sedro Woolley,Washington,-122.2361101,48.50389,Yes,3+,Supernatural,figure,,1,False,Dusk
Selah,Washington,-120.5300666,46.6540153,No,2+,Unknown,Unknown,,0,False,Evening
Silvana,Washington,-122.2537589,48.2023214,No,2+,Supernatural,Unknown,,0,False,Evening
Skykomish,Washington,-121.3601013,47.7092746,No,0,Murder,Unknown,,0,False,Evening
Snohomish,Washington,-122.0981847,47.91287560000001,Yes,3+,Supernatural,ghost,,1,False,Evening
Snohomish,Washington,-122.0981847,47.91287560000001,No,0,Unknown,Unknown,,0,False,Dusk
Snohomish,Washington,-122.0981847,47.91287560000001,No,0,Murder,ghost spirit,,2,False,Dusk
Snohomish,Washington,-122.0981847,47.91287560000001,Yes,4+,Supernatural,ghost,,1,False,Unknown
Spanaway,Washington,-122.4345661,47.103988,No,0,Murder,Unknown,,0,False,Morning
Spanaway,Washington,-122.4345661,47.103988,No,0,Supernatural,Unknown,,0,False,Evening
Spokane,Washington,-117.4260465,47.6587802,No,5+,Murder,figure,dark figure,1,False,Unknown
Spokane,Washington,-117.4260465,47.6587802,No,2+,Supernatural,Unknown,,0,False,Dusk
Spokane,Washington,-117.4260465,47.6587802,Yes,1,Supernatural,Unknown,,0,False,Unknown
Spokane,Washington,-117.4260465,47.6587802,Yes,2+,Supernatural,figure,,1,False,Dusk
Spokane,Washington,-117.4260465,47.6587802,No,3,Supernatural,Unknown,,0,False,Dusk
Spokane,Washington,-117.4260465,47.6587802,No,2+,Supernatural,shadow,,1,False,Unknown
Spokane,Washington,-117.4260465,47.6587802,Yes,0,Supernatural,Unknown,,0,False,Dusk
Spokane,Washington,-117.4260465,47.6587802,No,1+,Supernatural,ghost,,1,False,Dusk
Spokane,Washington,-117.4260465,47.6587802,Yes,0,Unknown,Unknown,,0,True,Dusk
Spokane,Washington,-117.4260465,47.6587802,Yes,2,Supernatural,ghost,,1,False,Dusk
Spokane,Washington,-117.4260465,47.6587802,Yes,2+,Murder,ghost,,1,False,Unknown
Spokane,Washington,-117.4260465,47.6587802,No,1,Supernatural,Unknown,,0,False,Dusk
Spokane,Washington,-117.4260465,47.6587802,Yes,1,Supernatural,presence,strange presence,1,False,Dusk
Spokane,Washington,-117.4260465,47.6587802,No,3,Supernatural,ghost,,1,False,Evening
Spokane,Washington,-117.4260465,47.6587802,Yes,1,Murder,Unknown,,0,False,Morning
Spokane,Washington,-117.4260465,47.6587802,Yes,1,Murder,Unknown,,0,False,Dusk
Spokane,Washington,-117.4260465,47.6587802,No,5+,Supernatural,ghost,friendly ghost,1,False,Unknown
Spokane,Washington,-117.4260465,47.6587802,Yes,1+,Supernatural,ghost,old ghost,1,False,Unknown
Spokane,Washington,-117.4260465,47.6587802,Yes,1,Suicide,Unknown,,0,False,Evening
Spokane,Washington,-117.4260465,47.6587802,No,2,Unknown,Unknown,,0,False,Dusk
Spokane,Washington,-117.4260465,47.6587802,No,0,Death,shadow,,1,False,Dusk
Spokane,Washington,-117.4260465,47.6587802,Yes,1,Unknown,Unknown,,0,False,Dusk
Stanwood,Washington,-122.3706837,48.2410895,No,5+,Supernatural,figure,black figure,1,False,Unknown
Stanwood,Washington,-122.3706837,48.2410895,No,3+,Unknown,Unknown,,0,False,Evening
Steilacoom,Washington,-122.6026274,47.1698197,No,2+,Suicide,ghost entity,multiple ghost,2,False,Dusk
Steilacoom,Washington,-122.6026274,47.1698197,Yes,1,Murder,ghost phantom figure,ghostly figure,3,False,Evening
Sumner,Washington,-122.2403966,47.2031566,No,1,Supernatural,orb,,1,False,Evening
Tacoma,Washington,-122.4442906,47.2528768,Yes,5+,Death,Unknown,,0,False,Evening
Tacoma,Washington,-122.4442906,47.2528768,No,0,Murder,Unknown,,0,False,Dusk
Tacoma,Washington,-122.4442906,47.2528768,No,3+,Supernatural,Unknown,,0,False,Unknown
Tacoma,Washington,-122.4442906,47.2528768,Yes,1,Supernatural,Unknown,,0,False,Morning
Tacoma,Washington,-122.4442906,47.2528768,Yes,1,Supernatural,apparition presence,hazy presence,2,False,Morning
Tacoma,Washington,-122.4442906,47.2528768,Yes,3+,Murder,Unknown,,0,False,Dusk
Tacoma,Washington,-122.4442906,47.2528768,Yes,3,Murder,ghost,,1,False,Evening
Tacoma,Washington,-122.4442906,47.2528768,Yes,1,Supernatural,Unknown,,0,False,Dusk
Tacoma,Washington,-122.4442906,47.2528768,Yes,5+,Supernatural,Unknown,,0,False,Dusk
Tacoma,Washington,-122.4442906,47.2528768,No,2,Supernatural,apparition presence,,2,False,Evening
Tacoma,Washington,-122.4442906,47.2528768,No,1+,Murder,Unknown,,0,False,Dusk
Tacoma,Washington,-122.4442906,47.2528768,No,1,Supernatural,ghost presence,benign presence,2,False,Unknown
Tacoma,Washington,-122.4442906,47.2528768,No,0,Supernatural,presence,,1,False,Dusk
Taholah,Washington,-124.29324,47.3473047,Yes,2+,Unknown,Unknown,,0,False,Evening
Thorp,Washington,-120.6711851,47.0679018,No,0,Supernatural,ghost,,1,False,Unknown
Tokeland,Washington,-123.9818347,46.7064856,No,0,Supernatural,apparition,,1,False,Dusk
Toppenish,Washington,-120.3086667,46.3773509,No,1,Unknown,Unknown,,0,False,Evening
Vancouver,Washington,-122.6716063,45.6318397,Yes,2+,Supernatural,ghost,,1,False,Dusk
Vancouver,Washington,-122.6716063,45.6318397,No,3+,Supernatural,ghost presence,,2,False,Dusk
Vancouver,Washington,-122.6716063,45.6318397,No,0,Supernatural,Unknown,,0,False,Dusk
Vancouver,Washington,-122.6716063,45.6318397,No,0,Supernatural,ghost,,1,False,Evening
Vancouver,Washington,-122.6716063,45.6318397,Yes,2+,Supernatural,Unknown,,0,False,Evening
Vancouver,Washington,-122.6716063,45.6318397,No,0,Death,Unknown,,0,False,Dusk
Vancouver,Washington,-122.6716063,45.6318397,Yes,0,Supernatural,Unknown,,0,False,Dusk
Waitsburg,Washington,-118.1532861,46.2704176,No,0,Murder,ghost,,1,False,Dusk
Waterville,Washington,-120.0711788,47.6470761,Yes,1,Unknown,Unknown,,0,False,Evening
Wenatchee,Washington,-120.3103494,47.4234599,Yes,1,Murder,Unknown,,0,False,Dusk
West Seattle,Washington,-122.3867537,47.5666668,Yes,0,Supernatural,ghost,,1,False,Evening
Whidbey Island,Washington,-122.4395026,47.9982761,Yes,1,Supernatural,figure,,1,False,Dusk
Woodinville,Washington,-122.1634581,47.7542651,Yes,5+,Supernatural,shadow,,1,False,Unknown
White Swan,Washington,-120.7311801,46.38290370000001,No,1,Supernatural,ghost,,1,False,Dusk
Whitman,Washington,-117.5887295,46.8363403,No,1,Unknown,Unknown,,0,False,Dusk
Whitman,Washington,-117.5887295,46.8363403,No,1,Supernatural,shadow,,1,False,Dusk
Yakima,Washington,-120.5058987,46.6020711,No,1+,Unknown,Unknown,,0,False,Evening
Yakima,Washington,-120.5058987,46.6020711,Yes,100+,Unknown,Unknown,,0,False,Evening
Yakima,Washington,-120.5058987,46.6020711,Yes,1+,Supernatural,shadow,little shadow,1,False,Unknown
Yakima,Washington,-120.5058987,46.6020711,No,1+,Supernatural,Unknown,,0,False,Unknown
Yakima,Washington,-120.5058987,46.6020711,No,0,Murder,Unknown,,0,False,Dusk
Abingdon,Illinois,-90.4017954,40.8044833,Yes,1,Suicide,Unknown,,0,False,Dusk
Algonquin,Illinois,-88.29424929999999,42.1655801,No,0,Murder,Unknown,,0,False,Dusk
Allerton Park,Illinois,-88.6517012,39.9983398,Yes,3,Supernatural,Unknown,,0,False,Dusk
Alsip,Illinois,-87.73866190000001,41.6689223,Yes,0,Supernatural,ghost poltergeist,,2,False,Dusk
Altamont,Illinois,-88.74811079999999,39.061988,No,0,Unknown,Unknown,,0,False,Unknown
Alton,Illinois,-90.1842764,38.8906038,No,2,Supernatural,ghost,,1,False,Evening
Alton,Illinois,-90.1842764,38.8906038,No,0,Supernatural,Unknown,,0,False,Dusk
Alton,Illinois,-90.1842764,38.8906038,No,1+,Natural Disaster,apparition presence,,2,False,Dusk
Alton,Illinois,-90.1842764,38.8906038,No,3,Murder,spirit apparition,,2,False,Morning
Alton,Illinois,-90.1842764,38.8906038,No,0,Murder,Unknown,,0,False,Dusk
Alton,Illinois,-90.1842764,38.8906038,No,3,Murder,spirit apparition,,2,False,Dusk
Alton,Illinois,-90.1842764,38.8906038,No,0,Supernatural,ghost,,1,False,Dusk
Amboy,Illinois,-89.3287061,41.71419969999999,No,0,Murder,Unknown,,0,False,Evening
Anna,Illinois,-89.2470282,37.4603274,No,5+,Supernatural,apparition,,1,False,Dusk
Anna,Illinois,-89.2470282,37.4603274,No,1+,Unknown,Unknown,,0,False,Evening
Antioch,Illinois,-88.0956396,42.4772418,Yes,3+,Suicide,Unknown,,0,False,Unknown
Arcola,Illinois,-88.30643669999999,39.684755,No,1,Supernatural,ghost,,1,False,Dusk
Ashmore,Illinois,-88.0222582,39.5330909,No,1+,Supernatural,witch,,1,True,Evening
Ashmore,Illinois,-88.0222582,39.5330909,Yes,3+,Supernatural,Unknown,,0,False,Evening
Argyle,Illinois,-88.9401049,42.3600185,No,0,Supernatural,witch,,1,False,Evening
Arlington Heights,Illinois,-87.98062650000001,42.0883603,Yes,3+,Supernatural,Unknown,,0,False,Unknown
Arlington Heights,Illinois,-87.98062650000001,42.0883603,Yes,1,Supernatural,Unknown,,0,False,Evening
Aurora,Illinois,-88.32007150000001,41.7605849,Yes,1,Supernatural,Unknown,,0,False,Evening
Aurora,Illinois,-88.32007150000001,41.7605849,No,1,Unknown,Unknown,,0,False,Morning
Aurora,Illinois,-88.32007150000001,41.7605849,No,2,Supernatural,Unknown,,0,False,Morning
Aurora,Illinois,-88.32007150000001,41.7605849,No,0,Supernatural,Unknown,,0,False,Evening
Aurora,Illinois,-88.32007150000001,41.7605849,No,0,Unknown,Unknown,,0,False,Dusk
Barrington,Illinois,-88.1361888,42.1539141,No,0,Suicide,ghost apparition,white apparition,2,False,Evening
Barrington,Illinois,-88.1361888,42.1539141,No,0,Supernatural,orb,mysterious orb,1,False,Unknown
Barrington,Illinois,-88.1361888,42.1539141,No,0,Unknown,Unknown,,0,False,Dusk
Barrington,Illinois,-88.1361888,42.1539141,No,0,Suicide,Unknown,,0,False,Dusk
Barrington,Illinois,-88.1361888,42.1539141,No,0,Murder,Unknown,,0,False,Dusk
Barrington,Illinois,-88.1361888,42.1539141,No,1,Supernatural,phantom orb,black phantom,2,False,Unknown
Bartelso,Illinois,-89.4664739,38.5364382,No,0,Murder,ghost,,1,False,Dusk
Bartlett,Illinois,-88.1856301,41.9950276,No,0,Murder,Unknown,,0,False,Unknown
Bartlett,Illinois,-88.1856301,41.9950276,Yes,3+,Murder,Unknown,,0,False,Dusk
Allen,Indiana,-85.02334599999999,41.0932622,No,0,Unknown,Unknown,,0,False,Evening
Bartonville,Illinois,-89.6520455,40.6503158,No,3+,Supernatural,apparition,,1,False,Unknown
Batavia,Illinois,-88.3125738,41.8500284,No,1,Supernatural,ghost,,1,True,Unknown
Belleville,Illinois,-89.9839935,38.5200504,No,1,Supernatural,Unknown,,0,False,Dusk
Belleville,Illinois,-89.9839935,38.5200504,No,1,Supernatural,ghost,,1,False,Evening
Belleville,Illinois,-89.9839935,38.5200504,Yes,0,Murder,Unknown,,0,False,Dusk
Belleville,Illinois,-89.9839935,38.5200504,No,0,Murder,ghost,,1,False,Unknown
Belvedere,Illinois,-88.84426739999999,42.2639098,Yes,0,Supernatural,orb mist,,2,False,Unknown
Bethany,Illinois,-88.7381252,39.6455916,Yes,1,Unknown,Unknown,,0,False,Dusk
Bishop Township,Illinois,-88.4210006,39.0395893,No,1,Supernatural,orb,,1,True,Evening
Bloomington,Illinois,-88.99368729999999,40.4842027,Yes,0,Murder,spirit,,1,False,Unknown
Bloomington,Illinois,-88.99368729999999,40.4842027,Yes,2+,Supernatural,spirit,,1,False,Dusk
Bloomington,Illinois,-88.99368729999999,40.4842027,No,0,Unknown,Unknown,,0,False,Dusk
Bloomington,Illinois,-88.99368729999999,40.4842027,No,1,Death,Unknown,,0,False,Dusk
Buckner,Illinois,-89.01618409999999,37.9831056,Yes,0,Supernatural,ghost,,1,False,Dusk
Bullvalley,Illinois,-88.3550887,42.3205772,Yes,1,Suicide,ghost spirit figure,,3,False,Evening
Burbank,Illinois,-87.76073799999999,41.7467619,No,0,Supernatural,orb,white orb,1,True,Evening
Cambridge,Illinois,-90.1928971,41.3036472,No,1,Suicide,Unknown,,0,False,Evening
Carpentersville,Illinois,-88.2578582,42.1211364,No,1,Murder,ghost,,1,False,Morning
Cary,Illinois,-88.24768499999999,42.21324990000001,No,3+,Natural Disaster,spirit,many spirit,1,True,Evening
Central City,Illinois,-89.127014,38.5489379,Yes,1,Unknown,Unknown,,0,False,Evening
Centralia,Illinois,-89.1316944,38.5285169,Yes,0,Murder,Unknown,,0,False,Dusk
Dearborn,Indiana,-84.981754,39.1713075,No,0,Unknown,Unknown,,0,False,Dusk
Anderson,Indiana,-85.6802541,40.1053196,No,1,Supernatural,ghost,,1,False,Unknown
Anderson,Indiana,-85.6802541,40.1053196,Yes,0,Unknown,Unknown,,0,False,Dusk
Anderson,Indiana,-85.6802541,40.1053196,Yes,3+,Death,Unknown,,0,False,Dusk
Anderson,Indiana,-85.6802541,40.1053196,No,1+,Supernatural,Unknown,,0,False,Dusk
Angola,Indiana,-84.9994088,41.6347726,No,0,Unknown,Unknown,,0,False,Morning
Austin,Indiana,-85.80595819999999,38.7415038,No,3+,Murder,Unknown,,0,False,Evening
Avon,Indiana,-86.3997167,39.7628227,Yes,0,Supernatural,ghost,,1,False,Dusk
Barbee Lake,Indiana,-85.7032,41.285,Yes,4,Supernatural,orb,,1,True,Evening
Bargersville,Indiana,-86.16776569999999,39.5208818,Yes,1,Unknown,Unknown,,0,False,Dusk
Bartonia,Indiana,-84.8510732,40.1153245,No,1,Supernatural,Unknown,,0,False,Dusk
Battle Ground,Indiana,-86.8416763,40.5083685,Yes,1,Unknown,Unknown,,0,False,Evening
Bloomington,Indiana,-86.52638569999999,39.165325,No,0,Unknown,Unknown,,0,False,Evening
Bloomington,Indiana,-86.52638569999999,39.165325,No,1+,Murder,Unknown,,0,False,Dusk
Bloomington,Indiana,-86.52638569999999,39.165325,No,0,Supernatural,ghost,,1,False,Dusk
Bloomington,Indiana,-86.52638569999999,39.165325,No,0,Supernatural,Unknown,,0,False,Dusk
Bloomington,Indiana,-86.52638569999999,39.165325,No,0,Supernatural,ghost,,1,False,Evening
Bloomington,Indiana,-86.52638569999999,39.165325,No,0,Supernatural,Unknown,,0,False,Evening
Bloomington,Indiana,-86.52638569999999,39.165325,Yes,2+,Unknown,Unknown,,0,False,Dusk
Bloomington,Indiana,-86.52638569999999,39.165325,Yes,1,Murder,Unknown,,0,False,Evening
Bluffton,Indiana,-85.17163680000002,40.7386579,Yes,0,Murder,Unknown,,0,False,Dusk
Centralia,Illinois,-89.1316944,38.5285169,Yes,1,Unknown,Unknown,,0,False,Evening
Centralia,Illinois,-89.1316944,38.5285169,No,1,Unknown,Unknown,,0,True,Dusk
Champaign,Illinois,-88.2433829,40.1164204,No,1,Supernatural,shadow,,1,False,Unknown
Champaign,Illinois,-88.2433829,40.1164204,No,0,Suicide,spirit,,1,False,Dusk
Charleston,Illinois,-88.1761521,39.4961458,Yes,0,Murder,Unknown,,0,False,Dusk
Cherry Valley,Illinois,-88.94899120000001,42.2347434,No,0,Supernatural,Unknown,,0,False,Dusk
Cherry Valley,Illinois,-88.94899120000001,42.2347434,No,0,Murder,ghost phantom orb,"black phantom, big phantom",3,False,Unknown
Chicago,Illinois,-87.6297982,41.8781136,Yes,1,Supernatural,Unknown,,0,False,Dusk
Chicago,Illinois,-87.6297982,41.8781136,No,100+,Supernatural,ghost phantom,real ghost,2,True,Dusk
Chicago,Illinois,-87.6297982,41.8781136,No,1,Murder,ghost,,1,False,Dusk
Chicago,Illinois,-87.6297982,41.8781136,No,0,Supernatural,Unknown,,0,False,Unknown
Chicago,Illinois,-87.6297982,41.8781136,Yes,5+,Natural Disaster,ghost,,1,False,Dusk
Chicago,Illinois,-87.6297982,41.8781136,Yes,3+,Unknown,Unknown,,0,False,Unknown
Chicago,Illinois,-87.6297982,41.8781136,No,1,Unknown,Unknown,,0,False,Dusk
Chicago,Illinois,-87.6297982,41.8781136,No,1,Supernatural,spirit,,1,False,Morning
Chicago,Illinois,-87.6297982,41.8781136,Yes,3+,Supernatural,Unknown,,0,False,Dusk
Chicago,Illinois,-87.6297982,41.8781136,No,2+,Natural Disaster,ghost,,1,False,Dusk
Chicago,Illinois,-87.6297982,41.8781136,No,1,Supernatural,apparition,white apparition,1,False,Evening
Chicago,Illinois,-87.6297982,41.8781136,Yes,2,Unknown,Unknown,,0,False,Evening
Chicago,Illinois,-87.6297982,41.8781136,Yes,1,Unknown,Unknown,,0,False,Dusk
Chicago,Illinois,-87.6297982,41.8781136,No,1,Supernatural,ghost,"fellow ghost, small Ghost",1,False,Morning
Chicago,Illinois,-87.6297982,41.8781136,No,0,Unknown,Unknown,,0,False,Morning
Chicago,Illinois,-87.6297982,41.8781136,Yes,0,Supernatural,Unknown,,0,False,Unknown
Chicago,Illinois,-87.6297982,41.8781136,Yes,1,Supernatural,ghost shadow,,2,False,Morning
Chicago,Illinois,-87.6297982,41.8781136,No,2+,Suicide,Unknown,,0,False,Unknown
Chicago,Illinois,-87.6297982,41.8781136,Yes,2+,Supernatural,ghost,,1,False,Unknown
Chicago,Illinois,-87.6297982,41.8781136,No,5+,Supernatural,Unknown,,0,False,Evening
Chicago,Illinois,-87.6297982,41.8781136,No,3,Supernatural,spirit,,1,False,Dusk
Chicago,Illinois,-87.6297982,41.8781136,No,0,Natural Disaster,Unknown,,0,False,Dusk
Chicago,Illinois,-87.6297982,41.8781136,Yes,1+,Murder,figure,,1,False,Dusk
Chicago,Illinois,-87.6297982,41.8781136,Yes,2+,Supernatural,Unknown,,0,False,Dusk
Boone,Indiana,-86.49965460000001,40.0106163,No,0,Murder,shadow figure,,2,False,Morning
Boonville,Indiana,-87.27417229999999,38.0492131,No,0,Supernatural,Unknown,,0,False,Evening
Brazil,Indiana,-87.1250154,39.523652,No,1,Supernatural,ghost,,1,False,Evening
Bremen,Indiana,-86.14805799999999,41.44643600000001,No,1,Unknown,troll,,1,False,Dusk
Bremen,Indiana,-86.14805799999999,41.44643600000001,No,0,Murder,apparition,,1,False,Dusk
Bridgeport,Indiana,-85.9063539,38.176181,No,1+,Supernatural,ghost mist,,2,False,Evening
Bristol,Indiana,-85.81749459999999,41.7214389,No,1,Supernatural,ghost,,1,False,Unknown
Bristol,Indiana,-85.81749459999999,41.7214389,No,1,Supernatural,spirit,,1,False,Dusk
Brushy Prarie,Indiana,-85.2474744,41.6417168,No,0,Supernatural,Unknown,,0,False,Evening
Bunkerhill,Indiana,-86.1027701,40.6603181,No,1,Supernatural,ghost,,1,False,Dusk
Cambridge,Indiana,-85.17163149999999,39.8125465,No,0,Murder,Unknown,,0,False,Morning
Carmel,Indiana,-86.1180435,39.978371,Yes,0,Murder,spirit,,1,False,Dusk
Cedar Lake,Indiana,-87.4411473,41.3647578,No,0,Unknown,Unknown,,0,False,Dusk
Charlestown,Indiana,-85.6702406,38.45312,No,1,Unknown,Unknown,,0,False,Dusk
Chesterton,Indiana,-87.06419919999999,41.6105937,No,3+,Murder,figure,ghostly figure,1,False,Dusk
Clark County,Indiana,-85.7256372,38.4492903,No,0,Supernatural,Unknown,,0,False,Dusk
Cloverdale,Indiana,-86.7938968,39.5147682,No,2,Unknown,Unknown,,0,False,Dusk
Columbus,Indiana,-85.9213796,39.2014404,Yes,3+,Natural Disaster,apparition,,1,False,Unknown
Columbus,Indiana,-85.9213796,39.2014404,Yes,3+,Supernatural,ghost,,1,False,Dusk
Columbus,Indiana,-85.9213796,39.2014404,No,5+,Murder,ghost,,1,False,Evening
Columbus,Indiana,-85.9213796,39.2014404,Yes,1+,Supernatural,shadow figure,shadow figure,2,False,Dusk
Corydon,Indiana,-86.1219155,38.2120121,No,0,Unknown,Unknown,,0,False,Evening
Crawfordsville,Indiana,-86.87445160000001,40.0411536,No,2+,Supernatural,figure,,1,False,Dusk
Crawfordsville,Indiana,-86.87445160000001,40.0411536,No,1+,Unknown,Unknown,,0,False,Unknown
Crown Point,Indiana,-87.3653135,41.4169806,Yes,2+,Supernatural,spirit,,1,False,Dusk
Crown Point,Indiana,-87.3653135,41.4169806,Yes,1,Supernatural,spirit orb,,2,False,Dusk
Cunot,Indiana,-86.8547315,39.4564339,No,1+,Suicide,Unknown,,0,False,Dusk
Daleville,Indiana,-85.5580301,40.1211545,No,2+,Murder,figure witch,white figure,2,False,Dusk
Davies County,Indiana,-87.14228949999999,38.7020241,No,1,Supernatural,Unknown,,0,False,Evening
Davies County,Indiana,-87.14228949999999,38.7020241,Yes,1,Supernatural,figure,ghostly figure,1,False,Dusk
Chicago,Illinois,-87.6297982,41.8781136,Yes,2+,Supernatural,Unknown,,0,False,Dusk
Chicago,Illinois,-87.6297982,41.8781136,No,0,Supernatural,shadow orb mist,ectoplasm mist,3,True,Dusk
Chicago,Illinois,-87.6297982,41.8781136,No,2,Supernatural,ghost presence,,2,False,Dusk
Chicago,Illinois,-87.6297982,41.8781136,No,1,Unknown,Unknown,,0,False,Unknown
Chicago,Illinois,-87.6297982,41.8781136,No,1,Supernatural,apparition,,1,False,Evening
Chicago,Illinois,-87.6297982,41.8781136,Yes,2+,Supernatural,ghost shadow,black shadow,2,False,Unknown
Christian,Illinois,-89.3226954,39.5672183,No,5+,Supernatural,shadow orb,,2,False,Evening
Christian,Illinois,-89.3226954,39.5672183,No,0,Suicide,figure,,1,False,Evening
Cicero,Illinois,-87.7539448,41.8455877,No,2+,Supernatural,presence,,1,False,Evening
Cicero,Illinois,-87.7539448,41.8455877,Yes,3+,Supernatural,apparition,misty apparition,1,False,Evening
Clarendon Hills,Illinois,-87.95478349999999,41.7975307,No,5+,Death,ghost,,1,False,Unknown
Colchester,Illinois,-90.7926324,40.4264306,No,1,Supernatural,shadow orb,,2,True,Dusk
Collinsville,Illinois,-89.9845476,38.6703266,No,0,Supernatural,ghost shadow,,2,False,Unknown
Collinsville,Illinois,-89.9845476,38.6703266,No,7,Natural Disaster,spirit shadow demon figure,"uneasiness shadow, hooded figure, responsible demon",4,False,Dusk
Collinsville,Illinois,-89.9845476,38.6703266,Yes,2+,Supernatural,Unknown,,0,False,Dusk
Collinsville,Illinois,-89.9845476,38.6703266,No,0,Supernatural,spirit,,1,False,Dusk
Collinsville,Illinois,-89.9845476,38.6703266,No,3,Murder,ghost spirit,mischievous ghost,2,False,Evening
Colona,Illinois,-90.3531827,41.4839233,No,1,Supernatural,shadow,,1,False,Dusk
Cook,Illinois,-87.697554,41.7376587,No,0,Supernatural,Unknown,,0,False,Dusk
Crete,Illinois,-87.6314312,41.4444791,No,1,Murder,Unknown,,0,False,Dusk
Crete,Illinois,-87.6314312,41.4444791,Yes,1,Unknown,Unknown,,0,False,Evening
Crete,Illinois,-87.6314312,41.4444791,No,0,Supernatural,Unknown,,0,False,Evening
Decatur,Indiana,-84.9291329,40.830603,No,5+,Supernatural,spirit,,1,False,Evening
Decatur,Indiana,-84.9291329,40.830603,No,3+,Supernatural,apparition,,1,False,Unknown
Decatur,Indiana,-84.9291329,40.830603,No,0,Suicide,Unknown,,0,False,Evening
Dekalb,Indiana,-85.02334599999999,41.4138928,Yes,0,Murder,Unknown,,0,False,Dusk
Disko,Indiana,-85.944436,41.0022659,No,3+,Unknown,Unknown,,0,False,Dusk
Dublin,Indiana,-85.2088541,39.8122686,Yes,0,Death,Unknown,,0,False,Dusk
Dunkirk,Indiana,-85.2094149,40.3753215,No,0,Unknown,Unknown,,0,False,Dusk
Edinburgh,Indiana,-85.96665770000001,39.3542176,Yes,2+,Supernatural,Unknown,,0,False,Unknown
Ellettsville,Indiana,-86.6250008,39.2339348,No,1+,Supernatural,Unknown,,0,False,Dusk
Elnora,Indiana,-87.08584309999999,38.8783801,No,0,Supernatural,Unknown,,0,False,Evening
Evansville,Indiana,-87.5710898,37.9715592,No,1+,Supernatural,apparition,,1,False,Dusk
Evansville,Indiana,-87.5710898,37.9715592,No,0,Supernatural,Unknown,,0,False,Dusk
Evansville,Indiana,-87.5710898,37.9715592,No,1,Murder,Unknown,,0,False,Unknown
Evansville,Indiana,-87.5710898,37.9715592,No,3,Supernatural,ghost,,1,False,Evening
Fairmount,Indiana,-85.6505317,40.4153179,No,1,Unknown,Unknown,,0,False,Dusk
Flora,Indiana,-86.5244434,40.5472587,Yes,1,Unknown,Unknown,,0,False,Dusk
Fort Wayne,Indiana,-85.1393513,41.079273,No,0,Unknown,Unknown,,0,False,Dusk
Fort Wayne,Indiana,-85.1393513,41.079273,No,2,Supernatural,Unknown,,0,False,Unknown
Fort Wayne,Indiana,-85.1393513,41.079273,No,2,Supernatural,Unknown,,0,False,Unknown
Fort Wayne,Indiana,-85.1393513,41.079273,Yes,3+,Supernatural,ghost,,1,False,Morning
Fort Wayne,Indiana,-85.1393513,41.079273,Yes,1,Murder,ghost,,1,False,Evening
Fort Wayne,Indiana,-85.1393513,41.079273,No,2,Supernatural,Unknown,,0,False,Unknown
Fort Wayne,Indiana,-85.1393513,41.079273,No,2,Supernatural,Unknown,,0,False,Unknown
Fort Wayne,Indiana,-85.1393513,41.079273,No,0,Murder,ghost witch,,2,False,Dusk
Fort Wayne,Indiana,-85.1393513,41.079273,No,1,Supernatural,Unknown,,0,False,Unknown
Fort Wayne,Indiana,-85.1393513,41.079273,No,3+,Supernatural,Unknown,,0,False,Dusk
Fort Wayne,Indiana,-85.1393513,41.079273,No,5+,Supernatural,Unknown,,0,False,Dusk
Fort Wayne,Indiana,-85.1393513,41.079273,No,4,Murder,spirit,,1,False,Morning
Fort Wayne,Indiana,-85.1393513,41.079273,Yes,0,Unknown,Unknown,,0,False,Morning
Fort Wayne,Indiana,-85.1393513,41.079273,No,0,Murder,Unknown,,0,False,Dusk
Fort Wayne,Indiana,-85.1393513,41.079273,No,3,Supernatural,ghost,,1,False,Unknown
Fort Wayne,Indiana,-85.1393513,41.079273,No,5+,Suicide,Unknown,,0,False,Dusk
Francesville,Indiana,-86.8794613,40.9853172,No,1,Supernatural,Unknown,,0,False,Evening
Crestwood,Illinois,-87.75255109999999,41.6611444,No,1,Supernatural,Unknown,,0,False,Unknown
Crystal Lake,Illinois,-88.31619649999999,42.2411344,No,3+,Supernatural,Unknown,,0,False,Morning
Crystal Lake,Illinois,-88.31619649999999,42.2411344,Yes,1,Death,apparition,,1,False,Dusk
Crystal Lake,Illinois,-88.31619649999999,42.2411344,No,0,Natural Disaster,spirit,,1,False,Evening
Crystal Lake,Illinois,-88.31619649999999,42.2411344,Yes,0,Murder,Unknown,,0,False,Morning
Crystal lake,Illinois,-88.31619649999999,42.2411344,No,2+,Supernatural,shadow mist,green mist,2,True,Evening
Crystal Lake,Illinois,-88.31619649999999,42.2411344,Yes,1,Murder,figure,,1,False,Dusk
Crystal Lake,Illinois,-88.31619649999999,42.2411344,No,2+,Supernatural,shadow,,1,False,Evening
Danville,Illinois,-87.6300207,40.124481,No,1,Supernatural,apparition,,1,False,Dusk
Danville,Illinois,-87.6300207,40.124481,Yes,1,Supernatural,Unknown,,0,False,Dusk
Danville,Illinois,-87.6300207,40.124481,No,0,Murder,orb,,1,True,Unknown
Decatur,Illinois,-88.9548001,39.8403147,No,0,Supernatural,ghost,,1,False,Evening
Decatur,Illinois,-88.9548001,39.8403147,Yes,2+,Supernatural,ghost spirit,,2,False,Unknown
Decatur,Illinois,-88.9548001,39.8403147,Yes,0,Supernatural,ghost,red ghost,1,False,Evening
Decatur,Illinois,-88.9548001,39.8403147,No,1,Supernatural,ghost,,1,False,Morning
Des Plaines,Illinois,-87.88339909999999,42.0333623,Yes,1,Supernatural,orb,,1,False,Evening
Des Plaines,Illinois,-87.88339909999999,42.0333623,Yes,0,Supernatural,spirit,,1,False,Dusk
DeSoto,Illinois,-89.2278613,37.8175505,Yes,1,Murder,Unknown,,0,False,Evening
Dogtown,Illinois,-89.1103569,40.7632936,No,1,Supernatural,figure,,1,False,Evening
Douglas County,Illinois,-88.2071598,39.7617631,No,1,Supernatural,specter,,1,False,Unknown
Douglas County,Illinois,-88.2071598,39.7617631,No,4,Supernatural,Unknown,,0,False,Dusk
East Peoria,Illinois,-89.5800978,40.666149,No,0,Supernatural,Unknown,,0,False,Evening
East St. Louis,Illinois,-90.1506465,38.624514,Yes,1,Supernatural,figure,,1,False,Dusk
Edwardsville,Illinois,-89.95315699999999,38.8114364,No,0,Murder,Unknown,,0,False,Dusk
Effingham,Illinois,-88.5433829,39.1200418,No,0,Supernatural,werewolf,,1,False,Dusk
El Paso,Illinois,-89.0164626,40.7392017,Yes,2+,Supernatural,presence,,1,False,Dusk
Elgin,Illinois,-88.2825668,42.0354084,Yes,3+,Murder,orb,,1,False,Evening
Elgin,Illinois,-88.2825668,42.0354084,Yes,5+,Supernatural,apparition,,1,False,Evening
Francesville,Indiana,-86.8794613,40.9853172,No,1,Murder,Unknown,,0,False,Dusk
Frankfort,Indiana,-86.5108355,40.2794809,No,0,Murder,Unknown,,0,True,Unknown
Frankton,Indiana,-85.7788669,40.2228175,Yes,1,Unknown,Unknown,,0,False,Dusk
Franklin,Indiana,-86.0549863,39.4806055,Yes,3+,Suicide,ghost,reported ghost,1,True,Morning
Franklin,Indiana,-86.0549863,39.4806055,No,1+,Unknown,Unknown,,0,False,Dusk
French Lick,Indiana,-86.61999139999999,38.5489431,Yes,3,Death,Unknown,,0,False,Evening
Gary,Indiana,-87.3464271,41.5933696,Yes,2+,Unknown,Unknown,,0,False,Evening
Gas City,Indiana,-85.6130311,40.4872625,Yes,2+,Supernatural,Unknown,,0,False,Dusk
Georgetown,Indiana,-85.9755239,38.2945115,No,1,Unknown,Unknown,,0,False,Evening
Geneva,Indiana,-84.95878789999999,40.5919904,No,2,Supernatural,figure,ghostly figure,1,False,Morning
Goshen,Indiana,-85.8344383,41.5822716,No,0,Unknown,Unknown,,0,False,Evening
Greencastle,Indiana,-86.8647316,39.6444898,No,3+,Supernatural,figure,strange figure,1,False,Dusk
Greencastle,Indiana,-86.8647316,39.6444898,Yes,1,Supernatural,ghost,,1,False,Evening
Greencastle,Indiana,-86.8647316,39.6444898,No,0,Unknown,Unknown,,0,False,Evening
Greenfield,Indiana,-85.7694226,39.785043,No,2+,Supernatural,Unknown,,0,False,Dusk
Hammond,Indiana,-87.5000412,41.5833688,Yes,1,Suicide,Unknown,,0,False,Dusk
Hammond,Indiana,-87.5000412,41.5833688,No,0,Suicide,Unknown,,0,False,Evening
Hammond,Indiana,-87.5000412,41.5833688,No,0,Suicide,Unknown,,0,False,Dusk
Elgin,Illinois,-88.2825668,42.0354084,No,0,Murder,apparition orb,,2,False,Unknown
Elgin,Illinois,-88.2825668,42.0354084,No,5+,Death,shadow,,1,False,Dusk
Elgin,Illinois,-88.2825668,42.0354084,No,0,Natural Disaster,Unknown,,0,False,Unknown
Elgin,Illinois,-88.2825668,42.0354084,No,0,Supernatural,Unknown,,0,False,Unknown
Elgin,Illinois,-88.2825668,42.0354084,Yes,3+,Supernatural,Unknown,,0,False,Evening
Elgin,Illinois,-88.2825668,42.0354084,No,0,Unknown,Unknown,,0,False,Dusk
Elkhart,Illinois,-89.4828792,40.0206041,Yes,1,Supernatural,ghost apparition,,2,False,Dusk
Elmhurst,Illinois,-87.9403418,41.8994744,No,0,Supernatural,apparition,,1,False,Dusk
Elmhurst,Illinois,-87.9403418,41.8994744,No,5+,Suicide,ghost specter,open ghost,2,False,Dusk
Equality,Illinois,-87.62739169999999,41.8827005,Yes,3+,Supernatural,ghost,,1,False,Dusk
Evanston,Illinois,-87.68769689999999,42.0450722,No,0,Supernatural,ghost,,1,False,Unknown
Evergreen Park,Illinois,-87.7017175,41.7205889,No,3+,Natural Disaster,Unknown,,0,False,Dusk
Evergreen Park,Illinois,-87.7017175,41.7205889,No,1,Murder,figure,,1,False,Unknown
Fairmount,Illinois,-87.8305838,40.0455911,No,1,Unknown,Unknown,,0,False,Unknown
Falmouth,Illinois,-88.1455939,39.0547641,No,1+,Unknown,Unknown,,0,False,Evening
Forest City,Illinois,-89.8276113,40.3700411,Yes,1,Supernatural,Unknown,,0,False,Evening
Forest Park,Illinois,-87.81367,41.8794758,No,0,Supernatural,spirit,"beautiful spirit, young spirit",1,False,Unknown
Galena,Illinois,-90.4290168,42.4166744,No,0,Supernatural,ghost,Many Ghost,1,False,Evening
Galesburg,Illinois,-90.3712395,40.94781580000001,No,1,Unknown,Unknown,,0,False,Morning
Galesburg,Illinois,-90.3712395,40.94781580000001,No,1+,Murder,Unknown,,0,False,Evening
Geneva,Illinois,-88.3053525,41.8875281,No,1,Supernatural,Unknown,,0,False,Unknown
Geneva,Illinois,-88.3053525,41.8875281,No,0,Unknown,Unknown,,0,False,Evening
Georgetown,Illinois,-87.6358546,39.97531439999999,Yes,1,Supernatural,spirit apparition orb,,3,True,Evening
Hammond,Indiana,-87.5000412,41.5833688,Yes,2+,Natural Disaster,Unknown,,0,False,Dusk
Hammond,Indiana,-87.5000412,41.5833688,Yes,4,Supernatural,Unknown,,0,False,Unknown
Hammond,Indiana,-87.5000412,41.5833688,Yes,2+,Supernatural,orb figure,,2,False,Dusk
Hammond,Indiana,-87.5000412,41.5833688,Yes,5+,Supernatural,Unknown,,0,False,Morning
Hammond,Indiana,-87.5000412,41.5833688,Yes,0,Unknown,Unknown,,0,False,Dusk
Hancock,Indiana,-85.84862360000001,39.8249915,No,0,Supernatural,Unknown,,0,False,Dusk
Hancock,Indiana,-85.84862360000001,39.8249915,No,1,Supernatural,Unknown,,0,False,Dusk
Hanover,Indiana,-85.4735707,38.7142263,No,0,Unknown,Unknown,,0,False,Morning
Hanover,Indiana,-85.4735707,38.7142263,No,4,Unknown,Unknown,,0,False,Dusk
Hanover,Indiana,-85.4735707,38.7142263,No,0,Supernatural,ghost,,1,False,Dusk
Hanover,Indiana,-85.4735707,38.7142263,No,0,Unknown,Unknown,,0,False,Dusk
Hanover,Indiana,-85.4735707,38.7142263,Yes,1,Supernatural,mist,green mist,1,True,Dusk
Hebron,Indiana,-87.2003091,41.3186482,Yes,2+,Suicide,Unknown,,0,False,Dusk
Hebron,Indiana,-87.2003091,41.3186482,No,1,Unknown,Unknown,,0,False,Evening
Hebron,Indiana,-87.2003091,41.3186482,No,1+,Death,ghost,,1,False,Dusk
Hedley,Indiana,-86.5137542,39.1904819,No,0,Supernatural,Unknown,,0,False,Unknown
Heltonville,Indiana,-86.3755456,38.9278284,No,1,Murder,figure,mid figure,1,False,Dusk
Henry,Indiana,-85.35496499999999,39.9704844,No,2,Supernatural,ghost,,1,False,Dusk
Henry,Indiana,-85.35496499999999,39.9704844,No,0,Unknown,Unknown,,0,False,Dusk
Henry County,Indiana,-85.35496499999999,39.9704844,Yes,5+,Supernatural,Unknown,,0,False,Evening
Henryville,Indiana,-85.76774379999999,38.5417282,Yes,3+,Murder,Unknown,,0,True,Dusk
Henryville,Indiana,-85.76774379999999,38.5417282,No,1,Murder,Unknown,,0,False,Evening
Hobart,Indiana,-87.2550353,41.5322592,Yes,2+,Supernatural,Unknown,,0,False,Dusk
Huntington,Indiana,-85.49747599999999,40.8831011,No,3+,Unknown,Unknown,,0,False,Evening
Huntington,Indiana,-85.49747599999999,40.8831011,Yes,0,Supernatural,ghost spirit,,2,False,Unknown
Huntington,Indiana,-85.49747599999999,40.8831011,No,1,Supernatural,spirit,,1,False,Unknown
Huntington,Indiana,-85.49747599999999,40.8831011,No,0,Unknown,Unknown,,0,False,Dusk
Hymera,Indiana,-87.3016832,39.1864304,No,0,Unknown,Unknown,,0,False,Dusk
Indianapolis,Indiana,-86.158068,39.768403,No,1,Unknown,Unknown,,0,False,Evening
Indianapolis,Indiana,-86.158068,39.768403,Yes,1,Unknown,Unknown,,0,False,Dusk
Indianapolis,Indiana,-86.158068,39.768403,Yes,0,Supernatural,Unknown,,0,False,Dusk
Indianapolis,Indiana,-86.158068,39.768403,Yes,3+,Natural Disaster,ghost apparition,,2,False,Dusk
Georgetown,Illinois,-87.6358546,39.97531439999999,Yes,2+,Supernatural,ghost,,1,False,Dusk
Georgetown,Illinois,-87.6358546,39.97531439999999,No,0,Supernatural,Unknown,,0,False,Evening
Gilberts,Illinois,-88.3728605,42.1033585,No,1,Supernatural,orb figure,male figure,2,False,Dusk
Gladstone,Illinois,-90.9612528,40.864483,No,1,Unknown,Unknown,,0,False,Dusk
Gladstone,Illinois,-90.9612528,40.864483,No,5,Supernatural,orb,,1,False,Dusk
Glen Ellyn,Illinois,-88.0670118,41.8775293,No,0,Suicide,ghost,,1,False,Unknown
Godfrey,Illinois,-90.1867764,38.9556031,No,2+,Suicide,presence,,1,False,Dusk
Goreville,Illinois,-88.9722932,37.5544953,No,3,Supernatural,ghost apparition,,2,False,Evening
Granite City,Illinois,-90.1487199,38.7014389,No,0,Supernatural,ghost,,1,False,Evening
Great Lakes,Illinois,-87.8415418,42.312403,Yes,5+,Suicide,ghost spirit shadow figure,,4,False,Dusk
Gridley,Illinois,-88.88145779999999,40.7433682,No,1,Supernatural,Unknown,,0,False,Dusk
Gurnee,Illinois,-87.90201859999999,42.3702996,Yes,1,Unknown,Unknown,,0,True,Unknown
Gurnee,Illinois,-87.90201859999999,42.3702996,No,0,Unknown,Unknown,,0,False,Unknown
Hancock,Illinois,-91.135302,40.38493649999999,Yes,1,Murder,Unknown,,0,False,Evening
Harpo Studios,Illinois,,,No,0,Supernatural,Unknown,,0,False,Dusk
Hartsburg,Illinois,-89.44093300000002,40.2508762,Yes,1,Supernatural,apparition,,1,False,Dusk
Havana,Illinois,-90.0609506,40.3000428,No,0,Supernatural,presence,past presence,1,False,Evening
Havana,Illinois,-90.0609506,40.3000428,Yes,2,Unknown,Unknown,,0,False,Dusk
Havana,Illinois,-90.0609506,40.3000428,Yes,2+,Supernatural,ghost,,1,False,Dusk
Highland,Illinois,-89.6712008,38.7394918,No,0,Supernatural,apparition,,1,False,Evening
Highland,Illinois,-89.6712008,38.7394918,No,2+,Supernatural,Unknown,,0,False,Unknown
Highland,Illinois,-89.6712008,38.7394918,Yes,2,Supernatural,Unknown,,0,False,Unknown
Highland Park,Illinois,-87.8003437,42.1816918,No,2,Supernatural,Unknown,,0,False,Evening
Hillside,Illinois,-87.90283980000001,41.8778084,No,2+,Natural Disaster,Unknown,,0,False,Dusk
Hoffman Estates,Illinois,-88.12271989999999,42.0629915,No,2+,Supernatural,Unknown,,0,False,Unknown
Hoffman Estates,Illinois,-88.12271989999999,42.0629915,No,3,Supernatural,Unknown,,0,False,Dusk
Indianapolis,Indiana,-86.158068,39.768403,No,1,Supernatural,Unknown,,0,False,Evening
Indianapolis,Indiana,-86.158068,39.768403,No,1,Unknown,Unknown,,0,False,Evening
Indianapolis,Indiana,-86.158068,39.768403,Yes,5+,Murder,ghost,actual ghost,1,False,Dusk
Indianapolis,Indiana,-86.158068,39.768403,No,2+,Supernatural,figure,,1,False,Unknown
Indianapolis,Indiana,-86.158068,39.768403,Yes,0,Supernatural,Unknown,,0,False,Dusk
Indianapolis,Indiana,-86.158068,39.768403,Yes,1,Supernatural,Unknown,,0,False,Dusk
Indianapolis,Indiana,-86.158068,39.768403,No,0,Supernatural,ghost,,1,False,Unknown
Indianapolis,Indiana,-86.158068,39.768403,No,4+,Supernatural,apparition,,1,False,Dusk
Indianapolis,Indiana,-86.158068,39.768403,Yes,2+,Murder,Unknown,,0,False,Dusk
Indianapolis,Indiana,-86.158068,39.768403,No,3+,Supernatural,Unknown,,0,False,Dusk
Indianapolis,Indiana,-86.158068,39.768403,Yes,1,Supernatural,shadow orb,,2,True,Dusk
Inwood,Indiana,-86.203058,41.3175446,No,0,Unknown,Unknown,,0,False,Morning
Jackson county,Indiana,-86.05296039999999,38.8794321,Yes,1,Supernatural,Unknown,,0,False,Dusk
Jasper,Indiana,-86.9311094,38.3914418,No,2+,Murder,Unknown,,0,False,Dusk
Jasper,Indiana,-86.9311094,38.3914418,No,0,Natural Disaster,Unknown,,0,False,Dusk
Jay County,Indiana,-85.02334599999999,40.4465288,No,0,Murder,Unknown,,0,False,Evening
Jeffersonville,Indiana,-85.7371847,38.2775702,Yes,1,Unknown,Unknown,,0,False,Evening
Jeffersonville,Indiana,-85.7371847,38.2775702,No,0,Supernatural,Unknown,,0,False,Dusk
Jeffersonville,Indiana,-85.7371847,38.2775702,No,10,Murder,Unknown,,0,False,Dusk
Jerome,Indiana,-85.9308185,40.4553162,No,1,Supernatural,Unknown,,0,False,Dusk
Jerome,Indiana,-85.9308185,40.4553162,No,1,Supernatural,Unknown,,0,False,Dusk
Kendallville,Indiana,-85.2649754,41.4414384,No,2,Unknown,Unknown,,0,False,Dusk
Kendallville,Indiana,-85.2649754,41.4414384,No,5,Suicide,ghost,,1,False,Dusk
Kewana,Indiana,-86.413337,41.0186526,No,0,Murder,Unknown,,0,False,Dusk
Kouts,Indiana,-87.0258594,41.3167058,No,1,Unknown,Unknown,,0,False,Dusk
Kokomo,Indiana,-86.13360329999999,40.486427,No,1,Unknown,Unknown,,0,False,Dusk
Kokomo,Indiana,-86.13360329999999,40.486427,No,1+,Supernatural,spirit apparition orb,,3,False,Dusk
Kokomo,Indiana,-86.13360329999999,40.486427,No,3+,Unknown,Unknown,,0,False,Morning
Kokomo,Indiana,-86.13360329999999,40.486427,No,0,Supernatural,shadow,,1,False,Dusk
Joliet,Illinois,-88.0817251,41.525031,Yes,6+,Natural Disaster,ghost spirit,,2,False,Unknown
Joliet,Illinois,-88.0817251,41.525031,Yes,1,Supernatural,ghost,,1,False,Unknown
Johnston City,Illinois,-88.9275695,37.8206052,No,0,Supernatural,Unknown,,0,False,Dusk
Kankakee County,Illinois,-87.77633329999999,41.1790977,Yes,3+,Supernatural,Unknown,,0,False,Evening
Kaskaskia,Illinois,-89.91316429999999,37.9214413,No,0,Murder,ghost spirit,,2,False,Dusk
La Grange Park,Illinois,-87.86172599999999,41.8347535,Yes,3+,Suicide,Unknown,,0,False,Unknown
La Salle,Illinois,-89.0418249,41.3621503,Yes,1,Supernatural,Unknown,,0,False,Evening
La Salle,Illinois,-89.0418249,41.3621503,Yes,0,Supernatural,ghost,,1,False,Dusk
Lacon,Illinois,-89.4112007,41.02475829999999,No,2+,Natural Disaster,Unknown,,0,False,Dusk
Lake Forest,Illinois,-87.840625,42.2586342,No,1,Supernatural,Unknown,,0,False,Dusk
Lake Forest,Illinois,-87.840625,42.2586342,No,20+,Supernatural,ghost apparition,many ghost,2,False,Unknown
Lake Forest,Illinois,-87.840625,42.2586342,No,0,Supernatural,ghost,,1,False,Dusk
Lansing,Illinois,-87.53893099999999,41.5647575,Yes,5+,Supernatural,presence,,1,False,Dusk
Lebanon,Illinois,-89.80731949999999,38.6039375,Yes,0,Suicide,ghost,,1,False,Dusk
Lebanon,Illinois,-89.80731949999999,38.6039375,Yes,1,Suicide,Unknown,,0,False,Evening
Lebanon,Illinois,-89.80731949999999,38.6039375,No,0,Supernatural,ghost,,1,False,Dusk
Lebanon,Illinois,-89.80731949999999,38.6039375,Yes,1,Supernatural,Unknown,,0,False,Unknown
Lemont,Illinois,-88.0017261,41.673642,No,0,Unknown,Unknown,,0,False,Dusk
Lemont,Illinois,-88.0017261,41.673642,No,3,Supernatural,phantom,,1,False,Evening
Lincoln,Illinois,-89.3648183,40.1483768,No,1,Supernatural,ghost,,1,False,Evening
Lincoln,Illinois,-89.3648183,40.1483768,Yes,3+,Supernatural,shadow,,1,False,Unknown
Lisle,Illinois,-88.0747875,41.801141,No,2+,Supernatural,ghost,,1,False,Dusk
Lisle,Illinois,-88.0747875,41.801141,No,3+,Supernatural,presence,heavy presence,1,False,Unknown
Lisle,Illinois,-88.0747875,41.801141,Yes,2+,Unknown,Unknown,,0,False,Evening
Lisle,Illinois,-88.0747875,41.801141,No,3,Supernatural,spirit,,1,False,Dusk
Lisle,Illinois,-88.0747875,41.801141,Yes,1+,Supernatural,Unknown,,0,False,Dusk
Lisle,Illinois,-88.0747875,41.801141,No,2,Unknown,Unknown,,0,True,Dusk
Lisle,Illinois,-88.0747875,41.801141,No,0,Unknown,Unknown,,0,False,Dusk
Lockport,Illinois,-88.05783699999999,41.5894752,No,1+,Supernatural,Unknown,,0,False,Evening
Lockport,Illinois,-88.05783699999999,41.5894752,No,2+,Supernatural,figure,silent figure,1,False,Dusk
Lockport,Illinois,-88.05783699999999,41.5894752,Yes,2+,Supernatural,ghost,,1,False,Unknown
Lockport,Illinois,-88.05783699999999,41.5894752,Yes,3+,Supernatural,witch,,1,False,Morning
Kokomo,Indiana,-86.13360329999999,40.486427,No,0,Unknown,Unknown,,0,False,Dusk
Kosciosko,Indiana,-85.84862360000001,41.2864679,No,3+,Supernatural,Unknown,,0,False,Evening
La Porte,Indiana,-86.7227195,41.611143,No,1,Supernatural,Unknown,,0,False,Unknown
La Porte,Indiana,-86.7227195,41.611143,Yes,1,Unknown,Unknown,,0,False,Unknown
La Porte,Indiana,-86.7227195,41.611143,No,1,Supernatural,figure,,1,False,Dusk
La Porte,Indiana,-86.7227195,41.611143,No,1,Suicide,Unknown,,0,False,Evening
Laborite,Indiana,,,Yes,3+,Supernatural,ghost orb,,2,False,Evening
Lafayette,Indiana,-86.87528689999999,40.4167022,Yes,0,Supernatural,ghost,,1,False,Unknown
Lafayette,Indiana,-86.87528689999999,40.4167022,Yes,4,Murder,Unknown,,0,False,Evening
Lake County,Indiana,-87.30161319999999,41.4897279,No,0,Unknown,Unknown,,0,False,Unknown
Lake County,Indiana,-87.30161319999999,41.4897279,No,1,Supernatural,orb figure mist,,3,False,Dusk
Lake Station,Indiana,-87.23892459999999,41.5750369,No,0,Supernatural,Unknown,,0,False,Dusk
Lake Village,Indiana,-87.44864369999999,41.1375346,Yes,1,Supernatural,Unknown,,0,False,Unknown
Lawrenceburg,Indiana,-84.8499504,39.090891,No,1,Unknown,Unknown,,0,False,Unknown
Lawrenceburg,Indiana,-84.8499504,39.090891,No,2,Supernatural,ghost,,1,False,Dusk
Lebanon,Indiana,-86.4691677,40.0483744,No,1,Unknown,Unknown,,0,False,Evening
Leesburg,Indiana,-85.8499921,41.3319904,Yes,1,Supernatural,ghost apparition,local ghost,2,False,Evening
Leo,Indiana,-85.0166351,41.2125494,No,3+,Supernatural,shadow,,1,False,Unknown
Leo,Indiana,-85.0166351,41.2125494,No,1,Supernatural,Unknown,,0,False,Evening
LaPorte,Indiana,-86.7227195,41.611143,No,3+,Murder,ghost figure,,2,False,Dusk
Lewisville Henry County,Indiana,-85.35274679999999,39.8067126,No,0,Murder,ghost,,1,False,Unknown
Liberty Mills,Indiana,-85.7358184,41.03365609999999,Yes,2+,Unknown,Unknown,,0,False,Evening
Linden,Indiana,-86.9038959,40.1880944,No,2+,Murder,Unknown,,0,False,Morning
Linton,Indiana,-87.1658458,39.0347666,Yes,1,Supernatural,Unknown,,0,False,Dusk
Logansport,Indiana,-86.3566659,40.7544843,Yes,1,Supernatural,Unknown,,0,False,Dusk
Logansport,Indiana,-86.3566659,40.7544843,No,1,Supernatural,Unknown,,0,False,Dusk
Loogootee,Indiana,-86.9141695,38.6769945,Yes,1+,Supernatural,Unknown,,0,False,Dusk
Loogootee,Indiana,-86.9141695,38.6769945,Yes,3+,Suicide,Unknown,,0,False,Dusk
Lowell,Indiana,-87.4205903,41.2914243,Yes,1,Supernatural,Unknown,,0,False,Unknown
Lowell,Indiana,-87.4205903,41.2914243,No,0,Murder,Unknown,,0,False,Dusk
Lowell,Indiana,-87.4205903,41.2914243,No,5+,Unknown,Unknown,,0,False,Dusk
Macy,Indiana,-86.12721839999999,40.95920900000001,No,1+,Supernatural,ghost,,1,False,Evening
Madison,Indiana,-85.37995769999999,38.7358933,No,0,Supernatural,Unknown,,0,False,Dusk
Loves Park,Illinois,-89.05816209999999,42.3200189,Yes,0,Unknown,Unknown,,0,False,Unknown
Macomb,Illinois,-90.6717971,40.4592076,Yes,3+,Supernatural,ghost shadow,local ghost,2,False,Dusk
Macomb,Illinois,-90.6717971,40.4592076,Yes,2,Supernatural,Unknown,,0,False,Dusk
Macomb,Illinois,-90.6717971,40.4592076,Yes,1,Suicide,ghost,local ghost,1,False,Dusk
Macomb,Illinois,-90.6717971,40.4592076,No,1,Suicide,Unknown,,0,False,Evening
Macomb,Illinois,-90.6717971,40.4592076,Yes,3,Supernatural,Unknown,,0,False,Dusk
Macomb,Illinois,-90.6717971,40.4592076,No,3+,Supernatural,ghost,,1,False,Dusk
Macomb,Illinois,-90.6717971,40.4592076,Yes,1,Supernatural,Unknown,,0,False,Unknown
Macomb,Illinois,-90.6717971,40.4592076,Yes,2+,Suicide,Unknown,,0,False,Dusk
Macoupin,Illinois,-89.9253233,39.2375268,No,1,Supernatural,spirit,,1,False,Unknown
Mattoon,Illinois,-88.37282549999999,39.48308970000001,No,1,Murder,Unknown,,0,False,Dusk
Machesney Park,Illinois,-89.03899559999999,42.3472406,Yes,1,Unknown,Unknown,,0,False,Dusk
Manteno,Illinois,-87.8314324,41.2505881,No,0,Unknown,Unknown,,0,False,Dusk
Manteno,Illinois,-87.8314324,41.2505881,Yes,2+,Supernatural,Unknown,,0,False,Morning
Manteno,Illinois,-87.8314324,41.2505881,No,1+,Supernatural,Unknown,,0,False,Dusk
Manteno,Illinois,-87.8314324,41.2505881,No,0,Unknown,Unknown,,0,False,Morning
Maroa,Illinois,-88.957026,40.0364257,No,2+,Unknown,Unknown,,0,False,Unknown
Marshall,Illinois,-87.6936384,39.3914252,No,1+,Murder,ghost apparition orb,,3,True,Unknown
Mascoutah,Illinois,-89.793154,38.490327,Yes,2+,Murder,Unknown,,0,False,Dusk
Mason City,Illinois,-89.6981639,40.2022663,Yes,3+,Supernatural,orb,,1,True,Evening
Mattoon,Illinois,-88.37282549999999,39.48308970000001,No,2+,Supernatural,Unknown,,0,False,Unknown
Maywood,Illinois,-87.8431155,41.8791979,No,0,Unknown,Unknown,,0,False,Evening
Mattoon,Illinois,-88.37282549999999,39.48308970000001,No,0,Unknown,Unknown,,0,False,Evening
McClure,Illinois,-89.43147809999999,37.317828,Yes,2+,Murder,Unknown,,0,False,Dusk
McHenry,Illinois,-88.2667534,42.333355,No,50+,Supernatural,spirit,,1,False,Dusk
McNabb,Illinois,-89.2092522,41.17697990000001,No,1+,Supernatural,Unknown,,0,False,Evening
Middletown,Illinois,-89.59093779999999,40.1003246,Yes,1,Supernatural,apparition,,1,False,Dusk
Midlothian,Illinois,-87.7175491,41.6253116,No,0,Supernatural,ghost,,1,False,Dusk
Milan,Illinois,-90.5720803,41.453089,Yes,2+,Murder,Unknown,,0,False,Dusk
Millstadt,Illinois,-90.0917755,38.4614404,No,0,Suicide,ghost witch,,2,False,Dusk
Minonk,Illinois,-89.0345224,40.9044778,No,2+,Supernatural,shadow,,1,False,Dusk
Madison,Indiana,-85.37995769999999,38.7358933,Yes,0,Unknown,Unknown,,0,False,Dusk
Madison,Indiana,-85.37995769999999,38.7358933,No,0,Supernatural,ghost,,1,False,Morning
Madison,Indiana,-85.37995769999999,38.7358933,Yes,2+,Supernatural,Unknown,,0,False,Dusk
Madison,Indiana,-85.37995769999999,38.7358933,No,1,Supernatural,spirit,,1,False,Evening
Madison,Indiana,-85.37995769999999,38.7358933,Yes,0,Supernatural,Unknown,,0,False,Dusk
Madison,Indiana,-85.37995769999999,38.7358933,Yes,0,Supernatural,orb,,1,False,Evening
Marengo,Indiana,-86.34359169999999,38.36922759999999,Yes,3+,Supernatural,Unknown,,0,False,Evening
Marion,Indiana,-85.6591442,40.5583739,Yes,0,Unknown,Unknown,,0,False,Dusk
Markleville,Indiana,-85.61469819999999,39.9778218,No,0,Supernatural,ghost,,1,False,Dusk
Marshall,Indiana,-87.18779010000002,39.8480969,No,0,Supernatural,Unknown,,0,False,Evening
Martinsville,Indiana,-86.4283279,39.42782529999999,Yes,10+,Unknown,Unknown,,0,False,Evening
Matthews,Indiana,-85.4994167,40.38865310000001,No,1,Supernatural,ghost shadow,abandoned ghost,2,False,Dusk
Mecca,Indiana,-87.33057199999999,39.7272609,No,2+,Supernatural,ghost,,1,False,Unknown
Merrillville & Griffith,Indiana,-87.33281389999999,41.4828144,No,3+,Suicide,apparition figure,,2,False,Dusk
Michigan City,Indiana,-86.8950297,41.70753939999999,Yes,1,Murder,Unknown,,0,False,Dusk
Michigan city,Indiana,-86.8950297,41.70753939999999,No,0,Unknown,Unknown,,0,False,Dusk
Middlebury,Indiana,-85.7061011,41.675328,No,2+,Unknown,Unknown,,0,False,Unknown
Mishawaka,Indiana,-86.15861559999999,41.6619927,No,1,Suicide,Unknown,,0,False,Dusk
Mishawaka,Indiana,-86.15861559999999,41.6619927,Yes,3+,Suicide,apparition,,1,False,Unknown
Mitchell,Indiana,-86.4736019,38.7328304,No,1,Murder,figure,,1,False,Dusk
Minooka,Illinois,-88.2617305,41.4553084,Yes,1,Supernatural,Unknown,,0,False,Dusk
Minooka,Illinois,-88.2617305,41.4553084,No,1,Unknown,Unknown,,0,False,Dusk
Moline,Illinois,-90.5151342,41.5067003,Yes,2+,Unknown,Unknown,,0,False,Evening
Moro,Illinois,-90.02204909999999,38.924769,Yes,2+,Suicide,figure,ghostly figure,1,False,Dusk
Monmouth,Illinois,-90.6473576,40.9114271,No,0,Unknown,Unknown,,0,False,Unknown
Monmouth,Illinois,-90.6473576,40.9114271,Yes,2+,Murder,Unknown,,0,True,Unknown
Montecello,Illinois,-88.57339789999999,40.0278116,Yes,0,Supernatural,Unknown,,0,False,Unknown
Morris,Illinois,-88.4211785,41.357254,Yes,3+,Supernatural,Unknown,,0,False,Dusk
Morris,Illinois,-88.4211785,41.357254,No,1,Supernatural,orb,,1,True,Dusk
Morris/Minooka,Illinois,-88.4525065,41.4441856,No,1+,Natural Disaster,Unknown,,0,False,Unknown
Mounds,Illinois,-89.197853,37.1142176,No,0,Murder,ghost figure,,2,False,Dusk
Mt. Prospect,Illinois,-87.9372908,42.0664167,No,2+,Supernatural,shadow,,1,False,Dusk
Mt. Pulaski,Illinois,-89.282314,40.0108767,Yes,4+,Supernatural,ghost figure,,2,False,Dusk
Mundelein,Illinois,-88.00396529999999,42.263079,No,1,Natural Disaster,spirit,,1,False,Dusk
Mundelein,Illinois,-88.00396529999999,42.263079,No,1,Murder,figure,white figure,1,False,Unknown
Nashville,Illinois,-89.3806398,38.3436612,Yes,3,Unknown,Unknown,,0,False,Dusk
New Athens,Illinois,-89.8770468,38.3264383,Yes,2+,Death,ghost,,1,False,Morning
New Athens,Illinois,-89.8770468,38.3264383,Yes,1,Unknown,Unknown,,0,False,Dusk
New Lenox,Illinois,-87.9656098,41.5119761,No,0,Unknown,Unknown,,0,False,Dusk
New Lenox,Illinois,-87.9656098,41.5119761,No,1+,Supernatural,ghost,headless ghost,1,False,Dusk
New Lenox,Illinois,-87.9656098,41.5119761,Yes,2+,Supernatural,Unknown,,0,False,Unknown
Normal,Illinois,-88.9906312,40.5142026,No,3+,Supernatural,orb,,1,False,Evening
Normal,Illinois,-88.9906312,40.5142026,No,1,Supernatural,ghost presence,"strong presence, negative presence",2,False,Unknown
Normal,Illinois,-88.9906312,40.5142026,Yes,0,Supernatural,Unknown,,0,False,Dusk
Normal,Illinois,-88.9906312,40.5142026,Yes,5+,Supernatural,spirit,present spirit,1,False,Unknown
Oak Park,Illinois,-87.7845025,41.8850317,No,2+,Murder,Unknown,,0,False,Dusk
Oakbrook,Illinois,-87.95355339999999,41.8397865,No,1+,Supernatural,Unknown,,0,False,Evening
Oakbrook,Illinois,-87.95355339999999,41.8397865,No,1+,Supernatural,apparition,,1,False,Dusk
Oakland,Illinois,-88.0261471,39.6539235,No,0,Unknown,Unknown,,0,False,Unknown
Oakly Township,Illinois,-88.79747929999999,39.8825563,Yes,0,Supernatural,Unknown,,0,False,Evening
Olney,Illinois,-88.0853154,38.7308811,No,0,Supernatural,Unknown,,0,False,Unknown
Olney,Illinois,-88.0853154,38.7308811,Yes,0,Supernatural,Unknown,,0,False,Evening
Mooresville,Indiana,-86.37415999999999,39.6128243,No,0,Unknown,Unknown,,0,False,Dusk
Morristown,Indiana,-85.69858820000002,39.6733785,No,0,Supernatural,spirit,,1,False,Evening
Mount Vernon,Indiana,-87.8950267,37.9322662,No,0,Supernatural,Unknown,,0,False,Unknown
Mulberry,Indiana,-86.6652821,40.34448039999999,Yes,1+,Murder,Unknown,,0,False,Dusk
Muncie,Indiana,-85.3863599,40.1933767,Yes,5,Supernatural,ghost,,1,False,Evening
Muncie,Indiana,-85.3863599,40.1933767,Yes,1,Suicide,Unknown,,0,False,Evening
Munster,Indiana,-87.5125412,41.5644798,No,1,Natural Disaster,Unknown,,0,False,Evening
New Albany,Indiana,-85.8241312,38.2856247,Yes,2+,Supernatural,ghost,,1,False,Morning
New Albany,Indiana,-85.8241312,38.2856247,No,0,Unknown,Unknown,,0,False,Dusk
New Carlisle,Indiana,-86.509462,41.7003231,No,1,Supernatural,ghost,,1,False,Dusk
New Castle,Indiana,-85.3702476,39.928935,Yes,0,Supernatural,Unknown,,0,False,Dusk
New Corydon,Indiana,-84.8399642,40.5686574,Yes,5+,Supernatural,apparition figure witch,such apparition,3,False,Unknown
New Cordyon,Indiana,-84.8399642,40.5686574,No,1,Supernatural,shadow,,1,False,Dusk
New Haven,Indiana,-85.0144124,41.0706042,No,5+,Natural Disaster,ghost orb,,2,True,Evening
New Haven,Indiana,-85.0144124,41.0706042,Yes,2+,Murder,Unknown,,0,False,Dusk
New Mount Pleasant,Indiana,-85.0649687,40.3558775,No,0,Unknown,Unknown,,0,False,Evening
Noblesville,Indiana,-86.0085955,40.0455917,No,3+,Supernatural,Unknown,,0,False,Evening
North Judson,Indiana,-86.7758501,41.2150403,Yes,2+,Murder,Unknown,,0,False,Dusk
North Webster,Indiana,-85.69776480000002,41.325602,Yes,2+,Unknown,Unknown,,0,False,Dusk
North Vernon,Indiana,-85.6235796,39.006165,No,1+,Murder,Unknown,,0,False,Evening
Oakland City,Indiana,-87.3450132,38.3386591,No,0,Suicide,Unknown,,0,False,Evening
Oakville,Indiana,-85.39052649999999,40.0792119,No,0,Supernatural,apparition phantom,,2,False,Unknown
Old Oaklandon,Indiana,-85.961709,39.8905192,No,0,Supernatural,shadow,,1,False,Unknown
Orange County,Indiana,-86.49965460000001,38.5169004,No,2+,Murder,Unknown,,0,False,Evening
Oragneville,Indiana,-86.5602614,38.6235601,No,0,Murder,Unknown,,0,False,Dusk
Osgood,Indiana,-85.29162790000001,39.1292199,No,1,Murder,spirit,evil spirit,1,False,Unknown
Parke,Indiana,-87.14228949999999,39.69929459999999,Yes,1+,Murder,Unknown,,0,False,Dusk
Pekin,Indiana,-86.016919,38.50506,No,1,Supernatural,Unknown,,0,False,Dusk
Pendleton,Indiana,-85.7466439,39.9975414,Yes,0,Supernatural,Unknown,,0,False,Dusk
Pendleton,Indiana,-85.7466439,39.9975414,Yes,2+,Murder,Unknown,,0,False,Morning
Olney,Illinois,-88.0853154,38.7308811,No,0,Murder,ghost,,1,False,Evening
Oquawka,Illinois,-90.9470863,40.931982,No,1,Unknown,Unknown,,0,False,Dusk
Oswego,Illinois,-88.35145960000001,41.6828074,No,0,Unknown,Unknown,,0,False,Unknown
Ottawa,Illinois,-88.8425769,41.3455892,No,3+,Murder,orb,,1,True,Morning
Palatine,Illinois,-88.03424000000001,42.1103041,No,0,Supernatural,Unknown,,0,False,Dusk
Palatine,Illinois,-88.03424000000001,42.1103041,Yes,2+,Murder,spirit,,1,False,Dusk
Pekin,Illinois,-89.640658,40.5675388,No,1,Supernatural,mist,,1,False,Evening
Pekin,Illinois,-89.640658,40.5675388,No,1,Supernatural,Unknown,,0,False,Dusk
Peoria,Illinois,-89.5889864,40.6936488,No,1,Supernatural,apparition,,1,False,Dusk
Peoria,Illinois,-89.5889864,40.6936488,No,3+,Murder,presence,s presence,1,False,Unknown
Peoria,Illinois,-89.5889864,40.6936488,No,1,Unknown,Unknown,,0,False,Dusk
Peoria,Illinois,-89.5889864,40.6936488,No,3+,Supernatural,ghost,friendly ghost,1,False,Evening
Peoria,Illinois,-89.5889864,40.6936488,No,1+,Supernatural,Unknown,,0,False,Unknown
Peoria,Illinois,-89.5889864,40.6936488,No,2+,Unknown,Unknown,,0,False,Dusk
Peoria,Illinois,-89.5889864,40.6936488,Yes,0,Supernatural,apparition,,1,False,Unknown
Petersburg,Illinois,-89.8481652,40.0117151,No,1,Supernatural,ghost,,1,False,Evening
Pontiac,Illinois,-88.62978389999999,40.8808666,No,2+,Unknown,Unknown,,0,False,Unknown
Port Byron,Illinois,-90.3354061,41.6064219,Yes,3+,Supernatural,presence,strong presence,1,False,Dusk
Quincy,Illinois,-91.4098726,39.9356016,Yes,1,Supernatural,Unknown,,0,False,Evening
Quincy,Illinois,-91.4098726,39.9356016,No,0,Murder,Unknown,,0,False,Morning
Quincy,Illinois,-91.4098726,39.9356016,Yes,1+,Supernatural,Unknown,,0,False,Dusk
Reynolds Township,Illinois,-89.1134166,41.8566676,No,1,Unknown,Unknown,,0,False,Dusk
Rock Island,Illinois,-90.5787476,41.5094771,Yes,0,Supernatural,Unknown,,0,False,Dusk
Pendleton,Indiana,-85.7466439,39.9975414,No,0,Unknown,Unknown,,0,False,Evening
Pendleton,Indiana,-85.7466439,39.9975414,No,0,Supernatural,spirit,,1,False,Evening
Peru,Indiana,-86.0688811,40.7536528,No,1,Supernatural,Unknown,,0,False,Unknown
Peru,Indiana,-86.0688811,40.7536528,No,0,Supernatural,Unknown,,0,False,Dusk
Peru,Indiana,-86.0688811,40.7536528,Yes,8,Murder,spirit,,1,False,Unknown
Peru,Indiana,-86.0688811,40.7536528,No,1,Supernatural,Unknown,,0,False,Evening
Petersville,Indiana,-85.821022,39.22366299999999,No,0,Supernatural,orb figure,bright figure,2,True,Unknown
Pike County,Indiana,-87.2618328,38.4110583,No,0,Supernatural,witch,,1,False,Unknown
Plevna,Indiana,-85.9760312,40.5359229,No,0,Supernatural,orb,,1,False,Unknown
Plymouth,Indiana,-86.3097278,41.3436554,No,2+,Supernatural,ghost,,1,False,Dusk
Poland,Indiana,-86.9507203,39.4440938,No,0,Supernatural,demon,,1,True,Morning
Poland,Indiana,-86.9507203,39.4440938,No,1+,Supernatural,ghost,,1,False,Dusk
Porter,Indiana,-87.07419949999999,41.6155937,No,3+,Supernatural,orb,,1,False,Dusk
Porter,Indiana,-87.07419949999999,41.6155937,No,2+,Supernatural,orb,,1,False,Dusk
Portage,Indiana,-87.1761455,41.5758707,Yes,3+,Supernatural,figure,,1,False,Unknown
Portage,Indiana,-87.1761455,41.5758707,Yes,3+,Murder,orb,,1,False,Unknown
Portland,Indiana,-84.9777455,40.43448950000001,No,1+,Murder,Unknown,,0,False,Dusk
Princeton,Indiana,-87.5675222,38.3553236,Yes,0,Suicide,Unknown,,0,False,Dusk
Redkey,Indiana,-85.14996959999999,40.3489327,Yes,0,Murder,Unknown,,0,False,Dusk
Reedsville,Indiana,,,No,0,Unknown,Unknown,,0,False,Evening
Reelsville,Indiana,-86.9669567,39.5575439,No,2+,Murder,ghost figure,,2,False,Evening
Reelsville,Indiana,-86.9669567,39.5575439,Yes,0,Murder,Unknown,,0,False,Dusk
Rensselaer,Indiana,-87.15085619999999,40.9367045,No,0,Unknown,Unknown,,0,False,Dusk
Rennsalaer,Indiana,-87.15085619999999,40.9367045,No,0,Unknown,Unknown,,0,False,Evening
Rensselaer,Indiana,-87.15085619999999,40.9367045,No,2+,Supernatural,spirit,,1,False,Unknown
Rensselaer,Indiana,-87.15085619999999,40.9367045,No,0,Unknown,Unknown,,0,False,Morning
Rockford,Illinois,-89.0939952,42.2711311,No,1,Supernatural,orb,,1,False,Unknown
Rockford,Illinois,-89.0939952,42.2711311,No,2+,Murder,shadow,black shadow,1,False,Dusk
Rockfard,Illinois,-89.0939952,42.2711311,No,0,Supernatural,ghost,,1,False,Dusk
Rockford,Illinois,-89.0939952,42.2711311,Yes,3+,Supernatural,Unknown,,0,False,Morning
Rockford,Illinois,-89.0939952,42.2711311,Yes,2+,Supernatural,figure,,1,False,Evening
Rockford,Illinois,-89.0939952,42.2711311,No,5+,Supernatural,presence,,1,False,Dusk
Rockford,Illinois,-89.0939952,42.2711311,Yes,2+,Supernatural,shadow,,1,False,Dusk
Rockford,Illinois,-89.0939952,42.2711311,No,0,Supernatural,apparition figure,male figure,2,False,Evening
Rockford,Illinois,-89.0939952,42.2711311,Yes,3+,Murder,Unknown,,0,False,Morning
Rockford,Illinois,-89.0939952,42.2711311,Yes,1,Unknown,Unknown,,0,False,Evening
Rockford,Illinois,-89.0939952,42.2711311,Yes,2+,Supernatural,Unknown,,0,False,Evening
Rockford,Illinois,-89.0939952,42.2711311,Yes,0,Supernatural,ghost,,1,False,Evening
Rockford,Illinois,-89.0939952,42.2711311,Yes,5+,Supernatural,ghost,,1,False,Dusk
Rockford,Illinois,-89.0939952,42.2711311,Yes,2+,Supernatural,Unknown,,0,False,Evening
Rockford,Illinois,-89.0939952,42.2711311,No,0,Suicide,Unknown,,0,False,Evening
Rockford,Illinois,-89.0939952,42.2711311,No,1,Death,figure,,1,False,Dusk
Rockton,Illinois,-89.07233169999999,42.4525157,No,0,Supernatural,Unknown,,0,False,Dusk
Rolling Meadows,Illinois,-88.0131275,42.0841936,Yes,2+,Murder,Unknown,,0,False,Dusk
Rosemont,Illinois,-87.8721602,41.98675069999999,Yes,4+,Suicide,figure,,1,False,Unknown
Rosiclare,Illinois,-88.3461483,37.4236626,Yes,1,Supernatural,spirit,,1,False,Dusk
Rushville,Illinois,-90.56318290000002,40.1211577,Yes,3+,Murder,Unknown,,0,False,Evening
Shelbyville,Illinois,-88.7900689,39.4064284,Yes,3+,Murder,orb,,1,False,Unknown
Sidney,Illinois,-88.0733729,40.0250332,Yes,0,Supernatural,Unknown,,0,False,Unknown
Sidney,Illinois,-88.0733729,40.0250332,No,0,Murder,Unknown,,0,False,Evening
Sleepy Hollow,Illinois,-88.3025806,42.0941923,Yes,3,Death,Unknown,,0,False,Dusk
Spring Valley,Illinois,-89.1998076,41.3275352,No,0,Murder,Unknown,,0,False,Dusk
Springfield,Illinois,-89.6501481,39.78172130000001,No,0,Supernatural,Unknown,,0,False,Evening
Springfield,Illinois,-89.6501481,39.78172130000001,Yes,2+,Murder,Unknown,,0,False,Evening
Springfield,Illinois,-89.6501481,39.78172130000001,No,2+,Supernatural,Unknown,,0,False,Dusk
Springfield,Illinois,-89.6501481,39.78172130000001,Yes,0,Murder,Unknown,,0,False,Evening
Springfield,Illinois,-89.6501481,39.78172130000001,No,0,Murder,Unknown,,0,False,Evening
Rensselaer,Indiana,-87.15085619999999,40.9367045,Yes,1,Supernatural,Unknown,,0,False,Dusk
Rensselaer,Indiana,-87.15085619999999,40.9367045,No,3+,Unknown,Unknown,,0,False,Dusk
Rensselaer,Indiana,-87.15085619999999,40.9367045,Yes,2+,Supernatural,Unknown,,0,False,Dusk
Rensselaer,Indiana,-87.15085619999999,40.9367045,No,3+,Suicide,Unknown,,0,False,Unknown
Rensselaer,Indiana,-87.15085619999999,40.9367045,No,0,Murder,Unknown,,0,False,Dusk
Richmond,Indiana,-84.8902382,39.8289369,Yes,2,Unknown,Unknown,,0,False,Evening
Ridgeville,Indiana,-85.028857,40.2892107,No,1,Unknown,Unknown,,0,False,Evening
Rockport,Indiana,-87.0494408,37.8831055,Yes,5+,Supernatural,ghost,,1,False,Dusk
Rochester,Indiana,-86.2158331,41.0647645,Yes,1,Supernatural,Unknown,,0,False,Evening
Rochester,Indiana,-86.2158331,41.0647645,No,0,Unknown,Unknown,,0,False,Dusk
Rochester,Indiana,-86.2158331,41.0647645,No,0,Unknown,Unknown,,0,False,Unknown
Rockport,Indiana,-87.0494408,37.8831055,Yes,5+,Supernatural,Unknown,,0,False,Unknown
Rolling Prairie,Indiana,-86.6158538,41.67087710000001,No,1,Supernatural,Unknown,,0,False,Morning
Salem,Indiana,-86.101089,38.6056131,Yes,1,Murder,Unknown,,0,False,Unknown
San Pierre,Indiana,-86.8940195,41.1986259,No,0,Murder,Unknown,,0,False,Dusk
Schererville,Indiana,-87.4547605,41.4789246,Yes,3+,Unknown,Unknown,,0,False,Dusk
Scottsburg,Indiana,-85.7702451,38.685614,No,0,Supernatural,Unknown,,0,False,Dusk
Scottsburg,Indiana,-85.7702451,38.685614,Yes,1,Supernatural,Unknown,,0,False,Evening
Sellersburg,Indiana,-85.754964,38.3981216,Yes,0,Murder,Unknown,,0,False,Dusk
Sharpsville,Indiana,-86.0886009,40.3794822,Yes,2+,Unknown,Unknown,,0,False,Evening
Shelby,Indiana,-87.3479261,41.1953592,Yes,1,Supernatural,apparition,,1,False,Dusk
Shelbyville,Indiana,-85.7769238,39.5214373,Yes,0,Murder,Unknown,,0,False,Dusk
Shelbyville,Indiana,-85.7769238,39.5214373,No,1,Supernatural,ghost werewolf,"male ghost, careful ghost",2,False,Dusk
Shoals,Indiana,-86.7911096,38.6664401,Yes,1,Murder,Unknown,,0,False,Morning
Shoals,Indiana,-86.7911096,38.6664401,Yes,0,Supernatural,ghost spirit,many spirit,2,False,Dusk
Shoals,Indiana,-86.7911096,38.6664401,Yes,2+,Unknown,Unknown,,0,False,Evening
South bend,Indiana,-86.25198979999999,41.6763545,No,1,Supernatural,Unknown,,0,False,Evening
South Bend,Indiana,-86.25198979999999,41.6763545,No,0,Supernatural,Unknown,,0,False,Dusk
South Bend,Indiana,-86.25198979999999,41.6763545,No,0,Supernatural,phantom,,1,False,Unknown
South Bend,Indiana,-86.25198979999999,41.6763545,Yes,1,Supernatural,Unknown,,0,False,Evening
South Bend,Indiana,-86.25198979999999,41.6763545,No,0,Unknown,Unknown,,0,False,Morning
South Bend,Indiana,-86.25198979999999,41.6763545,No,0,Unknown,Unknown,,0,False,Morning
Springfield,Illinois,-89.6501481,39.78172130000001,No,1,Supernatural,Unknown,,0,False,Unknown
Springfield,Illinois,-89.6501481,39.78172130000001,No,0,Supernatural,Unknown,,0,False,Dusk
St. Charles,Illinois,-88.3086867,41.9141945,Yes,0,Supernatural,Unknown,,0,False,Unknown
St. Charles,Illinois,-88.3086867,41.9141945,No,0,Supernatural,Unknown,,0,False,Morning
St. Charles,Illinois,-88.3086867,41.9141945,Yes,0,Supernatural,Unknown,,0,False,Unknown
St. Charles,Illinois,-88.3086867,41.9141945,Yes,0,Murder,Unknown,,0,False,Unknown
St. Charles,Illinois,-88.3086867,41.9141945,No,0,Supernatural,Unknown,,0,False,Evening
St. David,Illinois,-90.04872840000002,40.4933728,Yes,0,Suicide,Unknown,,0,False,Dusk
St. Elmo,Illinois,-88.8537254,39.02623510000001,Yes,0,Natural Disaster,figure,,1,False,Dusk
Steger,Illinois,-87.636432,41.4700348,No,1,Unknown,Unknown,,0,True,Dusk
Sterling,Illinois,-89.69621939999999,41.788642,Yes,1,Death,ghost,,1,False,Dusk
Stickney,Illinois,-87.7828339,41.821421,No,0,Murder,spirit,,1,False,Dusk
Streamwood,Illinois,-88.17840849999999,42.0255827,Yes,1,Supernatural,ghost,,1,False,Dusk
Streamwood,Illinois,-88.17840849999999,42.0255827,No,3+,Supernatural,spirit,,1,False,Evening
Streator,Illinois,-88.835352,41.12086679999999,No,2+,Natural Disaster,spirit mist,,2,False,Evening
Sycamore,Illinois,-88.6867538,41.9889173,Yes,0,Unknown,Unknown,,0,False,Dusk
Taylorville,Illinois,-89.294533,39.548935,No,0,Supernatural,specter,,1,False,Dusk
Taylorville,Illinois,-89.294533,39.548935,No,0,Death,Unknown,,0,False,Dusk
Taylorville,Illinois,-89.294533,39.548935,Yes,0,Supernatural,witch,,1,False,Dusk
Tolono,Illinois,-88.2589387,39.9861415,No,54,Murder,shadow figure,,2,False,Dusk
Tolono,Illinois,-88.2589387,39.9861415,No,1,Supernatural,ghost,,1,False,Morning
Tolono,Illinois,-88.2589387,39.9861415,No,6,Supernatural,figure,,1,False,Dusk
Tremont,Illinois,-89.49259789999999,40.5275392,Yes,0,Unknown,Unknown,,0,False,Dusk
Urbana,Illinois,-88.2072697,40.1105875,No,1+,Supernatural,ghost,,1,False,Dusk
Urbana,Illinois,-88.2072697,40.1105875,No,1+,Suicide,ghost,,1,False,Evening
Urbana,Illinois,-88.2072697,40.1105875,No,1,Supernatural,orb,,1,False,Unknown
Valley View,Illinois,-88.2989657,41.9661384,Yes,1,Supernatural,figure,white figure,1,False,Unknown
Vandalia,Illinois,-89.0936778,38.9606009,No,4+,Death,orb,,1,False,Dusk
Vermont,Illinois,-90.4279033,40.2942106,Yes,3+,Supernatural,figure,human figure,1,False,Unknown
Vernon hills,Illinois,-87.9653565,42.23933230000001,No,0,Murder,Unknown,,0,False,Dusk
Versailles,Illinois,-90.6559611,39.8850477,Yes,3+,Murder,apparition,full apparition,1,False,Evening
Villa Park,Illinois,-87.98895429999999,41.8897519,Yes,2+,Unknown,Unknown,,0,False,Evening
Villa Park,Illinois,-87.98895429999999,41.8897519,Yes,3+,Supernatural,Unknown,,0,False,Evening
South Bend,Indiana,-86.25198979999999,41.6763545,No,2,Suicide,ghost,,1,False,Evening
South Bend,Indiana,-86.25198979999999,41.6763545,No,3+,Death,ghost spirit,,2,False,Dusk
South Bend,Indiana,-86.25198979999999,41.6763545,No,2+,Murder,Unknown,,0,False,Unknown
South Bend,Indiana,-86.25198979999999,41.6763545,Yes,0,Murder,Unknown,,0,False,Evening
South Whitley,Indiana,-85.62803810000001,41.0847677,No,1+,Supernatural,apparition,,1,False,Dusk
South Whitley,Indiana,-85.62803810000001,41.0847677,No,1,Supernatural,Unknown,,0,False,Dusk
Southport,Indiana,-86.1166506,39.6618814,Yes,1,Murder,Unknown,,0,False,Dusk
St. Paul,Indiana,-85.6283088,39.4281048,Yes,0,Murder,Unknown,,0,False,Evening
St. Paul,Indiana,-85.6283088,39.4281048,Yes,3,Supernatural,Unknown,,0,False,Morning
Sullivan,Indiana,-87.4058525,39.0953199,No,1,Murder,Unknown,,0,False,Dusk
Sullivan County,Indiana,-87.42075179999999,39.08431220000001,Yes,2+,Supernatural,shadow,,1,False,Morning
Sunman,Indiana,-85.0946809,39.2369971,Yes,0,Unknown,Unknown,,0,False,Unknown
Tab,Indiana,-87.47404089999999,40.413263,Yes,0,Supernatural,Unknown,,0,False,Dusk
Terre Haute,Indiana,-87.41390919999999,39.4667034,No,0,Unknown,Unknown,,0,False,Unknown
Terre Haute,Indiana,-87.41390919999999,39.4667034,Yes,1+,Supernatural,apparition orb,,2,True,Unknown
Terre Haute,Indiana,-87.41390919999999,39.4667034,No,0,Death,Unknown,,0,False,Evening
Terre Haute,Indiana,-87.41390919999999,39.4667034,No,1+,Supernatural,orb mist,small mist,2,True,Dusk
Terre Haute,Indiana,-87.41390919999999,39.4667034,Yes,3+,Murder,ghost,,1,False,Evening
Terre Haute,Indiana,-87.41390919999999,39.4667034,Yes,0,Supernatural,Unknown,,0,False,Dusk
Terre Haute,Indiana,-87.41390919999999,39.4667034,No,1,Supernatural,Unknown,,0,False,Evening
Terre Haute,Indiana,-87.41390919999999,39.4667034,No,1,Supernatural,Unknown,,0,False,Evening
Tunnelton,Indiana,-86.3435202,38.7677209,Yes,0,Murder,ghost,,1,False,Dusk
Union Mills,Indiana,-86.7774419,41.4930116,No,1,Supernatural,figure,shadowy figure,1,False,Evening
Viola,Illinois,-90.5870792,41.20309109999999,No,1,Supernatural,ghost,,1,False,Dusk
Wadsworth,Illinois,-87.92396509999999,42.4286321,No,1+,Murder,witch,,1,False,Dusk
Warren County,Illinois,-90.6773046,40.8758777,No,0,Unknown,Unknown,,0,False,Dusk
Wayne,Illinois,-88.242369,41.9508336,No,0,Murder,Unknown,,0,False,Evening
Wayne City,Illinois,-88.5878312,38.345326,No,1,Supernatural,ghost,,1,False,Unknown
Warsaw,Illinois,-91.4345978,40.35921099999999,No,0,Murder,Unknown,,0,False,Dusk
Watseka,Illinois,-87.7364218,40.7761465,No,2+,Unknown,Unknown,,0,False,Evening
Watseka,Illinois,-87.7364218,40.7761465,No,0,Unknown,Unknown,,0,False,Evening
Watseka,Illinois,-87.7364218,40.7761465,No,2,Supernatural,spirit demon,,2,False,Morning
Wauconda,Illinois,-88.1392474,42.2589122,No,1,Unknown,Unknown,,0,False,Dusk
Wauconda,Illinois,-88.1392474,42.2589122,No,0,Supernatural,spirit,,1,False,Dusk
Waukegan,Illinois,-87.84479379999999,42.3636331,No,2+,Supernatural,spirit,,1,False,Dusk
Wenona,Illinois,-89.05035869999999,41.0525331,No,0,Supernatural,ghost apparition,,2,False,Dusk
West of Ramsey,Illinois,-89.11361880000001,39.1443772,Yes,1,Supernatural,presence,,1,False,Unknown
Wheaton,Illinois,-88.1070127,41.8661403,Yes,4,Supernatural,Unknown,,0,False,Evening
Willmette,Illinois,-87.7228384,42.0722513,No,0,Supernatural,Unknown,,0,False,Dusk
Willow Springs,Illinois,-87.86033429999999,41.74086519999999,No,3+,Supernatural,spirit apparition,,2,True,Evening
Willow Springs,Illinois,-87.86033429999999,41.74086519999999,No,0,Murder,Unknown,,0,False,Dusk
Woodlawn,Illinois,-89.03256929999999,38.3300496,No,0,Unknown,Unknown,,0,False,Dusk
Woodstock,Illinois,-88.44870209999999,42.3147436,Yes,1,Supernatural,spirit,,1,False,Dusk
Woodstock,Illinois,-88.44870209999999,42.3147436,Yes,1+,Suicide,orb,,1,False,Evening
Woodstock,Illinois,-88.44870209999999,42.3147436,Yes,5+,Supernatural,ghost entity presence,"beautiful entity, unseen presence",3,False,Evening
Worth,Illinois,-87.79727539999999,41.6897548,No,0,Supernatural,Unknown,,0,False,Evening
Yorkville,Illinois,-88.44729480000001,41.6411409,No,3,Supernatural,Unknown,,0,False,Unknown
Yorkville,Illinois,-88.44729480000001,41.6411409,No,1,Unknown,Unknown,,0,False,Dusk
Zion,Illinois,-87.83285049999999,42.4461322,Yes,3+,Natural Disaster,ghost,,1,False,Morning
Abingdon,Virginia,-81.9773482,36.70983349999999,No,3+,Supernatural,ghost,,1,False,Dusk
Upland,Indiana,-85.4944168,40.4755974,Yes,0,Murder,Unknown,,0,False,Dusk
Utica,Indiana,-85.6535729,38.3336795,No,0,Unknown,Unknown,,0,False,Evening
Valparaiso,Indiana,-87.0611412,41.4730948,No,1,Unknown,Unknown,,0,False,Dusk
Valparaiso,Indiana,-87.0611412,41.4730948,Yes,2,Unknown,Unknown,,0,False,Unknown
Vanderburgh,Indiana,-87.5791287,38.0806099,No,0,Supernatural,ghost,,1,False,Dusk
Versailles,Indiana,-85.2519035,39.0719988,Yes,3,Supernatural,presence,,1,False,Dusk
Vincennes,Indiana,-87.5286325,38.677269,Yes,0,Supernatural,spirit,,1,False,Dusk
Vincennes,Indiana,-87.5286325,38.677269,No,0,Supernatural,figure,,1,False,Dusk
Wabash,Indiana,-85.8205411,40.797821,Yes,1+,Murder,Unknown,,0,False,Unknown
Wabash,Indiana,-85.8205411,40.797821,Yes,4+,Supernatural,apparition,,1,True,Dusk
Wabash,Indiana,-85.8205411,40.797821,No,3+,Supernatural,shadow,,1,False,Unknown
Walkerton,Indiana,-86.4830681,41.4667113,No,0,Suicide,Unknown,,0,False,Dusk
Wayne County,Indiana,-84.981754,39.831882,Yes,1,Supernatural,ghost shadow,,2,False,Unknown
Wayne Town,Indiana,-87.0597307,40.0875413,No,1+,Murder,Unknown,,0,False,Dusk
Warsaw,Indiana,-85.8530469,41.2381,No,0,Unknown,Unknown,,0,False,Unknown
Wayne,Indiana,-84.981754,39.831882,Yes,3+,Supernatural,presence,actual presence,1,False,Evening
Wells County/Warren,Indiana,-85.4271952,40.6828226,No,3+,Death,Unknown,,0,True,Unknown
West Lafayette,Indiana,-86.90806549999999,40.4258686,No,1,Supernatural,apparition,,1,False,Dusk
West Pittson,Indiana,,,Yes,4,Supernatural,Unknown,,0,False,Unknown
Alta Vista,Virginia,-79.285579,37.1118094,No,1,Supernatural,ghost,,1,False,Evening
Alexandria,Virginia,-77.0469214,38.8048355,No,1,Unknown,Unknown,,0,False,Dusk
Alexandria,Virginia,-77.0469214,38.8048355,No,0,Supernatural,Unknown,,0,False,Dusk
Alexandria,Virginia,-77.0469214,38.8048355,No,1,Murder,ghost,,1,False,Evening
Alexandria,Virginia,-77.0469214,38.8048355,No,1+,Supernatural,figure,,1,False,Evening
Alexandria,Virginia,-77.0469214,38.8048355,No,2+,Unknown,Unknown,,0,False,Dusk
Amelia,Virginia,-77.973865,37.3212714,No,1,Supernatural,apparition,,1,False,Dusk
Amelia,Virginia,-77.973865,37.3212714,Yes,3+,Unknown,Unknown,,0,False,Evening
Amherst,Virginia,-79.0514134,37.5851412,No,2+,Supernatural,Unknown,,0,False,Dusk
Annandale,Virginia,-77.1963703,38.8303905,No,1,Death,Unknown,,0,False,Evening
Annandale,Virginia,-77.1963703,38.8303905,No,3+,Supernatural,Unknown,,0,False,Evening
Arlington,Virginia,-77.09098089999999,38.8816208,Yes,1,Supernatural,figure,,1,False,Dusk
Ashland,Virginia,-77.47998369999999,37.7590318,No,2,Supernatural,ghost,,1,False,Morning
Ashland,Virginia,-77.47998369999999,37.7590318,No,1,Supernatural,Unknown,,0,False,Dusk
Ashland,Virginia,-77.47998369999999,37.7590318,No,1,Supernatural,ghost presence,,2,False,Evening
Barhamsville,Virginia,-76.84024029999999,37.4545901,Yes,1,Supernatural,ghost,,1,False,Dusk
Bassett,Virginia,-79.9903195,36.7593036,Yes,1,Murder,ghost,,1,False,Evening
Bedford,Virginia,-79.52308769999999,37.3343079,No,2+,Supernatural,apparition,white apparition,1,False,Evening
Blacksburg,Virginia,-80.4139393,37.2295733,Yes,1,Supernatural,Unknown,,0,False,Evening
Blacksburg,Virginia,-80.4139393,37.2295733,No,3+,Unknown,Unknown,,0,False,Evening
Boissevain,Virginia,-81.3803805,37.28178279999999,Yes,1,Unknown,Unknown,,0,False,Dusk
Bowling Green,Virginia,-77.3466468,38.0495789,No,0,Supernatural,ghost,,1,False,Dusk
Bridgewater,Virginia,-78.97669599999999,38.38207060000001,No,3,Supernatural,ghost,,1,False,Evening
Bristol,Virginia,-82.1888089,36.595141,No,0,Natural Disaster,presence,,1,False,Dusk
Buena Vista,Virginia,-79.35392379999999,37.7343004,Yes,3,Supernatural,shadow,,1,False,Dusk
Buena Vista,Virginia,-79.35392379999999,37.7343004,Yes,0,Supernatural,ghost,,1,False,Evening
Buena Vista,Virginia,-79.35392379999999,37.7343004,Yes,0,Supernatural,Unknown,,0,False,Evening
Bullrun Manasses,Virginia,-77.465,38.791981,No,0,Unknown,Unknown,,0,False,Evening
Chantilly,Virginia,-77.43109919999999,38.8942786,No,0,Murder,Unknown,,0,False,Evening
Charlottesville,Virginia,-78.47667810000002,38.0293059,Yes,4+,Supernatural,ghost,,1,False,Dusk
Charlottesville,Virginia,-78.47667810000002,38.0293059,Yes,0,Natural Disaster,apparition,,1,False,Unknown
Whiting,Indiana,-87.4944873,41.6797578,Yes,3+,Supernatural,Unknown,,0,False,Dusk
Willard,Indiana,-87.6647017,37.9662487,No,0,Supernatural,Unknown,,0,False,Evening
Williams,Indiana,-86.64726329999999,38.8044945,Yes,0,Suicide,Unknown,,0,False,Dusk
Winslow,Indiana,-87.21278629999999,38.382272,No,0,Murder,Unknown,,0,False,Dusk
Woodburn,Indiana,-84.8532963,41.1253271,Yes,0,Supernatural,shadow orb,,2,False,Dusk
Zionsville,Indiana,-86.261937,39.9508733,Yes,0,Unknown,Unknown,,0,False,Evening
Charlottesville,Virginia,-78.47667810000002,38.0293059,No,1,Unknown,Unknown,,0,False,Dusk
Chester,Virginia,-77.4416505,37.3568157,No,0,Supernatural,spirit,,1,False,Evening
Chilhowie,Virginia,-81.6823411,36.7984482,No,0,Supernatural,orb,,1,True,Dusk
Chilhowie,Virginia,-81.6823411,36.7984482,No,1,Unknown,Unknown,,0,False,Evening
Clinchco,Virginia,-82.3598688,37.1612189,Yes,0,Supernatural,Unknown,,0,False,Dusk
Christiansburg,Virginia,-80.4089389,37.1298517,Yes,3,Supernatural,shadow,,1,False,Evening
Clifton,Virginia,-77.3866535,38.7801142,No,1+,Supernatural,ghost,,1,False,Morning
Covington,Virginia,-79.99394629999999,37.7934585,Yes,1,Unknown,Unknown,,0,False,Evening
Crockett,Virginia,-81.1920399,36.8862308,Yes,0,Murder,Unknown,,0,False,Evening
Cumberland,Virginia,-78.24486639999999,37.4963918,No,0,Unknown,Unknown,,0,False,Dusk
Danville,Virginia,-79.39502279999999,36.5859718,Yes,1,Unknown,Unknown,,0,False,Evening
Danville,Virginia,-79.39502279999999,36.5859718,Yes,0,Supernatural,apparition,,1,False,Dusk
Danville,Virginia,-79.39502279999999,36.5859718,No,1,Unknown,Unknown,,0,False,Evening
Dumfries,Virginia,-77.3280382,38.5676202,Yes,5+,Supernatural,ghost,,1,False,Unknown
Eastern Henrico,Virginia,-77.3801161,37.5662322,Yes,1,Unknown,Unknown,,0,False,Evening
Emory,Virginia,-81.834939,36.77381099999999,Yes,2+,Supernatural,Unknown,,0,False,Evening
Fairfax,Virginia,-77.30637329999999,38.84622359999999,No,2,Supernatural,spirit figure,,2,False,Morning
Falls Church,Virginia,-77.1710914,38.88233400000001,No,2,Supernatural,figure,,1,False,Evening
Falls Church,Virginia,-77.1710914,38.88233400000001,Yes,3+,Supernatural,Unknown,,0,False,Unknown
Farmville,Virginia,-78.3919401,37.3020965,No,0,Supernatural,ghost,,1,False,Dusk
Fishersville,Virginia,-78.9691923,38.0990233,Yes,1,Supernatural,presence,,1,False,Dusk
Fort Belvior,Virginia,-77.15426839999999,38.71887160000001,No,1,Death,Unknown,,0,False,Dusk
Fort Myer,Virginia,-77.0810889,38.883541,Yes,3+,Supernatural,figure,,1,False,Evening
Fort Monroe,Virginia,-76.3073197,37.0040553,No,0,Supernatural,apparition,,1,False,Evening
Fort Story,Virginia,-76.0173549,36.9231796,No,2,Supernatural,ghost,,1,False,Evening
Fredericksburg,Virginia,-77.4605399,38.3031837,No,1,Murder,ghost,,1,False,Dusk
Fredericksburg,Virginia,-77.4605399,38.3031837,No,1,Supernatural,ghost apparition,,2,False,Dusk
Fredericksburg,Virginia,-77.4605399,38.3031837,Yes,1,Supernatural,figure,,1,False,Unknown
Front Royal,Virginia,-78.1944446,38.9181671,Yes,3+,Supernatural,ghost,,1,False,Dusk
George Washington National Forest,Virginia,-79.98736199999999,37.3316394,Yes,2+,Supernatural,spirit,,1,False,Dusk
Gloucester,Virginia,-76.5025742,37.4128281,Yes,1+,Supernatural,apparition,,1,False,Dusk
Grahm's Forge,Virginia,-80.8847995,36.9398433,Yes,0,Murder,figure,,1,False,Evening
Grundy,Virginia,-82.0990223,37.2778886,Yes,3+,Supernatural,ghost,friendly ghost,1,False,Evening
Hampton,Virginia,-76.34522179999999,37.0298687,No,1+,Unknown,Unknown,,0,False,Evening
Hampton,Virginia,-76.34522179999999,37.0298687,Yes,3,Unknown,Unknown,,0,False,Morning
Hampton,Virginia,-76.34522179999999,37.0298687,Yes,2+,Supernatural,apparition,,1,False,Unknown
Hampton,Virginia,-76.34522179999999,37.0298687,No,1,Unknown,Unknown,,0,False,Evening
Hampton,Virginia,-76.34522179999999,37.0298687,No,1,Supernatural,Unknown,,0,False,Morning
Harrisonburg,Virginia,-78.8689155,38.4495688,Yes,0,Unknown,Unknown,,0,False,Evening
Harrisonburg,Virginia,-78.8689155,38.4495688,No,0,Supernatural,ghost spirit,,2,False,Unknown
Harrisonburg,Virginia,-78.8689155,38.4495688,No,0,Unknown,Unknown,,0,False,Dusk
Haymarket,Virginia,-77.6363806,38.8120591,No,1,Murder,Unknown,,0,False,Dusk
Haymarket,Virginia,-77.6363806,38.8120591,No,0,Supernatural,Unknown,,0,False,Evening
Haywood,Virginia,-78.2522247,38.4534599,No,0,Supernatural,spirit shadow,,2,False,Evening
Henry County,Virginia,-79.96403389999999,36.6588867,No,0,Unknown,Unknown,,0,False,Evening
Hiawassee,Virginia,-80.71367889999999,36.9687335,Yes,2,Supernatural,spirit,,1,False,Dusk
Hiawassee,Virginia,-80.71367889999999,36.9687335,No,1,Supernatural,apparition,,1,False,Evening
Honaker,Virginia,-81.9742921,37.016222,Yes,1,Unknown,Unknown,,0,False,Dusk
Honaker,Virginia,-81.9742921,37.016222,No,2+,Unknown,Unknown,,0,False,Dusk
Honaker,Virginia,-81.9742921,37.016222,No,0,Unknown,Unknown,,0,False,Dusk
Hopewell,Virginia,-77.28720009999999,37.3043154,Yes,0,Supernatural,Unknown,,0,False,Evening
Horsepen,Virginia,-81.5198295,37.22817080000001,Yes,1+,Murder,Unknown,,0,False,Evening
Independence,Virginia,-81.15092299999999,36.6223478,Yes,0,Suicide,ghost figure,,2,False,Dusk
Ivanhoe,Virginia,-80.96676889999999,36.8401308,Yes,4,Supernatural,Unknown,,0,False,Evening
Jamestown,Virginia,-76.7752102,37.2116383,No,0,Supernatural,ghost,angry ghost,1,False,Evening
King George County,Virginia,-77.1485163,38.2372863,No,3,Supernatural,ghost apparition,,2,False,Evening
Lancaster,Virginia,-76.4660157,37.77002600000001,No,1,Murder,ghost,friendly ghost,1,False,Morning
Leesburg,Virginia,-77.56360149999999,39.1156615,No,1,Unknown,Unknown,,0,False,Evening
Leesburg,Virginia,-77.56360149999999,39.1156615,No,0,Suicide,Unknown,,0,False,Evening
Lexington,Virginia,-79.4428157,37.78402080000001,Yes,1,Supernatural,Unknown,,0,False,Evening
Lexington,Virginia,-79.4428157,37.78402080000001,No,0,Natural Disaster,Unknown,,0,False,Dusk
Louisa,Virginia,-78.00416489999999,38.0251394,No,1,Unknown,Unknown,,0,False,Morning
Lynchburg,Virginia,-79.14224639999999,37.4137536,Yes,0,Murder,ghost,,1,False,Morning
Lynchburg,Virginia,-79.14224639999999,37.4137536,Yes,0,Supernatural,Unknown,,0,False,Dusk
Manassas,Virginia,-77.47526669999999,38.7509488,Yes,0,Supernatural,Unknown,,0,False,Unknown
Manassas,Virginia,-77.47526669999999,38.7509488,No,1+,Supernatural,ghost,miss ghost,1,False,Morning
Manassas,Virginia,-77.47526669999999,38.7509488,No,0,Supernatural,presence,,1,False,Dusk
Marion,Virginia,-81.5148368,36.8348383,Yes,0,Supernatural,Unknown,,0,False,Dusk
Mathews,Virginia,-76.3206618,37.437006,Yes,4,Natural Disaster,ghost spirit figure witch,"grey figure, glowing figure",4,False,Unknown
Matoaca,Virginia,-77.47748539999999,37.2304283,Yes,1,Supernatural,ghost,,1,False,Dusk
Mechanicsville,Virginia,-77.3733139,37.6087561,No,1+,Supernatural,ghost,,1,True,Evening
Mechanicsville,Virginia,-77.3733139,37.6087561,No,1,Supernatural,Unknown,,0,False,Morning
Mechanicsville,Virginia,-77.3733139,37.6087561,Yes,1,Supernatural,Unknown,,0,False,Dusk
Middlesex,Virginia,-76.5257007,37.6040106,No,1+,Murder,ghost,,1,False,Evening
Middlesex,Virginia,-76.5257007,37.6040106,Yes,0,Supernatural,spirit,lady spirit,1,False,Unknown
Middletown,Virginia,-78.280558,39.0276078,No,2+,Supernatural,Unknown,,0,False,Dusk
Middletown,Virginia,-78.280558,39.0276078,No,1+,Supernatural,Unknown,,0,False,Evening
Mount Vernon,Virginia,-77.0861753,38.707982,No,1,Supernatural,spirit,"strong spirit, welcoming spirit",1,False,Evening
Newbern,Virginia,-80.6906214,37.0734558,No,2+,Supernatural,ghost,,1,False,Unknown
Norfolk,Virginia,-76.28587259999999,36.8507689,No,0,Supernatural,Unknown,,0,False,Unknown
Norfolk,Virginia,-76.28587259999999,36.8507689,No,0,Murder,Unknown,,0,False,Evening
Norfolk,Virginia,-76.28587259999999,36.8507689,No,2+,Unknown,Unknown,,0,False,Evening
Norfolk,Virginia,-76.28587259999999,36.8507689,Yes,1+,Supernatural,ghost presence,,2,False,Unknown
Norfolk,Virginia,-76.28587259999999,36.8507689,Yes,6,Supernatural,shadow,,1,False,Dusk
Norfolk,Virginia,-76.28587259999999,36.8507689,No,3+,Supernatural,ghost,mean ghost,1,False,Evening
Norton,Virginia,-82.6290459,36.933433,Yes,1,Supernatural,figure,shadowy figure,1,False,Dusk
Occoquan,Virginia,-77.260261,38.6837271,Yes,3+,Supernatural,spirit mist,,2,False,Morning
Orange,Virginia,-78.1108342,38.2454106,No,3,Unknown,Unknown,,0,False,Dusk
Orange,Virginia,-78.1108342,38.2454106,Yes,2,Supernatural,Unknown,,0,False,Unknown
Orange,Virginia,-78.1108342,38.2454106,Yes,2+,Supernatural,Unknown,,0,False,Unknown
Pearisburg,Virginia,-80.7350711,37.3265112,Yes,1,Supernatural,apparition,,1,False,Unknown
Petersburg,Virginia,-77.40192669999999,37.2279279,Yes,0,Supernatural,figure,,1,False,Dusk
Petersburg,Virginia,-77.40192669999999,37.2279279,No,1+,Supernatural,spirit,,1,False,Unknown
the plains,Virginia,-77.7738827,38.8620578,Yes,0,Murder,Unknown,,0,False,Dusk
Poquoson,Virginia,-76.3457773,37.1223664,No,0,Supernatural,Unknown,,0,False,Evening
Poquoson,Virginia,-76.3457773,37.1223664,No,1,Supernatural,ghost,old ghost,1,False,Evening
Portsmouth,Virginia,-76.2982742,36.8354258,No,0,Supernatural,Unknown,,0,False,Dusk
Portsmouth,Virginia,-76.2982742,36.8354258,No,2+,Murder,ghost,guaranteed Ghost,1,False,Evening
Portsmouth,Virginia,-76.2982742,36.8354258,Yes,2+,Supernatural,Unknown,,0,False,Evening
Powhatan,Virginia,-77.91882389999999,37.5415273,No,2,Unknown,Unknown,,0,False,Evening
Richmond,Virginia,-77.4360481,37.5407246,Yes,1+,Murder,Unknown,,0,False,Evening
Richmond,Virginia,-77.4360481,37.5407246,No,1,Supernatural,ghost,friendly ghost,1,False,Evening
Richmond,Virginia,-77.4360481,37.5407246,Yes,1,Murder,Unknown,,0,False,Dusk
Richmond,Virginia,-77.4360481,37.5407246,No,2+,Unknown,vampire,,1,False,Dusk
Richmond,Virginia,-77.4360481,37.5407246,No,1,Natural Disaster,orb,,1,False,Unknown
Richmond,Virginia,-77.4360481,37.5407246,Yes,3+,Supernatural,spirit,,1,False,Dusk
Richmond,Virginia,-77.4360481,37.5407246,No,0,Unknown,Unknown,,0,False,Dusk
Richmond,Virginia,-77.4360481,37.5407246,No,1,Supernatural,ghost,strange ghost,1,False,Dusk
Richmond,Virginia,-77.4360481,37.5407246,Yes,0,Unknown,Unknown,,0,False,Dusk
Roanoke,Virginia,-79.9414266,37.2709704,No,5,Supernatural,ghost presence,,2,False,Dusk
Rustburg,Virginia,-79.10085430000001,37.2768113,Yes,3,Murder,ghost,,1,False,Dusk
Rye Cove,Virginia,-82.6962702,36.7253755,No,1+,Supernatural,Unknown,,0,False,Evening
Rye Cove,Virginia,-82.6962702,36.7253755,No,0,Murder,Unknown,,0,False,Dusk
Smithfield,Virginia,-76.63106619999999,36.9823709,No,0,Supernatural,ghost,,1,False,Dusk
Springfield,Virginia,-77.18720359999999,38.7892801,Yes,1+,Murder,Unknown,,0,False,Dusk
Stafford,Virginia,-77.4242972,38.4334566,No,3+,Supernatural,Unknown,,0,False,Dusk
Stafford,Virginia,-77.4242972,38.4334566,No,1,Supernatural,witch,,1,False,Dusk
Stanardsville,Virginia,-78.44000989999999,38.2973519,No,0,Suicide,Unknown,,0,False,Morning
Staunton,Virginia,-79.0716958,38.149576,Yes,3+,Murder,Unknown,,0,False,Dusk
Stewartsville,Virginia,-79.7942868,37.270797,No,0,Supernatural,Unknown,,0,False,Dusk
Stratford,Virginia,-76.8462651,38.1472629,No,1,Supernatural,ghost,,1,False,Dusk
Surry,Virginia,-76.8352384,37.1379265,No,0,Natural Disaster,Unknown,,0,False,Unknown
Sweet Briar,Virginia,-79.0801084,37.5565736,No,2+,Supernatural,presence,,1,False,Dusk
Swords Creek,Virginia,-81.91790080000001,37.0362229,No,0,Murder,orb,,1,False,Unknown
Swords Creek,Virginia,-81.91790080000001,37.0362229,Yes,5+,Supernatural,spirit,,1,False,Dusk
Swords Creek,Virginia,-81.91790080000001,37.0362229,No,1,Supernatural,apparition,,1,False,Dusk
USS Siapan,Virginia,,,No,2+,Supernatural,shadow,,1,False,Dusk
Virginia Beach,Virginia,-75.97798499999999,36.8529263,Yes,1,Murder,ghost,,1,False,Dusk
Virginia Beach,Virginia,-75.97798499999999,36.8529263,No,1+,Murder,ghost,,1,False,Evening
Virginia Beach,Virginia,-75.97798499999999,36.8529263,Yes,1,Natural Disaster,ghost,,1,False,Unknown
Virginia Beach,Virginia,-75.97798499999999,36.8529263,Yes,2,Supernatural,spirit,,1,False,Dusk
West Point,Virginia,-76.7963504,37.53153349999999,No,1,Supernatural,figure,black figure,1,False,Dusk
West Point/King William,Virginia,-76.7963504,37.53153349999999,No,1+,Supernatural,ghost apparition,,2,False,Evening
Williamsburg,Virginia,-76.7074571,37.2707022,No,2,Murder,ghost,,1,False,Evening
Williamsburg,Virginia,-76.7074571,37.2707022,No,1,Supernatural,ghost,,1,False,Morning
Williamsburg,Virginia,-76.7074571,37.2707022,No,0,Supernatural,ghost,,1,False,Dusk
Williamsburg,Virginia,-76.7074571,37.2707022,Yes,2+,Supernatural,ghost,,1,False,Dusk
Williamsburg,Virginia,-76.7074571,37.2707022,No,2,Supernatural,ghost figure,shadowy figure,2,False,Dusk
Williamsburg,Virginia,-76.7074571,37.2707022,Yes,2+,Supernatural,poltergeist presence,,2,False,Unknown
Williamsburg,Virginia,-76.7074571,37.2707022,No,0,Unknown,Unknown,,0,False,Dusk
Williamsburg,Virginia,-76.7074571,37.2707022,No,2+,Murder,ghost,,1,False,Dusk
Williamsburg,Virginia,-76.7074571,37.2707022,No,0,Supernatural,ghost,Many ghost,1,False,Dusk
Williamsburg,Virginia,-76.7074571,37.2707022,No,0,Murder,Unknown,,0,False,Evening
Williamsburg,Virginia,-76.7074571,37.2707022,Yes,1,Death,Unknown,,0,False,Evening
Williamsburg,Virginia,-76.7074571,37.2707022,No,0,Supernatural,ghost,,1,False,Evening
Williamsburg,Virginia,-76.7074571,37.2707022,No,1,Supernatural,ghost,,1,False,Morning
Williamsburg,Virginia,-76.7074571,37.2707022,No,1,Death,Unknown,,0,False,Unknown
Winchester,Virginia,-78.1633341,39.1856597,No,1,Supernatural,ghost,,1,False,Dusk
Winchester,Virginia,-78.1633341,39.1856597,No,0,Supernatural,ghost,,1,False,Dusk
Winchester,Virginia,-78.1633341,39.1856597,No,0,Supernatural,figure,,1,False,Unknown
Winchester,Virginia,-78.1633341,39.1856597,No,0,Supernatural,Unknown,,0,False,Morning
Wise,Virginia,-82.5757108,36.9759345,No,0,Suicide,Unknown,,0,False,Unknown
Wise,Virginia,-82.5757108,36.9759345,No,0,Suicide,Unknown,,0,False,Dusk
Wise,Virginia,-82.5757108,36.9759345,Yes,3+,Murder,figure,strange figure,1,False,Dusk
Woodbridge,Virginia,-77.2497049,38.6581722,No,5+,Supernatural,ghost presence,,2,False,Evening
Woodbridge,Virginia,-77.2497049,38.6581722,No,0,Death,Unknown,,0,False,Dusk
Woodbridge,Virginia,-77.2497049,38.6581722,No,3+,Unknown,Unknown,,0,False,Evening
Yorktown,Virginia,-76.5096731,37.2387556,No,0,Suicide,Unknown,,0,False,Unknown
Yorktown,Virginia,-76.5096731,37.2387556,Yes,3+,Suicide,spirit shadow,,2,True,Unknown
Yorktown,Virginia,-76.5096731,37.2387556,No,0,Supernatural,ghost,,1,False,Dusk
American Falls,Idaho,-112.8544377,42.7860226,No,3,Supernatural,Unknown,,0,False,Dusk
Athol,Idaho,-116.7079745,47.9479601,No,6,Supernatural,apparition,,1,False,Dusk
Arco,Idaho,-113.3002844,43.6365693,No,1,Unknown,Unknown,,0,False,Unknown
Baker Creek,Idaho,-114.5644832,43.745085,No,0,Supernatural,apparition,,1,False,Evening
Boise,Idaho,-116.2146068,43.6187102,No,0,Suicide,presence,,1,False,Dusk
Boise,Idaho,-116.2146068,43.6187102,No,1,Murder,Unknown,,0,False,Evening
Boise,Idaho,-116.2146068,43.6187102,No,2,Supernatural,ghost,,1,False,Dusk
Boise,Idaho,-116.2146068,43.6187102,No,2+,Supernatural,specter presence,,2,False,Evening
Boise,Idaho,-116.2146068,43.6187102,Yes,1,Unknown,Unknown,,0,False,Unknown
Boise,Idaho,-116.2146068,43.6187102,No,0,Supernatural,ghost,,1,False,Evening
Boise,Idaho,-116.2146068,43.6187102,No,5+,Supernatural,spirit apparition,,2,True,Unknown
Boise,Idaho,-116.2146068,43.6187102,No,3+,Supernatural,presence,,1,False,Unknown
Boise,Idaho,-116.2146068,43.6187102,Yes,2+,Supernatural,Unknown,,0,False,Unknown
Bonner County,Idaho,-116.5931483,48.2751783,No,0,Supernatural,figure,shadowy figure,1,False,Evening
Caldwell,Idaho,-116.6873596,43.66293839999999,No,1,Unknown,Unknown,,0,False,Dusk
Caldwell,Idaho,-116.6873596,43.66293839999999,No,3,Unknown,Unknown,,0,False,Dusk
Caldwell,Idaho,-116.6873596,43.66293839999999,No,2+,Suicide,shadow,,1,False,Evening
Caldwell/Nampa,Idaho,-116.5988549,43.6026073,No,0,Supernatural,shadow presence,,2,False,Dusk
Canyon County,Idaho,-116.6865435,43.67795810000001,Yes,3+,Supernatural,Unknown,,0,False,Evening
Colburn,Idaho,-116.5351946,48.3971492,No,0,Supernatural,ghost,,1,False,Dusk
Couer D'Alene,Idaho,-116.7804664,47.6776832,No,2+,Supernatural,Unknown,,0,False,Dusk
Couer D'Alene,Idaho,-116.7804664,47.6776832,No,1,Supernatural,apparition figure,"strange apparition, ghostly figure",2,False,Evening
Coeur D'Alene,Idaho,-116.7804664,47.6776832,No,3+,Supernatural,shadow presence,"strange presence, cold presence",2,False,Dusk
Emmett,Idaho,-116.4993012,43.8734978,No,0,Unknown,Unknown,,0,False,Dusk
Emmett,Idaho,-116.4993012,43.8734978,Yes,0,Supernatural,Unknown,,0,False,Unknown
Fort Hall,Idaho,-112.4383131,43.0332482,Yes,1,Unknown,Unknown,,0,False,Unknown
Genesee,Idaho,-116.9254357,46.5507205,No,1,Supernatural,spirit,,1,False,Dusk
Glens Ferry,Idaho,-115.3009037,42.9548989,Yes,2+,Supernatural,ghost,old ghost,1,False,Dusk
Grangeville,Idaho,-116.1223654,45.926552,Yes,1,Murder,shadow,,1,False,Unknown
Idaho City,Idaho,-115.8345537,43.8285046,No,1+,Unknown,Unknown,,0,False,Evening
Idaho Falls,Idaho,-112.0339645,43.49165139999999,No,3+,Supernatural,ghost,,1,False,Dusk
Idaho Falls,Idaho,-112.0339645,43.49165139999999,Yes,0,Suicide,Unknown,,0,False,Dusk
Idaho Falls,Idaho,-112.0339645,43.49165139999999,No,5+,Supernatural,Unknown,,0,False,Evening
Idaho Falls,Idaho,-112.0339645,43.49165139999999,Yes,5+,Murder,spirit figure,,2,False,Dusk
Alton,New Hampshire,-71.2189721,43.4543228,Yes,1+,Supernatural,Unknown,,0,False,Dusk
Idaho Falls,Idaho,-112.0339645,43.49165139999999,No,0,Unknown,Unknown,,0,False,Evening
Idaho Falls,Idaho,-112.0339645,43.49165139999999,Yes,2+,Supernatural,Unknown,,0,False,Dusk
Idaho Falls,Idaho,-112.0339645,43.49165139999999,No,1,Supernatural,werewolf,,1,False,Dusk
Kimama,Idaho,-113.795575,42.8379632,No,0,Supernatural,Unknown,,0,False,Evening
Kimberly,Idaho,-114.3647561,42.5338019,No,2+,Supernatural,ghost presence,,2,False,Evening
Lapwai,Idaho,-116.8048733,46.4048865,No,2+,Supernatural,apparition,,1,False,Morning
Lewiston,Idaho,-117.001189,46.4004089,Yes,70,Murder,spirit,,1,False,Dusk
Lewitson,Idaho,-117.001189,46.4004089,No,1,Supernatural,Unknown,,0,False,Dusk
The Malad City,Idaho,-112.2507986,42.1915872,No,2+,Suicide,Unknown,,0,False,Dusk
Marsing,Idaho,-116.8131959,43.5454359,No,1,Unknown,Unknown,,0,False,Evening
McCall,Idaho,-116.1171311,44.906183,No,0,Supernatural,spirit apparition,,2,False,Dusk
Meridian,Idaho,-116.3915131,43.6121087,Yes,2+,Supernatural,apparition,,1,False,Dusk
Mullan,Idaho,-115.8018253,47.4702078,Yes,2+,Unknown,Unknown,,0,False,Unknown
Murtaugh,Idaho,-114.1622508,42.4924139,Yes,1+,Supernatural,shadow,,1,False,Unknown
Nampa,Idaho,-116.5634625,43.5407172,No,5+,Murder,ghost,,1,False,Dusk
Nampa,Idaho,-116.5634625,43.5407172,No,0,Supernatural,Unknown,,0,False,Dusk
Pierce,Idaho,-115.7990289,46.4910207,Yes,3+,Supernatural,ghost spirit,,2,False,Morning
Pocatello,Idaho,-112.4455344,42.8713032,No,0,Supernatural,ghost,,1,False,Evening
Pocatello,Idaho,-112.4455344,42.8713032,Yes,0,Supernatural,ghost phantom,,2,False,Evening
Pocatello,Idaho,-112.4455344,42.8713032,No,0,Murder,Unknown,,0,False,Evening
Pocatello,Idaho,-112.4455344,42.8713032,Yes,2+,Supernatural,apparition,,1,False,Dusk
Pocatello,Idaho,-112.4455344,42.8713032,No,3,Supernatural,apparition,,1,False,Dusk
Preston,Idaho,-111.8766173,42.0963133,Yes,0,Murder,Unknown,,0,False,Dusk
Rexburg,Idaho,-111.7924237,43.8231096,No,0,Murder,Unknown,,0,False,Dusk
Roberts,Idaho,-112.1263628,43.720188,No,2,Supernatural,spirit,,1,False,Unknown
Rupert,Idaho,-113.6772348,42.6190756,No,3+,Supernatural,figure,black figure,1,False,Evening
Soda Springs,Idaho,-111.6046687,42.6543652,No,2+,Murder,ghost,,1,False,Dusk
Concord,New Hampshire,-71.5375718,43.2081366,Yes,2+,Supernatural,Unknown,,0,False,Dusk
Concord,New Hampshire,-71.5375718,43.2081366,Yes,2,Supernatural,Unknown,,0,False,Unknown
Concord,New Hampshire,-71.5375718,43.2081366,Yes,3+,Supernatural,Unknown,,0,False,Evening
Concord,New Hampshire,-71.5375718,43.2081366,No,1,Unknown,Unknown,,0,False,Dusk
Conway,New Hampshire,-71.1203479,43.9791831,No,1,Supernatural,Unknown,,0,False,Evening
Dover,New Hampshire,-70.8736698,43.1978624,No,1,Natural Disaster,Unknown,,0,False,Dusk
Durham,New Hampshire,-70.9264393,43.1339545,Yes,6+,Death,spirit shadow,"most spirit, restless spirit",2,False,Evening
Eaton Center,New Hampshire,-71.0822175,43.90995239999999,Yes,1,Supernatural,ghost demon orb mist,,4,False,Dusk
Epsom,New Hampshire,-71.3445677,43.2249396,Yes,2+,Murder,Unknown,,0,False,Dusk
Exeter,New Hampshire,-70.9477546,42.9814292,No,1,Supernatural,ghost,,1,False,Unknown
Fitzwilliam,New Hampshire,-72.14174899999999,42.7806396,Yes,2+,Supernatural,mist,paranormal mist,1,True,Dusk
Gilford,New Hampshire,-71.4067385,43.5475771,No,2+,Supernatural,ghost presence,,2,False,Unknown
Greenville,New Hampshire,-71.81229139999999,42.7673195,No,1,Supernatural,Unknown,,0,False,Dusk
Hampton Beach,New Hampshire,-70.81348179999999,42.9113098,No,0,Supernatural,figure witch,"second witch, greatest witch",2,False,Dusk
Hanover,New Hampshire,-72.2895526,43.7022451,No,0,Natural Disaster,spirit specter presence,,3,False,Evening
Henniker,New Hampshire,-71.82228719999999,43.1798323,No,4,Supernatural,ghost apparition phantom specter presence,tall specter,5,False,Dusk
Hillsboro,New Hampshire,-71.895049,43.114728,Yes,1,Supernatural,ghost,white ghost,1,False,Evening
Hollis,New Hampshire,-71.58953439999999,42.74251659999999,No,1,Murder,ghost,,1,False,Dusk
Keene,New Hampshire,-72.2781409,42.933692,Yes,1,Unknown,Unknown,,0,False,Dusk
Keene,New Hampshire,-72.2781409,42.933692,Yes,5+,Supernatural,spirit presence,unhappy spirit,2,False,Dusk
Laconia,New Hampshire,-71.4703509,43.5278546,Yes,2+,Supernatural,Unknown,,0,False,Dusk
Laconia,New Hampshire,-71.4703509,43.5278546,Yes,2+,Supernatural,Unknown,,0,False,Evening
Lempster,New Hampshire,-72.1771541,43.2270143,No,1,Supernatural,Unknown,,0,False,Evening
Litchfield,New Hampshire,-71.4797889,42.84425359999999,No,0,Supernatural,Unknown,,0,False,Evening
Litchfield,New Hampshire,-71.4797889,42.84425359999999,Yes,2+,Suicide,ghost,,1,False,Evening
Litchfield,New Hampshire,-71.4797889,42.84425359999999,No,0,Murder,Unknown,,0,False,Unknown
Madison,New Hampshire,-71.1484028,43.8992395,No,1,Murder,Unknown,,0,False,Evening
Manchester,New Hampshire,-71.4547891,42.9956397,Yes,5+,Supernatural,ghost spirit,,2,False,Evening
Manchester,New Hampshire,-71.4547891,42.9956397,Yes,1,Unknown,Unknown,,0,False,Dusk
Manchester,New Hampshire,-71.4547891,42.9956397,No,1,Supernatural,ghost,,1,False,Evening
Manchester,New Hampshire,-71.4547891,42.9956397,No,1,Supernatural,Unknown,,0,False,Dusk
Soda Springs,Idaho,-111.6046687,42.6543652,No,1,Supernatural,figure,ghostly figure,1,False,Evening
Shoshoni,Idaho,-114.4058752,42.9360165,Yes,2+,Supernatural,Unknown,,0,False,Dusk
Twin Falls,Idaho,-114.4608711,42.5629668,No,0,Unknown,Unknown,,0,False,Dusk
Twin falls,Idaho,-114.4608711,42.5629668,Yes,2+,Supernatural,apparition presence,old presence,2,False,Evening
Wallace,Idaho,-115.9279386,47.4740945,Yes,3+,Supernatural,figure,,1,False,Dusk
Manchester,New Hampshire,-71.4547891,42.9956397,Yes,0,Unknown,Unknown,,0,False,Dusk
Manchester,New Hampshire,-71.4547891,42.9956397,Yes,2+,Supernatural,Unknown,,0,False,Dusk
Marlow,New Hampshire,-72.1970297,43.11591139999999,No,70,Natural Disaster,ghost,,1,False,Dusk
Merrimack,New Hampshire,-71.49483219999999,42.8678693,Yes,1+,Supernatural,figure,,1,False,Dusk
Milford,New Hampshire,-71.6489836,42.8353619,No,5,Unknown,Unknown,,0,True,Evening
Milford,New Hampshire,-71.6489836,42.8353619,No,1,Supernatural,apparition,,1,False,Unknown
Nahua,New Hampshire,-71.46756599999999,42.7653662,No,1+,Murder,Unknown,,0,False,Dusk
Nashua,New Hampshire,-71.46756599999999,42.7653662,No,0,Supernatural,ghost,,1,False,Evening
Nashua,New Hampshire,-71.46756599999999,42.7653662,Yes,5+,Supernatural,shadow figure,"black figure, hooded figure",2,False,Unknown
Nashua,New Hampshire,-71.46756599999999,42.7653662,No,1,Unknown,Unknown,,0,False,Unknown
Nashua,New Hampshire,-71.46756599999999,42.7653662,No,0,Murder,Unknown,,0,False,Dusk
New London,New Hampshire,-71.97569899999999,43.4284925,Yes,0,Supernatural,Unknown,,0,False,Evening
New London,New Hampshire,-71.97569899999999,43.4284925,No,2+,Supernatural,figure,"dark figure, male figure",1,False,Unknown
New London,New Hampshire,-71.97569899999999,43.4284925,Yes,0,Supernatural,ghost,,1,False,Dusk
Newton,New Hampshire,-71.0345018,42.8695335,Yes,0,Supernatural,Unknown,,0,False,Evening
Newton,New Hampshire,-71.0345018,42.8695335,No,1+,Unknown,Unknown,,0,False,Dusk
Plymouth,New Hampshire,-71.6881528,43.7570196,No,0,Supernatural,spirit,male spirit,1,False,Evening
Plymouth,New Hampshire,-71.6881528,43.7570196,No,3+,Supernatural,spirit,malicious spirit,1,False,Dusk
Plymouth,New Hampshire,-71.6881528,43.7570196,No,0,Supernatural,spirit,male spirit,1,False,Unknown
Portsmouth,New Hampshire,-70.7625532,43.0717552,Yes,3+,Suicide,ghost,,1,False,Unknown
Portsmouth,New Hampshire,-70.7625532,43.0717552,Yes,5+,Supernatural,apparition,,1,False,Unknown
Portsmouth,New Hampshire,-70.7625532,43.0717552,Yes,1+,Supernatural,apparition,,1,False,Dusk
Rindge,New Hampshire,-72.0098021,42.7511964,Yes,2+,Supernatural,apparition,,1,False,Dusk
Rochester,New Hampshire,-70.97561859999999,43.304526,Yes,1,Unknown,Unknown,,0,False,Dusk
Rochester,New Hampshire,-70.97561859999999,43.304526,Yes,1,Supernatural,Unknown,,0,False,Unknown
Rye,New Hampshire,-70.7695547,43.0019301,No,3+,Supernatural,presence,,1,False,Dusk
Sanbornton,New Hampshire,-71.58228369999999,43.4897584,Yes,0,Unknown,Unknown,,0,False,Unknown
Strafford,New Hampshire,-71.184232,43.3270251,Yes,1+,Supernatural,shadow,,1,False,Dusk
Temple,New Hampshire,-71.8513418,42.8188308,No,0,Murder,spirit,,1,False,Dusk
Twin Mountain,New Hampshire,-71.5543051,44.26731700000001,No,1,Supernatural,Unknown,,0,False,Evening
Twin Mountain,New Hampshire,-71.5543051,44.26731700000001,No,1,Unknown,Unknown,,0,False,Dusk
Twin Mountain,New Hampshire,-71.5543051,44.26731700000001,Yes,1,Unknown,Unknown,,0,False,Evening
Twin Mountain,New Hampshire,-71.5543051,44.26731700000001,No,0,Supernatural,Unknown,,0,False,Evening
West Chesterfield,New Hampshire,-72.5151566,42.9036282,No,0,Natural Disaster,ghost,,1,False,Evening
West Chesterfield,New Hampshire,-72.5151566,42.9036282,Yes,0,Supernatural,Unknown,,0,False,Dusk
Weirs Beach,New Hampshire,-71.4606288,43.6089647,No,4+,Supernatural,Unknown,,0,False,Evening
Wilton,New Hampshire,-71.7351077,42.8433943,No,3+,Supernatural,ghost shadow mist,path mist,3,False,Evening
Windham,New Hampshire,-71.30422899999999,42.8006441,Yes,0,Supernatural,apparition,,1,False,Unknown
Windham,New Hampshire,-71.30422899999999,42.8006441,No,1,Supernatural,Unknown,,0,False,Unknown
Wolfeboro,New Hampshire,-71.20947989999999,43.5852069,Yes,1,Supernatural,Unknown,,0,False,Evening
Bennington,Vermont,-73.1967741,42.8781345,Yes,1+,Supernatural,Unknown,,0,False,Dusk
Bennington,Vermont,-73.1967741,42.8781345,No,0,Death,Unknown,,0,False,Unknown
Bennington,Vermont,-73.1967741,42.8781345,Yes,3+,Suicide,Unknown,,0,True,Dusk
Bennington,Vermont,-73.1967741,42.8781345,No,1,Unknown,Unknown,,0,False,Dusk
Brattleboro,Vermont,-72.5578678,42.8509152,Yes,3+,Supernatural,ghost,,1,False,Unknown
Brunswick,Vermont,-71.67495509999999,44.7281752,Yes,1,Supernatural,Unknown,,0,False,Dusk
Burlington,Vermont,-73.21207199999999,44.4758825,Yes,5+,Suicide,ghost,,1,False,Dusk
Burlington,Vermont,-73.21207199999999,44.4758825,No,3+,Supernatural,spirit,,1,False,Dusk
Burlington,Vermont,-73.21207199999999,44.4758825,No,1,Supernatural,ghost,,1,False,Unknown
Burlington,Vermont,-73.21207199999999,44.4758825,No,0,Supernatural,ghost,female ghost,1,False,Evening
Burlington,Vermont,-73.21207199999999,44.4758825,No,1,Supernatural,ghost poltergeist,mild poltergeist,2,False,Dusk
Burlington,Vermont,-73.21207199999999,44.4758825,No,1,Supernatural,ghost presence,cold presence,2,False,Dusk
Burlington,Vermont,-73.21207199999999,44.4758825,Yes,0,Supernatural,Unknown,,0,False,Unknown
Burlington,Vermont,-73.21207199999999,44.4758825,No,1,Supernatural,ghost presence,male presence,2,False,Morning
Burlington,Vermont,-73.21207199999999,44.4758825,Yes,0,Supernatural,Unknown,,0,False,Dusk
Burlington,Vermont,-73.21207199999999,44.4758825,Yes,0,Death,Unknown,,0,False,Unknown
Burlington,Vermont,-73.21207199999999,44.4758825,No,0,Supernatural,ghost,female ghost,1,False,Dusk
Burlington,Vermont,-73.21207199999999,44.4758825,No,1+,Supernatural,ghost,,1,False,Unknown
Burlington,Vermont,-73.21207199999999,44.4758825,No,2+,Supernatural,spirit,,1,False,Evening
Castleton,Vermont,-73.17983199999999,43.6106223,No,0,Unknown,Unknown,,0,False,Unknown
Castleton,Vermont,-73.17983199999999,43.6106223,No,1,Suicide,apparition,,1,False,Dusk
Castleton,Vermont,-73.17983199999999,43.6106223,No,0,Suicide,Unknown,,0,False,Morning
Cavendish,Vermont,-72.5914616,43.4145061,No,2+,Supernatural,ghost poltergeist,classic poltergeist,2,False,Evening
Colchester,Vermont,-73.1479068,44.5439375,Yes,2+,Supernatural,presence,evil presence,1,False,Dusk
Cuttingsville,Vermont,-72.88121559999999,43.48805,No,1,Supernatural,Unknown,,0,False,Unknown
East Burke,Vermont,-71.94045539999999,44.589071,No,1,Unknown,Unknown,,0,False,Unknown
Hartford,Vermont,-72.3696992,43.6637411,No,3+,Natural Disaster,ghost,little ghost,1,False,Dusk
Hartland,Vermont,-72.3989314,43.540636,No,0,Supernatural,ghost phantom,tall phantom,2,False,Evening
Johnson,Vermont,-72.6803979,44.6356063,Yes,5+,Supernatural,Unknown,,0,False,Dusk
Manchester,Vermont,-73.0723268,43.16368749999999,No,1,Supernatural,Unknown,,0,False,Unknown
Manchester Center,Vermont,-73.0723268,43.16368749999999,No,3+,Supernatural,Unknown,,0,False,Dusk
Marlboro College,Vermont,-72.7347545,42.8390545,No,3+,Supernatural,figure,female figure,1,False,Dusk
Montgomery,Vermont,-72.63817999999999,44.9025466,No,0,Unknown,Unknown,,0,False,Unknown
Montpelier,Vermont,-72.5753869,44.26005929999999,No,0,Supernatural,Unknown,,0,False,Evening
Montpelier,Vermont,-72.5753869,44.26005929999999,Yes,1,Murder,Unknown,,0,False,Dusk
Northfield,Vermont,-72.65649859999999,44.1511723,No,0,Suicide,Unknown,,0,False,Morning
Northfield,Vermont,-72.65649859999999,44.1511723,Yes,0,Supernatural,spirit,unknown spirit,1,False,Unknown
Northfield,Vermont,-72.65649859999999,44.1511723,No,2+,Supernatural,Unknown,,0,False,Dusk
Northfield,Vermont,-72.65649859999999,44.1511723,Yes,1,Supernatural,Unknown,,0,False,Unknown
Norwich,Vermont,-72.307869,43.7153482,No,0,Supernatural,ghost,,1,False,Evening
Pittsford,Vermont,-73.02816469999999,43.7067329,No,1,Supernatural,ghost,friendly ghost,1,False,Dusk
Rutland,Vermont,-72.9726065,43.6106237,No,3+,Supernatural,Unknown,,0,False,Morning
Rutland,Vermont,-72.9726065,43.6106237,No,0,Murder,Unknown,,0,False,Dusk
Salsbury,Vermont,-73.09983629999999,43.8964511,Yes,2+,Unknown,Unknown,,0,False,Dusk
Saxton's River,Vermont,-72.5098115,43.13785559999999,No,0,Unknown,Unknown,,0,False,Dusk
Shaftsbury,Vermont,-73.19550939999999,43.0036753,No,2+,Supernatural,ghost orb,,2,True,Dusk
Shelburne,Vermont,-73.227626,44.3806065,Yes,3+,Supernatural,ghost,,1,False,Morning
Springfield,Vermont,-72.4823117,43.2984078,No,1,Supernatural,presence,,1,False,Unknown
St. Albans,Vermont,-73.0835582,44.8107132,Yes,5+,Supernatural,apparition,,1,False,Dusk
St. Albans,Vermont,-73.0835582,44.8107132,Yes,2+,Supernatural,Unknown,,0,False,Unknown
St. Albans Bay,Vermont,-73.1393015,44.8078225,Yes,2+,Supernatural,ghost,,1,False,Dusk
St. Albans City,Vermont,-73.0835582,44.8107132,No,1,Supernatural,apparition,,1,False,Dusk
Stowe,Vermont,-72.6874023,44.4654332,Yes,2+,Supernatural,figure,whitish figure,1,False,Evening
Streamwood,Vermont,,,No,0,Murder,shadow,,1,False,Dusk
Thetford,Vermont,-72.2434689,43.8250578,No,3+,Supernatural,Unknown,,0,False,Dusk
Waterbury,Vermont,-72.7562636,44.3378203,No,0,Supernatural,Unknown,,0,False,Dusk
Wells River,Vermont,-72.0470357,44.1542302,No,2+,Murder,orb,,1,False,Evening
White River Junction,Vermont,-72.3192579,43.6489596,No,1,Supernatural,Unknown,,0,False,Dusk
Williamsville,Vermont,-72.6779152,42.94677739999999,No,0,Supernatural,ghost,,1,False,Evening
Wilmington,Vermont,-72.8714468,42.8683889,Yes,2+,Supernatural,spirit,,1,False,Unknown
Wilmington,Vermont,-72.8714468,42.8683889,No,0,Supernatural,spirit,,1,False,Dusk
Winooski,Vermont,-73.1856832,44.491438,Yes,2+,Murder,Unknown,,0,False,Evening
Woodbridge,Vermont,-72.6178426,43.5860785,No,1,Unknown,Unknown,,0,False,Unknown
Austin,Nevada,-117.0672356,39.49257009999999,Yes,1,Supernatural,ghost,,1,False,Evening
Battle Mountain,Nevada,-116.9342671,40.6421334,No,1,Murder,Unknown,,0,False,Evening
Battle Mountain,Nevada,-116.9342671,40.6421334,No,1,Supernatural,Unknown,,0,False,Dusk
Boulder City,Nevada,-114.8345117,35.9782216,No,0,Unknown,Unknown,,0,False,Evening
Carson City,Nevada,-119.7674034,39.1637984,No,1,Unknown,Unknown,,0,False,Unknown
Fallon,Nevada,-118.7770407,39.4748693,No,0,Supernatural,figure,,1,False,Evening
Fallon,Nevada,-118.7770407,39.4748693,No,2+,Murder,Unknown,,0,False,Dusk
Genoa,Nevada,-119.8472149,39.0040567,No,2+,Supernatural,spirit,common spirit,1,False,Dusk
Goldfield,Nevada,-117.2357131,37.7084481,No,0,Murder,Unknown,,0,False,Dusk
Gold Hill,Nevada,-119.6574011,39.29046779999999,No,2+,Supernatural,Unknown,,0,False,Unknown
Henderson,Nevada,-114.9817213,36.0395247,No,2+,Supernatural,ghost shadow,,2,False,Dusk
Henderson,Nevada,-114.9817213,36.0395247,Yes,1,Unknown,Unknown,,0,False,Evening
Jackpot,Nevada,-114.6724061,41.9841401,No,2+,Murder,Unknown,,0,False,Unknown
Las Vegas,Nevada,-115.1398296,36.1699412,Yes,3+,Supernatural,presence,,1,False,Unknown
Las Vegas,Nevada,-115.1398296,36.1699412,No,0,Murder,figure,tall figure,1,False,Unknown
Las Vegas,Nevada,-115.1398296,36.1699412,No,0,Unknown,Unknown,,0,False,Dusk
Las Vegas,Nevada,-115.1398296,36.1699412,Yes,1,Supernatural,Unknown,,0,False,Dusk
Las Vegas,Nevada,-115.1398296,36.1699412,No,1,Unknown,Unknown,,0,False,Dusk
Las Vegas,Nevada,-115.1398296,36.1699412,Yes,4,Murder,Unknown,,0,False,Dusk
Las Vegas,Nevada,-115.1398296,36.1699412,No,3+,Supernatural,Unknown,,0,False,Evening
Las Vegas,Nevada,-115.1398296,36.1699412,Yes,5+,Unknown,Unknown,,0,False,Evening
Las Vegas,Nevada,-115.1398296,36.1699412,Yes,1,Supernatural,Unknown,,0,False,Unknown
Las Vegas,Nevada,-115.1398296,36.1699412,No,2,Supernatural,apparition,,1,False,Evening
Las Vegas,Nevada,-115.1398296,36.1699412,Yes,1+,Supernatural,apparition,,1,False,Evening
Las Vegas,Nevada,-115.1398296,36.1699412,Yes,1,Supernatural,ghost,,1,False,Evening
Las Vegas,Nevada,-115.1398296,36.1699412,No,2+,Murder,presence,,1,False,Unknown
Las Vegas,Nevada,-115.1398296,36.1699412,No,0,Supernatural,ghost,,1,False,Dusk
Las Vegas,Nevada,-115.1398296,36.1699412,No,1,Supernatural,figure,,1,False,Evening
Las Vegas,Nevada,-115.1398296,36.1699412,No,2,Supernatural,Unknown,,0,False,Evening
Las Vegas,Nevada,-115.1398296,36.1699412,Yes,0,Supernatural,figure,grayish figure,1,False,Evening
Las Vegas,Nevada,-115.1398296,36.1699412,No,0,Supernatural,ghost,,1,False,Morning
Las Vegas,Nevada,-115.1398296,36.1699412,No,1,Unknown,Unknown,,0,False,Unknown
Las Vegas,Nevada,-115.1398296,36.1699412,Yes,2+,Supernatural,Unknown,,0,False,Evening
Las Vegas,Nevada,-115.1398296,36.1699412,Yes,1,Unknown,Unknown,,0,False,Dusk
Las Vegas,Nevada,-115.1398296,36.1699412,No,5+,Supernatural,Unknown,,0,True,Dusk
Las Vegas,Nevada,-115.1398296,36.1699412,No,1,Supernatural,shadow figure,,2,False,Evening
Las Vegas,Nevada,-115.1398296,36.1699412,No,1,Supernatural,ghost,,1,False,Evening
Logandale,Nevada,-114.4841487,36.5966406,No,1+,Supernatural,figure,"dark figure, shadowy figure",1,False,Evening
Reno,Nevada,-119.8138027,39.5296329,No,2,Supernatural,Unknown,,0,False,Evening
Reno,Nevada,-119.8138027,39.5296329,No,0,Murder,Unknown,,0,False,Dusk
Reno,Nevada,-119.8138027,39.5296329,No,0,Supernatural,spirit,unknown spirit,1,False,Unknown
Reno,Nevada,-119.8138027,39.5296329,Yes,2,Unknown,Unknown,,0,False,Unknown
Reno,Nevada,-119.8138027,39.5296329,No,3+,Murder,ghost,,1,False,Unknown
Reno,Nevada,-119.8138027,39.5296329,No,2+,Murder,Unknown,,0,False,Unknown
Storey,Nevada,-119.5571677,39.4089847,No,5+,Supernatural,apparition,,1,False,Unknown
Tonopah,Nevada,-117.2305861,38.069211,Yes,2,Murder,Unknown,,0,False,Dusk
Tonopah,Nevada,-117.2305861,38.069211,Yes,4,Supernatural,ghost apparition,,2,False,Evening
Unionville,Nevada,-118.1206953,40.4454634,No,1,Supernatural,spirit,,1,False,Dusk
Virginia City,Nevada,-119.6499793,39.3095135,No,1,Supernatural,apparition,,1,False,Evening
Virginia City,Nevada,-119.6499793,39.3095135,No,1,Supernatural,ghost,,1,False,Dusk
Virginia City,Nevada,-119.6499793,39.3095135,Yes,5+,Murder,Unknown,,0,False,Dusk
Virginia City,Nevada,-119.6499793,39.3095135,No,2,Supernatural,ghost,,1,False,Evening
Virginia City,Nevada,-119.6499793,39.3095135,No,1,Supernatural,ghost,,1,False,Dusk
Virginia City,Nevada,-119.6499793,39.3095135,No,1,Unknown,Unknown,,0,False,Evening
Virginia City,Nevada,-119.6499793,39.3095135,No,3+,Supernatural,Unknown,,0,False,Evening
Washoe,Nevada,-119.6035495,40.5608387,No,1+,Supernatural,figure,,1,False,Evening
Aiea,Hawaii,-157.9255357,21.386338,No,0,Supernatural,figure,,1,False,Dusk
Ford Island,Hawaii,-157.959815,21.3642518,Yes,4,Supernatural,figure,,1,False,Dusk
Hamakuapoko,Hawaii,-156.3480556,20.9219444,Yes,2+,Supernatural,ghost spirit,,2,False,Evening
Hauula,Hawaii,-157.9225549,21.5918615,Yes,0,Supernatural,Unknown,,0,False,Dusk
Hilo,Hawaii,-155.0884869,19.7070942,Yes,1,Supernatural,spirit,,1,False,Dusk
Hilo,Hawaii,-155.0884869,19.7070942,Yes,1,Supernatural,Unknown,,0,False,Dusk
Honolulu,Hawaii,-157.8583333,21.3069444,Yes,1+,Supernatural,ghost,,1,False,Dusk
Honolulu,Hawaii,-157.8583333,21.3069444,No,1,Supernatural,ghost,,1,False,Dusk
Honolulu,Hawaii,-157.8583333,21.3069444,Yes,1,Supernatural,Unknown,,0,False,Dusk
Honolulu,Hawaii,-157.8583333,21.3069444,Yes,5+,Supernatural,figure,white figure,1,False,Dusk
Honolulu,Hawaii,-157.8583333,21.3069444,No,2+,Natural Disaster,Unknown,,0,False,Evening
Honolulu,Hawaii,-157.8583333,21.3069444,Yes,2+,Supernatural,Unknown,,0,False,Evening
Honolulu,Hawaii,-157.8583333,21.3069444,No,2+,Unknown,Unknown,,0,False,Dusk
Honalulu,Hawaii,-157.8583333,21.3069444,No,3+,Supernatural,Unknown,,0,False,Unknown
Honolulu,Hawaii,-157.8583333,21.3069444,No,1,Supernatural,Unknown,,0,False,Dusk
Honolulu,Hawaii,-157.8583333,21.3069444,Yes,3,Supernatural,shadow,,1,False,Unknown
Honolulu,Hawaii,-157.8583333,21.3069444,No,1,Natural Disaster,ghost,,1,False,Dusk
Honolulu,Hawaii,-157.8583333,21.3069444,Yes,0,Supernatural,Unknown,,0,False,Evening
Honolulu,Hawaii,-157.8583333,21.3069444,Yes,0,Supernatural,spirit,,1,False,Evening
Honolulu,Hawaii,-157.8583333,21.3069444,Yes,3,Supernatural,ghost,,1,False,Morning
Honolulu,Hawaii,-157.8583333,21.3069444,Yes,5+,Supernatural,specter,other specter,1,False,Dusk
Honolulu,Hawaii,-157.8583333,21.3069444,No,0,Unknown,Unknown,,0,False,Dusk
Honolulu,Hawaii,-157.8583333,21.3069444,Yes,2+,Supernatural,Unknown,,0,False,Dusk
Honolulu,Hawaii,-157.8583333,21.3069444,No,0,Natural Disaster,ghost,,1,False,Evening
Honolulu,Hawaii,-157.8583333,21.3069444,No,0,Supernatural,ghost,,1,False,Dusk
Honolulu,Hawaii,-157.8583333,21.3069444,No,3,Supernatural,ghost,,1,False,Unknown
Honolulu,Hawaii,-157.8583333,21.3069444,No,2+,Supernatural,shadow,,1,False,Evening
Honolulu,Hawaii,-157.8583333,21.3069444,No,3+,Supernatural,Unknown,,0,False,Evening
Honolulu,Hawaii,-157.8583333,21.3069444,No,0,Unknown,Unknown,,0,False,Evening
Honolulu,Hawaii,-157.8583333,21.3069444,No,1+,Murder,figure,shadowy figure,1,False,Dusk
Honolulu,Hawaii,-157.8583333,21.3069444,No,1,Supernatural,ghost,,1,False,Dusk
Honolulu,Hawaii,-157.8583333,21.3069444,No,1,Unknown,Unknown,,0,False,Evening
Honolulu,Hawaii,-157.8583333,21.3069444,No,1,Supernatural,Unknown,,0,False,Dusk
Honolulu,Hawaii,-157.8583333,21.3069444,No,2+,Supernatural,Unknown,,0,False,Dusk
Honolulu,Hawaii,-157.8583333,21.3069444,Yes,2+,Supernatural,spirit,,1,False,Evening
Honolulu,Hawaii,-157.8583333,21.3069444,No,2,Supernatural,ghost,,1,False,Evening
Honolulu,Hawaii,-157.8583333,21.3069444,No,1,Unknown,Unknown,,0,False,Dusk
Honolulu,Hawaii,-157.8583333,21.3069444,No,2+,Unknown,Unknown,,0,False,Dusk
Honolulu,Hawaii,-157.8583333,21.3069444,Yes,2+,Supernatural,ghost,,1,False,Dusk
Honolulu,Hawaii,-157.8583333,21.3069444,No,2+,Unknown,Unknown,,0,False,Dusk
Honolulu,Hawaii,-157.8583333,21.3069444,Yes,1,Murder,Unknown,,0,False,Evening
Honolulu,Hawaii,-157.8583333,21.3069444,Yes,3,Supernatural,Unknown,,0,False,Morning
Honolulu,Hawaii,-157.8583333,21.3069444,Yes,3+,Supernatural,ghost,,1,False,Dusk
Honolulu,Hawaii,-157.8583333,21.3069444,Yes,3+,Unknown,Unknown,,0,False,Unknown
Honolulu,Hawaii,-157.8583333,21.3069444,No,1,Supernatural,ghost,,1,False,Dusk
Honolulu,Hawaii,-157.8583333,21.3069444,No,1,Unknown,Unknown,,0,False,Evening
Honolulu,Hawaii,-157.8583333,21.3069444,No,2,Supernatural,Unknown,,0,False,Evening
Honolulu,Hawaii,-157.8583333,21.3069444,No,1,Supernatural,Unknown,,0,False,Dusk
Honolulu,Hawaii,-157.8583333,21.3069444,No,1,Supernatural,Unknown,,0,False,Dusk
Honolulu,Hawaii,-157.8583333,21.3069444,Yes,3+,Murder,Unknown,,0,False,Dusk
Kahala,Hawaii,-157.7864379,21.2697044,Yes,0,Supernatural,Unknown,,0,False,Unknown
Kailua Kona (Big Island),Hawaii,-155.9969261,19.639994,Yes,2+,Supernatural,apparition,,1,False,Evening
Kaneohe,Hawaii,-157.7973653,21.3996475,No,0,Unknown,Unknown,,0,False,Evening
Kauai,Hawaii,-159.5261238,22.0964396,No,1,Unknown,Unknown,,0,False,Dusk
Kaunakakai,Hawaii,-157.0238889,21.0933333,Yes,2+,Unknown,Unknown,,0,False,Dusk
Keahou,Hawaii,-155.9605604,19.5756191,Yes,0,Unknown,Unknown,,0,False,Dusk
Kilo,Hawaii,-155.0884869,19.7070942,No,3,Unknown,Unknown,,0,False,Dusk
Lahaina,Hawaii,-156.6825,20.8783333,No,1,Supernatural,ghost,,1,False,Dusk
Laie,Hawaii,-157.9225549,21.6482858,Yes,2+,Supernatural,Unknown,,0,False,Dusk
Makaha,Hawaii,-158.2206477,21.4634328,Yes,0,Supernatural,Unknown,,0,False,Evening
Makaha,Hawaii,-158.2206477,21.4634328,Yes,1+,Unknown,Unknown,,0,False,Evening
Maui,Hawaii,-156.3319253,20.7983626,Yes,0,Unknown,Unknown,,0,False,Evening
Maui,Hawaii,-156.3319253,20.7983626,Yes,2+,Supernatural,spirit,,1,False,Evening
Maui,Hawaii,-156.3319253,20.7983626,No,4,Unknown,Unknown,,0,False,Dusk
Maui,Hawaii,-156.3319253,20.7983626,No,1+,Supernatural,Unknown,,0,False,Dusk
Mililani,Hawaii,-158.0152807,21.4513314,No,1,Unknown,Unknown,,0,False,Dusk
Nanakuli,Hawaii,-158.1610274,21.3875264,No,0,Supernatural,shadow,,1,True,Unknown
North Shore,Hawaii,-158.0715983,21.5616575,No,0,Supernatural,Unknown,,0,False,Dusk
O'ahu,Hawaii,-158.0000565,21.4389123,Yes,0,Supernatural,spirit,,1,False,Morning
O'ahu,Hawaii,-158.0000565,21.4389123,Yes,0,Supernatural,ghost,,1,False,Evening
O'ahu,Hawaii,-158.0000565,21.4389123,No,1,Supernatural,ghost,,1,False,Dusk
O’ahu,Hawaii,-158.0000565,21.4389123,Yes,0,Suicide,Unknown,,0,False,Dusk
O'ahu,Hawaii,-158.0000565,21.4389123,No,0,Unknown,Unknown,,0,False,Dusk
O'ahu,Hawaii,-158.0000565,21.4389123,Yes,3+,Supernatural,Unknown,,0,False,Dusk
O'ahu,Hawaii,-158.0000565,21.4389123,No,1+,Murder,ghost,,1,False,Evening
O'ahu,Hawaii,-158.0000565,21.4389123,No,1,Unknown,Unknown,,0,False,Dusk
O'ahu,Hawaii,-158.0000565,21.4389123,No,1,Unknown,Unknown,,0,False,Dusk
O'ahu,Hawaii,-158.0000565,21.4389123,No,0,Supernatural,ghost,,1,False,Dusk
O'ahu,Hawaii,-158.0000565,21.4389123,No,1,Unknown,Unknown,,0,False,Unknown
O'ahu,Hawaii,-158.0000565,21.4389123,No,2,Unknown,Unknown,,0,False,Dusk
Pearl City,Hawaii,-157.9733333,21.3972222,Yes,0,Unknown,Unknown,,0,False,Evening
Pearl City,Hawaii,-157.9733333,21.3972222,No,2+,Unknown,Unknown,,0,False,Dusk
Pearl City,Hawaii,-157.9733333,21.3972222,No,1,Supernatural,ghost figure,black figure,2,False,Dusk
Pearl City,Hawaii,-157.9733333,21.3972222,No,1,Unknown,Unknown,,0,False,Evening
Pearl City,Hawaii,-157.9733333,21.3972222,No,3,Murder,spirit figure,same figure,2,False,Unknown
Pearl Harbor,Hawaii,-157.9642869,21.3420741,Yes,1,Murder,ghost,,1,False,Dusk
Pearl Harbor,Hawaii,-157.9642869,21.3420741,Yes,3+,Supernatural,apparition figure,,2,False,Dusk
Schofield Barracks,Hawaii,-158.0626555,21.4954957,No,1,Supernatural,shadow figure,dark shadow,2,False,Evening
Schofield Barracks,Hawaii,-158.0626555,21.4954957,No,0,Suicide,Unknown,,0,False,Evening
Schofield Barracks,Hawaii,-158.0626555,21.4954957,Yes,1+,Supernatural,ghost,,1,False,Unknown
Wahiawa,Hawaii,-158.0209227,21.5010495,No,0,Unknown,Unknown,,0,False,Dusk
Wahiawa,Hawaii,-158.0209227,21.5010495,Yes,0,Supernatural,ghost,,1,False,Dusk
Waihee,Hawaii,-156.5045315,20.9297229,No,2+,Supernatural,figure,white figure,1,False,Dusk
Waikiki,Hawaii,-157.835698,21.285002,No,1,Supernatural,ghost spirit,"same ghost, angry ghost, Hawaiian ghost, angry ghost, Hawaiian ghost",2,False,Unknown
Waipio,Hawaii,-157.9955852,21.414311,Yes,1,Unknown,Unknown,,0,False,Dusk
Wheeler,Hawaii,-158.0328463,21.4744642,No,2+,Unknown,Unknown,,0,False,Unknown
American fork,Utah,-111.7957645,40.3768954,No,1,Unknown,Unknown,,0,False,Dusk
Bear River City,Utah,-112.1266165,41.61465339999999,Yes,2+,Murder,Unknown,,0,False,Dusk
Beaver Dam,Utah,-112.0569252,41.8085751,No,1+,Unknown,Unknown,,0,False,Dusk
Benjamin,Utah,-111.731318,40.0982875,Yes,5+,Supernatural,ghost shadow mist presence,"green mist, unpleasant presence",4,False,Morning
Benjamin,Utah,-111.731318,40.0982875,Yes,3+,Unknown,Unknown,,0,False,Unknown
Bountiful,Utah,-111.880771,40.8893895,Yes,1,Supernatural,Unknown,,0,False,Evening
Bountiful,Utah,-111.880771,40.8893895,No,1+,Supernatural,presence,eerie presence,1,False,Dusk
Box Elder,Utah,-113.1918021,41.5380087,Yes,5+,Unknown,Unknown,,0,False,Dusk
Brigham City,Utah,-112.0155015,41.5102129,Yes,1,Supernatural,Unknown,,0,False,Evening
Brigham City,Utah,-112.0155015,41.5102129,No,5+,Supernatural,ghost,,1,False,Dusk
Brigham,Utah,-112.0155015,41.5102129,Yes,2+,Supernatural,ghost,,1,False,Evening
Brighton,Utah,-111.5821429,40.60384,Yes,1+,Supernatural,apparition,,1,False,Unknown
Byron,Utah,-111.8921503,40.7631125,Yes,2+,Suicide,Unknown,,0,False,Dusk
Capitol Hill,Utah,-111.8931957,40.7783435,No,0,Unknown,Unknown,,0,False,Dusk
Castle Dale,Utah,-111.019613,39.212192,No,2,Supernatural,ghost apparition figure,whole apparition,3,False,Evening
Cedar City,Utah,-113.0618931,37.67747689999999,No,2,Supernatural,ghost presence,active presence,2,False,Evening
Cedar City,Utah,-113.0618931,37.67747689999999,No,1,Supernatural,Unknown,,0,False,Evening
Cedar City,Utah,-113.0618931,37.67747689999999,No,3+,Supernatural,ghost spirit,,2,False,Evening
Cedar City,Utah,-113.0618931,37.67747689999999,No,2+,Supernatural,figure,,1,False,Dusk
Clarkston,Utah,-112.0499536,41.9202033,Yes,1,Unknown,Unknown,,0,False,Dusk
Clearfield,Utah,-112.0260538,41.1107771,No,0,Supernatural,Unknown,,0,False,Dusk
Clearfield,Utah,-112.0260538,41.1107771,No,4,Supernatural,ghost spirit,"other ghost, unknown spirit",2,False,Unknown
Clearfield,Utah,-112.0260538,41.1107771,No,0,Suicide,spirit,,1,False,Dusk
Clearfield,Utah,-112.0260538,41.1107771,No,0,Supernatural,Unknown,,0,False,Unknown
Clearfield,Utah,-112.0260538,41.1107771,No,0,Supernatural,Unknown,,0,False,Dusk
Clearfield,Utah,-112.0260538,41.1107771,Yes,5+,Suicide,ghost spirit,,2,False,Dusk
Clearfield,Utah,-112.0260538,41.1107771,Yes,5+,Supernatural,Unknown,,0,False,Unknown
Dugway,Utah,-112.7444097,40.22105320000001,No,0,Unknown,Unknown,,0,False,Unknown
Dugway,Utah,-112.7444097,40.22105320000001,Yes,1,Supernatural,ghost figure,"fleeting figure, tall Figure",2,False,Unknown
Echo,Utah,-111.4413165,40.97789849999999,Yes,1,Unknown,Unknown,,0,False,Evening
Grafton,Utah,-113.0799425,37.167205,Yes,3+,Murder,Unknown,,0,False,Dusk
Helper,Utah,-110.8546053,39.6841304,No,2+,Murder,ghost,several Ghost,1,False,Evening
Herriman,Utah,-112.0329938,40.5141147,No,0,Supernatural,apparition,,1,False,Dusk
Highland,Utah,-111.7979285,40.4248665,Yes,2,Supernatural,figure,dark figure,1,False,Unknown
Highland,Utah,-111.7979285,40.4248665,No,1,Supernatural,apparition,,1,False,Dusk
Highland,Utah,-111.7979285,40.4248665,Yes,1+,Supernatural,spirit,,1,False,Evening
Hill AFB,Utah,-111.9826984,41.10968,Yes,1+,Supernatural,figure,only figure,1,False,Evening
Honeyville,Utah,-112.0793935,41.638542,Yes,5+,Supernatural,shadow presence,evil presence,2,False,Unknown
Kaysville,Utah,-111.9385521,41.0352216,No,2+,Murder,Unknown,,0,False,Dusk
Kaysville,Utah,-111.9385521,41.0352216,Yes,1,Murder,Unknown,,0,False,Dusk
Kearns,Utah,-111.9963275,40.6599468,No,4,Supernatural,shadow,,1,False,Dusk
Layton,Utah,-111.9710529,41.0602216,Yes,1,Supernatural,apparition,,1,False,Dusk
Layton,Utah,-111.9710529,41.0602216,Yes,2+,Unknown,Unknown,,0,False,Evening
Layton,Utah,-111.9710529,41.0602216,Yes,2+,Supernatural,Unknown,,0,False,Dusk
Lehi,Utah,-111.8507662,40.3916172,Yes,2+,Supernatural,ghost,,1,False,Evening
Lehi,Utah,-111.8507662,40.3916172,No,0,Unknown,Unknown,,0,False,Evening
Lehi,Utah,-111.8507662,40.3916172,No,1,Supernatural,ghost,,1,False,Unknown
Lindon,Utah,-111.7207608,40.3432857,Yes,3+,Supernatural,Unknown,,0,False,Dusk
Logan,Utah,-111.8338359,41.7369803,No,1,Unknown,Unknown,,0,False,Evening
Logan,Utah,-111.8338359,41.7369803,No,2+,Supernatural,entity,invisible entity,1,False,Dusk
Logan,Utah,-111.8338359,41.7369803,No,0,Supernatural,Unknown,,0,False,Unknown
Logan,Utah,-111.8338359,41.7369803,No,3+,Murder,Unknown,,0,False,Evening
Magna,Utah,-112.1016088,40.7091121,No,1,Supernatural,Unknown,,0,False,Dusk
Magna,Utah,-112.1016088,40.7091121,Yes,2+,Supernatural,ghost,many ghost,1,True,Evening
Midvale,Utah,-111.8999353,40.6110589,No,1,Supernatural,shadow,"big shadow, black shadow",1,False,Unknown
Neola,Utah,-110.0298752,40.4332885,No,2+,Supernatural,ghost,,1,False,Dusk
North Salt Lake,Utah,-111.9068824,40.8485564,No,5+,Supernatural,ghost,friendly ghost,1,False,Morning
Ogden,Utah,-111.9738304,41.223,No,1+,Supernatural,shadow orb entity,,3,True,Unknown
Ogden,Utah,-111.9738304,41.223,Yes,4+,Murder,ghost,many ghost,1,False,Morning
Ogden,Utah,-111.9738304,41.223,No,5,Supernatural,Unknown,,0,False,Dusk
Ogden,Utah,-111.9738304,41.223,No,2+,Supernatural,ghost,,1,False,Evening
Ogden,Utah,-111.9738304,41.223,No,1+,Supernatural,ghost,,1,False,Evening
Ogden,Utah,-111.9738304,41.223,No,0,Murder,Unknown,,0,False,Dusk
Ogden,Utah,-111.9738304,41.223,No,1+,Supernatural,shadow orb,,2,True,Dusk
Ogden,Utah,-111.9738304,41.223,No,2+,Unknown,entity,,1,False,Dusk
Ogden,Utah,-111.9738304,41.223,Yes,5+,Supernatural,shadow,,1,False,Unknown
Ogden,Utah,-111.9738304,41.223,No,1+,Supernatural,apparition,,1,False,Unknown
Ogden,Utah,-111.9738304,41.223,Yes,5+,Murder,Unknown,,0,False,Dusk
Ogden,Utah,-111.9738304,41.223,No,1,Murder,ghost,local ghost,1,True,Morning
Ogden Canyon,Utah,-111.8852667,41.2487395,Yes,2+,Murder,Unknown,,0,False,Morning
Orem,Utah,-111.6946475,40.2968979,No,5+,Death,ghost,,1,False,Unknown
Orem,Utah,-111.6946475,40.2968979,Yes,0,Supernatural,Unknown,,0,False,Dusk
Park City,Utah,-111.4979729,40.6460622,No,2+,Supernatural,spirit mist presence,own mist,3,True,Morning
Park City,Utah,-111.4979729,40.6460622,No,2+,Supernatural,Unknown,,0,False,Dusk
Park City,Utah,-111.4979729,40.6460622,No,2+,Murder,apparition,,1,False,Dusk
Pleasant Grove,Utah,-111.73854,40.3641184,Yes,5+,Supernatural,Unknown,,0,False,Evening
Pleasant Grove,Utah,-111.73854,40.3641184,No,3+,Natural Disaster,Unknown,,0,False,Dusk
Pleasent grove,Utah,-111.73854,40.3641184,Yes,3+,Supernatural,shadow,,1,False,Unknown
Pleasant Grove,Utah,-111.73854,40.3641184,No,1,Unknown,Unknown,,0,False,Morning
Provo,Utah,-111.6585337,40.2338438,Yes,2+,Supernatural,ghost,,1,False,Unknown
Provo,Utah,-111.6585337,40.2338438,No,0,Supernatural,Unknown,,0,False,Dusk
Provo,Utah,-111.6585337,40.2338438,No,2+,Murder,presence,,1,False,Unknown
Ogden,Utah,-111.9738304,41.223,No,0,Murder,Unknown,,0,False,Dusk
Riverdale,Utah,-112.0038311,41.1768888,Yes,0,Supernatural,presence,cold presence,1,False,Dusk
Riverton,Utah,-111.9391023,40.521893,Yes,1,Supernatural,Unknown,,0,False,Evening
Roy,Utah,-112.0263313,41.1616108,No,4,Supernatural,ghost presence,"first ghost, second ghost, third ghost, last ghost",2,False,Unknown
Roy,Utah,-112.0263313,41.1616108,Yes,0,Unknown,Unknown,,0,False,Dusk
Roy,Utah,-112.0263313,41.1616108,Yes,5+,Supernatural,ghost orb,,2,False,Dusk
Salina,Utah,-111.859925,38.9577407,Yes,1,Supernatural,ghost,,1,False,Unknown
Salt Lake City,Utah,-111.8910474,40.7607793,No,2+,Natural Disaster,Unknown,,0,False,Dusk
Salt Lake City,Utah,-111.8910474,40.7607793,Yes,3+,Unknown,Unknown,,0,False,Unknown
Salt Lake City,Utah,-111.8910474,40.7607793,No,3+,Unknown,Unknown,,0,False,Dusk
Salt Lake City,Utah,-111.8910474,40.7607793,No,0,Murder,ghost,,1,False,Dusk
Salt Lake City,Utah,-111.8910474,40.7607793,Yes,5+,Supernatural,Unknown,,0,True,Dusk
Salt Lake City,Utah,-111.8910474,40.7607793,Yes,2+,Supernatural,Unknown,,0,False,Evening
Salt Lake City,Utah,-111.8910474,40.7607793,No,1,Unknown,Unknown,,0,False,Dusk
Salt Lake City,Utah,-111.8910474,40.7607793,Yes,1,Supernatural,Unknown,,0,False,Dusk
Salt Lake City,Utah,-111.8910474,40.7607793,No,0,Supernatural,presence,cold presence,1,False,Dusk
Salt Lake City,Utah,-111.8910474,40.7607793,Yes,2,Supernatural,Unknown,,0,False,Dusk
Salt Lake City,Utah,-111.8910474,40.7607793,No,0,Unknown,Unknown,,0,False,Unknown
Salt Lake City,Utah,-111.8910474,40.7607793,No,3+,Supernatural,Unknown,,0,False,Unknown
Salt Lake City,Utah,-111.8910474,40.7607793,Yes,2+,Murder,Unknown,,0,False,Evening
Salt Lake City,Utah,-111.8910474,40.7607793,No,0,Supernatural,specter,,1,True,Morning
Salt Lake City,Utah,-111.8910474,40.7607793,No,0,Natural Disaster,ghost,,1,False,Dusk
Salt Lake City,Utah,-111.8910474,40.7607793,No,0,Supernatural,figure,,1,False,Dusk
Salt Lake City,Utah,-111.8910474,40.7607793,Yes,0,Unknown,Unknown,,0,False,Dusk
Salt Lake City,Utah,-111.8910474,40.7607793,Yes,3+,Supernatural,Unknown,,0,False,Unknown
Salt Lake City,Utah,-111.8910474,40.7607793,Yes,3,Murder,ghost poltergeist,,2,False,Dusk
Salt Lake City,Utah,-111.8910474,40.7607793,No,1,Supernatural,ghost,,1,False,Evening
Salt Lake City,Utah,-111.8910474,40.7607793,No,4,Supernatural,shadow,,1,False,Dusk
Salt Lake City,Utah,-111.8910474,40.7607793,Yes,2,Supernatural,Unknown,,0,False,Unknown
Salt Lake City,Utah,-111.8910474,40.7607793,No,2,Unknown,Unknown,,0,False,Dusk
Salt Lake City,Utah,-111.8910474,40.7607793,No,0,Supernatural,Unknown,,0,False,Evening
Salt Lake City,Utah,-111.8910474,40.7607793,No,0,Unknown,Unknown,,0,False,Evening
Santaquin,Utah,-111.7852106,39.9755101,Yes,1+,Supernatural,Unknown,,0,False,Dusk
Santaquin,Utah,-111.7852106,39.9755101,No,0,Supernatural,Unknown,,0,False,Dusk
Silver Reef,Utah,-113.3677281,37.25275970000001,Yes,5+,Supernatural,Unknown,,0,False,Evening
Smithfield,Utah,-111.8327229,41.8382622,Yes,3,Supernatural,presence,"evil presence, strong presence",1,False,Evening
Spanish Fork,Utah,-111.654923,40.114955,Yes,0,Unknown,Unknown,,0,False,Dusk
Spanish Fork,Utah,-111.654923,40.114955,No,0,Supernatural,Unknown,,0,False,Evening
Springville,Utah,-111.6107526,40.1652335,No,1,Unknown,Unknown,,0,False,Unknown
Springville,Utah,-111.6107526,40.1652335,Yes,0,Supernatural,ghost,,1,False,Morning
Springville,Utah,-111.6107526,40.1652335,Yes,2,Supernatural,Unknown,,0,False,Dusk
St. George,Utah,-113.5684164,37.0965278,No,1,Supernatural,ghost,,1,False,Dusk
Syracuse,Utah,-112.0646657,41.0893878,No,0,Murder,ghost,,1,False,Morning
Taylorsville,Utah,-111.9388258,40.66772479999999,No,1+,Murder,ghost apparition,other apparition,2,False,Unknown
Tooele,Utah,-112.29828,40.53077760000001,No,0,Supernatural,orb,,1,True,Dusk
Tooele,Utah,-112.29828,40.53077760000001,No,1,Unknown,Unknown,,0,False,Unknown
Tooele,Utah,-112.29828,40.53077760000001,Yes,1,Natural Disaster,presence,"definite presence, spiritual presence",1,False,Dusk
Tooele,Utah,-112.29828,40.53077760000001,Yes,0,Supernatural,ghost shadow orb figure entity,"several ghost, public ghost",5,True,Dusk
Washatch,Utah,-110.9983515,40.3629418,Yes,0,Supernatural,ghost,,1,False,Dusk
Washington Terrace,Utah,-111.9766083,41.172722,Yes,1,Supernatural,Unknown,,0,False,Morning
West Valley,Utah,-112.0010501,40.6916132,No,4+,Murder,Unknown,,0,False,Morning
Alliance,Nebraska,-102.8702006,42.0930235,No,0,Murder,ghost spirit,female ghost,2,False,Morning
Alexandria,Nebraska,-97.3896117,40.2463056,No,1,Supernatural,Unknown,,0,False,Dusk
Beemer,Nebraska,-96.8117024,41.930001,No,1,Supernatural,figure,"better figure, ghostly figure",1,False,Morning
Bellevue,Nebraska,-95.9145568,41.1543623,No,2+,Supernatural,apparition specter,,2,False,Unknown
Bellevue,Nebraska,-95.9145568,41.1543623,Yes,1,Supernatural,spirit,,1,False,Dusk
Bellevue,Nebraska,-95.9145568,41.1543623,No,2+,Unknown,Unknown,,0,False,Dusk
Bellevue,Nebraska,-95.9145568,41.1543623,No,1,Supernatural,ghost,,1,False,Dusk
Bellevue,Nebraska,-95.9145568,41.1543623,Yes,1,Supernatural,figure mist,thick mist,2,False,Evening
Bellevue,Nebraska,-95.9145568,41.1543623,No,3+,Unknown,entity,,1,False,Unknown
Bellwood,Nebraska,-97.2395379,41.3419146,Yes,1,Supernatural,shadow,,1,False,Unknown
Blair,Nebraska,-96.1350702,41.5446975,No,1+,Supernatural,Unknown,,0,False,Evening
Blair,Nebraska,-96.1350702,41.5446975,No,2+,Natural Disaster,ghost figure,"shadowy figure, mischievous ghost",2,False,Unknown
Blair,Nebraska,-96.1350702,41.5446975,Yes,2+,Suicide,ghost,,1,False,Dusk
Blair,Nebraska,-96.1350702,41.5446975,Yes,1,Supernatural,phantom figure,dark figure,2,False,Morning
Brownville,Nebraska,-95.6580455,40.3977793,Yes,0,Supernatural,ghost,,1,False,Evening
Cedar Bluffs,Nebraska,-96.6114157,41.3969461,Yes,1,Unknown,Unknown,,0,False,Evening
Chadron,Nebraska,-102.9999069,42.8294187,Yes,3+,Supernatural,spirit,friendly spirit,1,False,Morning
Clatonia,Nebraska,-96.85101,40.4654994,Yes,1,Supernatural,figure,,1,False,Morning
Columbus,Nebraska,-97.3593904,41.43029730000001,Yes,0,Unknown,Unknown,,0,False,Evening
Columbus,Nebraska,-97.3593904,41.43029730000001,No,0,Supernatural,Unknown,,0,False,Evening
Columbus,Nebraska,-97.3593904,41.43029730000001,Yes,3+,Supernatural,ghost,,1,False,Evening
Columbus,Nebraska,-97.3593904,41.43029730000001,No,3,Supernatural,ghost spirit presence,,3,False,Evening
Columbus,Nebraska,-97.3593904,41.43029730000001,No,1,Natural Disaster,Unknown,,0,False,Unknown
Columbus,Nebraska,-97.3593904,41.43029730000001,Yes,1,Supernatural,shadow,,1,False,Morning
Columbus,Nebraska,-97.3593904,41.43029730000001,Yes,1,Supernatural,Unknown,,0,False,Dusk
Crete,Nebraska,-96.9615141,40.6252173,No,2+,Supernatural,Unknown,,0,False,Dusk
Crofton,Nebraska,-97.4956183,42.7288884,Yes,3+,Supernatural,ghost,,1,False,Evening
Curtis,Nebraska,-100.5157004,40.6300081,Yes,0,Suicide,Unknown,,0,False,Dusk
Darr,Nebraska,-99.8837305,40.8208402,No,0,Murder,Unknown,,0,False,Dusk
Dorchester,Nebraska,-97.116426,40.6458388,No,0,Supernatural,Unknown,,0,False,Dusk
Dorchester,Nebraska,-97.116426,40.6458388,Yes,2+,Unknown,Unknown,,0,False,Unknown
Fairbury,Nebraska,-97.1798456,40.1466169,No,1,Supernatural,ghost,,1,False,Unknown
Fremont,Nebraska,-96.4981467,41.4333909,No,3+,Supernatural,ghost figure,,2,False,Dusk
Fremont,Nebraska,-96.4981467,41.4333909,No,0,Supernatural,Unknown,,0,False,Dusk
Fremont,Nebraska,-96.4981467,41.4333909,Yes,2+,Unknown,Unknown,,0,False,Evening
Garland,Nebraska,-96.9855818,40.9447298,Yes,2+,Murder,Unknown,,0,False,Dusk
Geneva,Nebraska,-97.5958818,40.5269512,No,0,Unknown,Unknown,,0,False,Unknown
Hastings,Nebraska,-98.3898726,40.5862583,No,1,Supernatural,ghost,,1,False,Evening
Hastings,Nebraska,-98.3898726,40.5862583,Yes,0,Supernatural,ghost,good ghost,1,False,Dusk
Hay Springs,Nebraska,-102.6899007,42.6838618,No,1,Supernatural,presence,,1,False,Dusk
Homer,Nebraska,-96.4864225,42.3222166,Yes,0,Murder,witch,,1,False,Dusk
Kearney,Nebraska,-99.0816784,40.69933030000001,No,2+,Supernatural,ghost,,1,False,Dusk
Kearney,Nebraska,-99.0816784,40.69933030000001,No,1,Supernatural,Unknown,,0,False,Dusk
Kearney,Nebraska,-99.0816784,40.69933030000001,Yes,2+,Supernatural,ghost,active ghost,1,False,Evening
Kearney,Nebraska,-99.0816784,40.69933030000001,Yes,3,Suicide,ghost,,1,False,Dusk
Krakow (near Genoa),Nebraska,-97.7533104,41.3938949,No,1+,Supernatural,figure,,1,False,Unknown
Lake Waconda,Nebraska,-95.8515398,40.844292,No,2+,Supernatural,ghost,,1,False,Evening
Lexington,Nebraska,-99.7415045,40.7808398,Yes,0,Supernatural,Unknown,,0,False,Dusk
Lincoln,Nebraska,-96.6851982,40.8257625,No,1,Supernatural,figure,,1,False,Unknown
Lincoln,Nebraska,-96.6851982,40.8257625,Yes,1,Supernatural,Unknown,,0,False,Evening
Lincoln,Nebraska,-96.6851982,40.8257625,No,0,Supernatural,ghost,,1,False,Evening
Lincoln,Nebraska,-96.6851982,40.8257625,No,1,Suicide,Unknown,,0,False,Dusk
Lincoln,Nebraska,-96.6851982,40.8257625,No,1+,Murder,ghost,,1,False,Dusk
Lincoln,Nebraska,-96.6851982,40.8257625,Yes,1+,Supernatural,ghost,,1,False,Dusk
Lincoln,Nebraska,-96.6851982,40.8257625,No,1,Supernatural,Unknown,,0,False,Evening
Lincoln,Nebraska,-96.6851982,40.8257625,Yes,1,Natural Disaster,Unknown,,0,False,Unknown
Lincoln,Nebraska,-96.6851982,40.8257625,No,1,Supernatural,Unknown,,0,False,Dusk
Lincoln,Nebraska,-96.6851982,40.8257625,Yes,2+,Murder,ghost figure,misty figure,2,False,Evening
Lincoln,Nebraska,-96.6851982,40.8257625,Yes,1,Murder,Unknown,,0,False,Dusk
Loup City,Nebraska,-98.9667532,41.275565,No,1,Supernatural,Unknown,,0,False,Evening
Louisville,Nebraska,-96.1600132,41.00444299999999,No,1,Supernatural,apparition,,1,False,Dusk
Malcolm,Nebraska,-96.8627994,40.9066713,No,2+,Supernatural,apparition,,1,False,Evening
Maxwell,Nebraska,-100.5252843,41.0785928,Yes,3,Suicide,Unknown,,0,False,Dusk
Murdock,Nebraska,-96.2800116,40.925555,Yes,1,Unknown,Unknown,,0,False,Unknown
Nebraska City,Nebraska,-95.8593616,40.6765745,Yes,0,Supernatural,ghost,many ghost,1,False,Evening
Nebraska City,Nebraska,-95.8593616,40.6765745,No,1+,Supernatural,ghost,,1,False,Unknown
Norfolk,Nebraska,-97.4137553,42.03272339999999,No,5+,Suicide,Unknown,,0,False,Morning
Norfolk,Nebraska,-97.4137553,42.03272339999999,Yes,0,Death,Unknown,,0,False,Unknown
North Platte,Nebraska,-100.7601454,41.1402759,No,3,Supernatural,Unknown,,0,False,Evening
North Platte,Nebraska,-100.7601454,41.1402759,No,2+,Unknown,Unknown,,0,False,Evening
North Platte,Nebraska,-100.7601454,41.1402759,No,2+,Supernatural,phantom,next Phantom,1,False,Dusk
North Platte,Nebraska,-100.7601454,41.1402759,No,3+,Supernatural,ghost,,1,False,Unknown
Odessa,Nebraska,-99.2552479,40.7007586,Yes,0,Supernatural,Unknown,,0,False,Unknown
Ogallala,Nebraska,-101.7203993,41.12821780000001,No,0,Supernatural,ghost,,1,False,Evening
Ogallala,Nebraska,-101.7203993,41.12821780000001,No,3+,Supernatural,figure,s figure,1,False,Morning
Omaha,Nebraska,-95.9979883,41.2523634,Yes,1,Supernatural,Unknown,,0,False,Unknown
Omaha,Nebraska,-95.9979883,41.2523634,No,3,Murder,ghost,,1,False,Evening
Omaha,Nebraska,-95.9979883,41.2523634,Yes,4+,Supernatural,ghost figure,shadowy figure,2,False,Unknown
Omaha,Nebraska,-95.9979883,41.2523634,No,0,Supernatural,apparition mist,,2,False,Dusk
Omaha,Nebraska,-95.9979883,41.2523634,Yes,2,Unknown,Unknown,,0,False,Unknown
Omaha,Nebraska,-95.9979883,41.2523634,Yes,0,Supernatural,Unknown,,0,False,Dusk
Omaha,Nebraska,-95.9979883,41.2523634,No,1+,Supernatural,spirit,,1,False,Dusk
Omaha,Nebraska,-95.9979883,41.2523634,Yes,0,Unknown,Unknown,,0,False,Evening
Omaha,Nebraska,-95.9979883,41.2523634,No,1,Death,ghost,,1,False,Evening
Omaha,Nebraska,-95.9979883,41.2523634,No,2+,Unknown,Unknown,,0,False,Dusk
Palmyra,Nebraska,-96.3899345,40.7042822,Yes,1,Supernatural,ghost,,1,False,Unknown
Papillion,Nebraska,-96.0422378,41.1544432,No,2+,Supernatural,ghost,,1,False,Dusk
Peru,Nebraska,-95.7336054,40.4741686,No,0,Supernatural,Unknown,,0,False,Morning
Pierce,Nebraska,-97.52672470000002,42.19917,No,2,Supernatural,Unknown,,0,False,Evening
Plattsmouth,Nebraska,-95.8808424,41.0111103,No,0,Supernatural,Unknown,,0,False,Dusk
Platteview,Nebraska,-96.0796638,41.0916339,No,0,Unknown,Unknown,,0,False,Dusk
Santee,Nebraska,-97.8509008,42.8411104,Yes,1,Unknown,Unknown,,0,True,Dusk
Schuyler,Nebraska,-97.0597019,41.4483432,Yes,1,Supernatural,Unknown,,0,False,Dusk
Schuyler,Nebraska,-97.0597019,41.4483432,No,0,Unknown,Unknown,,0,False,Unknown
Scottsbuff,Nebraska,-103.6671662,41.8666341,No,2+,Supernatural,spirit,female spirit,1,False,Morning
Seward,Nebraska,-97.0984927,40.9078784,No,3+,Supernatural,Unknown,,0,False,Unknown
Seward,Nebraska,-97.0984927,40.9078784,Yes,2,Murder,ghost,,1,False,Dusk
Sidney,Nebraska,-102.9774497,41.1448219,No,1+,Supernatural,ghost spirit,,2,True,Evening
Spring Ranch,Nebraska,-98.2431747,40.4016444,No,0,Supernatural,ghost spirit,,2,False,Dusk
Stanton,Nebraska,-97.2239336,41.950284,Yes,2+,Suicide,Unknown,,0,False,Evening
Seward,Nebraska,-97.0984927,40.9078784,No,0,Supernatural,ghost,,1,False,Dusk
Valentine,Nebraska,-100.5509669,42.87278329999999,Yes,0,Murder,apparition,,1,False,Unknown
Valley,Nebraska,-96.3465622,41.3110284,Yes,1,Supernatural,Unknown,,0,False,Evening
Waterloo,Nebraska,-96.2880569,41.28727809999999,Yes,5,Supernatural,ghost figure,second figure,2,False,Dusk
Wayne,Nebraska,-97.0178236,42.2305588,No,0,Suicide,ghost,mischievous ghost,1,False,Evening
Weeping Water,Nebraska,-96.139972,40.8699301,No,2+,Unknown,Unknown,,0,False,Evening
Weeping Water,Nebraska,-96.139972,40.8699301,No,0,Suicide,witch,,1,False,Evening
Wilber,Nebraska,-96.9605686,40.4813257,Yes,0,Supernatural,Unknown,,0,False,Dusk
Wilber,Nebraska,-96.9605686,40.4813257,No,1,Unknown,Unknown,,0,False,Dusk
York,Nebraska,-97.5920867,40.8673915,No,2+,Unknown,Unknown,,0,False,Dusk
York,Nebraska,-97.5920867,40.8673915,No,1,Murder,figure,,1,False,Evening
Acworth,Georgia,-84.6768796,34.0659329,No,1,Murder,ghost orb,light ghost,2,False,Unknown
Acworth,Georgia,-84.6768796,34.0659329,No,2+,Murder,ghost,,1,False,Morning
Acworth,Georgia,-84.6768796,34.0659329,Yes,2,Supernatural,Unknown,,0,False,Unknown
Adairsville,Georgia,-84.9341093,34.3687021,No,0,Supernatural,ghost,,1,False,Evening
Adairsville,Georgia,-84.9341093,34.3687021,No,5+,Supernatural,figure,,1,False,Evening
Adairsville,Georgia,-84.9341093,34.3687021,No,2+,Supernatural,Unknown,,0,False,Evening
Albany,Georgia,-84.15574099999999,31.5785074,Yes,2+,Supernatural,Unknown,,0,False,Unknown
Albany,Georgia,-84.15574099999999,31.5785074,No,5+,Supernatural,ghost spirit,,2,False,Dusk
Albany,Georgia,-84.15574099999999,31.5785074,No,0,Murder,spirit,,1,False,Dusk
Alpharetta,Georgia,-84.2940899,34.0753762,No,0,Murder,presence,strange presence,1,False,Dusk
Alpharetta,Georgia,-84.2940899,34.0753762,Yes,2+,Supernatural,spirit,,1,False,Unknown
Altamaha Swamp,Georgia,-81.9068739,31.6249316,Yes,0,Supernatural,spirit,,1,False,Dusk
Americus,Georgia,-84.23268759999999,32.0723861,Yes,1,Unknown,Unknown,,0,False,Evening
Americus,Georgia,-84.23268759999999,32.0723861,No,0,Supernatural,Unknown,,0,False,Dusk
Americus,Georgia,-84.23268759999999,32.0723861,Yes,0,Supernatural,ghost presence,,2,False,Dusk
Andersonville,Georgia,-84.1303207,32.2002948,No,1,Supernatural,shadow,,1,False,Dusk
Andersonville,Georgia,-84.1303207,32.2002948,No,2,Unknown,Unknown,,0,False,Evening
Andersonville,Georgia,-84.1303207,32.2002948,No,1,Unknown,Unknown,,0,False,Dusk
Appling County,Georgia,-82.25832969999999,31.712238,No,2+,Murder,ghost,,1,False,Evening
Athens,Georgia,-83.357567,33.9519347,No,2+,Unknown,Unknown,,0,False,Dusk
Athens,Georgia,-83.357567,33.9519347,No,1,Supernatural,apparition,,1,False,Dusk
Atlanta,Georgia,-84.3879824,33.7489954,No,0,Unknown,Unknown,,0,False,Dusk
Atlanta,Georgia,-84.3879824,33.7489954,Yes,1,Supernatural,orb,,1,True,Unknown
Atlanta,Georgia,-84.3879824,33.7489954,No,1,Unknown,Unknown,,0,True,Dusk
Atlanta,Georgia,-84.3879824,33.7489954,No,1+,Murder,spirit,,1,False,Dusk
Atlanta,Georgia,-84.3879824,33.7489954,Yes,2+,Natural Disaster,ghost vampire,,2,False,Dusk
Atlanta,Georgia,-84.3879824,33.7489954,No,1+,Murder,Unknown,,0,False,Dusk
Atlanta,Georgia,-84.3879824,33.7489954,Yes,1,Death,Unknown,,0,False,Unknown
Atlanta,Georgia,-84.3879824,33.7489954,Yes,5+,Natural Disaster,figure,shadowy figure,1,False,Dusk
Atlanta,Georgia,-84.3879824,33.7489954,No,1,Supernatural,Unknown,,0,False,Unknown
Atlanta/Fulton,Georgia,-84.3879824,33.7489954,Yes,1,Supernatural,orb,,1,True,Unknown
Augusta,Georgia,-82.0105148,33.4734978,No,1,Supernatural,Unknown,,0,False,Dusk
Augusta,Georgia,-82.0105148,33.4734978,Yes,0,Murder,ghost,,1,False,Evening
Augusta,Georgia,-82.0105148,33.4734978,Yes,1,Supernatural,Unknown,,0,False,Evening
Augusta,Georgia,-82.0105148,33.4734978,No,1+,Murder,ghost,,1,False,Evening
Augusta,Georgia,-82.0105148,33.4734978,No,0,Supernatural,figure,white figure,1,False,Evening
Augusta,Georgia,-82.0105148,33.4734978,No,0,Death,Unknown,,0,False,Dusk
Austell,Georgia,-84.6343783,33.8126059,No,3+,Murder,Unknown,,0,True,Unknown
Austell,Georgia,-84.6343783,33.8126059,Yes,3+,Murder,orb,,1,True,Evening
Austell,Georgia,-84.6343783,33.8126059,No,0,Murder,spirit apparition,,2,False,Evening
Austell,Georgia,-84.6343783,33.8126059,No,1,Supernatural,figure,pale figure,1,False,Evening
Bainbridge,Georgia,-84.57546990000002,30.9037995,Yes,2,Natural Disaster,Unknown,,0,False,Dusk
Barnesville,Georgia,-84.15574950000001,33.0545709,Yes,1,Supernatural,apparition,,1,False,Dusk
Barnesville,Georgia,-84.15574950000001,33.0545709,No,1+,Unknown,Unknown,,0,False,Dusk
Bartow County,Georgia,-84.8150781,34.2660473,Yes,2+,Supernatural,Unknown,,0,False,Evening
Blairsville,Georgia,-83.95824119999999,34.8761989,No,1,Suicide,Unknown,,0,False,Evening
Blue Ridge,Georgia,-84.32408699999999,34.8639719,No,1,Supernatural,Unknown,,0,False,Evening
Bonaire,Georgia,-83.5960161,32.5437575,No,2+,Supernatural,witch,,1,False,Dusk
Braselton,Georgia,-83.7626729,34.1092735,Yes,5+,Unknown,Unknown,,0,False,Morning
Bremen,Georgia,-85.1455036,33.7212179,Yes,1,Murder,Unknown,,0,False,Dusk
Buford,Georgia,-84.0043513,34.1206564,No,0,Unknown,Unknown,,0,False,Unknown
Buford,Georgia,-84.0043513,34.1206564,No,2+,Supernatural,Unknown,,0,False,Unknown
Buford,Georgia,-84.0043513,34.1206564,No,1,Supernatural,spirit,,1,True,Dusk
Calhoun,Georgia,-84.9510542,34.502587,No,3+,Unknown,Unknown,,0,False,Unknown
Carnsville,Georgia,-83.23515499999999,34.3698266,No,5+,Supernatural,Unknown,,0,False,Dusk
Carrollton,Georgia,-85.0766113,33.5801103,Yes,0,Supernatural,Unknown,,0,False,Dusk
Cartersville,Georgia,-84.7999382,34.1650972,No,1,Supernatural,Unknown,,0,False,Dusk
Cartersville,Georgia,-84.7999382,34.1650972,Yes,0,Unknown,Unknown,,0,False,Dusk
Cave Spring,Georgia,-85.33634339999999,34.1075975,Yes,3+,Supernatural,ghost spirit,,2,False,Dusk
Cedartown,Georgia,-85.25658229999999,34.0112715,No,2+,Supernatural,figure,,1,False,Evening
Chatsworth,Georgia,-84.7699385,34.7659145,Yes,5+,Murder,apparition,,1,False,Unknown
Cherokee County,Georgia,-84.4802606,34.2514526,Yes,1,Murder,Unknown,,0,False,Dusk
Chickamauga,Georgia,-85.2907896,34.8711879,No,3,Murder,apparition,,1,False,Dusk
Clarkesville,Georgia,-83.5248933,34.6125971,Yes,3+,Unknown,Unknown,,0,False,Dusk
Cleveland,Georgia,-83.7632366,34.5970402,No,0,Supernatural,Unknown,,0,False,Unknown
Clinch,Georgia,-82.82097399999999,30.9716985,No,1,Supernatural,Unknown,,0,False,Evening
Clinch,Georgia,-82.82097399999999,30.9716985,No,2+,Murder,ghost,,1,False,Unknown
Colquitt,Georgia,-84.7332527,31.17129349999999,No,1,Supernatural,figure,,1,False,Dusk
Colquitt,Georgia,-84.7332527,31.17129349999999,Yes,1,Supernatural,apparition,,1,False,Evening
Columbus,Georgia,-84.9877094,32.4609764,Yes,1,Supernatural,figure,white figure,1,False,Dusk
Columbus,Georgia,-84.9877094,32.4609764,Yes,1,Supernatural,Unknown,,0,False,Unknown
Columbus,Georgia,-84.9877094,32.4609764,No,1,Unknown,Unknown,,0,False,Dusk
Columbus,Georgia,-84.9877094,32.4609764,Yes,1,Supernatural,Unknown,,0,False,Dusk
Columbus,Georgia,-84.9877094,32.4609764,Yes,2+,Unknown,Unknown,,0,False,Unknown
Columbus,Georgia,-84.9877094,32.4609764,No,0,Supernatural,Unknown,,0,False,Dusk
Columbus,Georgia,-84.9877094,32.4609764,Yes,1,Unknown,Unknown,,0,False,Dusk
Cumming,Georgia,-84.14019259999999,34.2073196,Yes,3+,Murder,Unknown,,0,False,Unknown
Cusseta,Georgia,-84.77704849999999,32.3061354,No,1+,Supernatural,Unknown,,0,False,Evening
Dahlonega,Georgia,-83.9843953,34.5261465,No,1,Murder,ghost,,1,False,Evening
Dahlonega,Georgia,-83.9843953,34.5261465,No,1+,Supernatural,figure presence,cold presence,2,False,Evening
Dahlonega,Georgia,-83.9843953,34.5261465,Yes,1,Unknown,Unknown,,0,False,Dusk
Dahlonega,Georgia,-83.9843953,34.5261465,No,0,Supernatural,figure,,1,True,Evening
Dahlonega,Georgia,-83.9843953,34.5261465,Yes,1,Supernatural,figure,tall figure,1,False,Evening
Dahlonega,Georgia,-83.9843953,34.5261465,No,2+,Supernatural,spirit witch,,2,False,Dusk
Dalton,Georgia,-84.9702228,34.7698021,No,1,Supernatural,phantom,"hooded phantom, glowing phantom",1,False,Unknown
Dalton,Georgia,-84.9702228,34.7698021,No,1,Supernatural,Unknown,,0,False,Dusk
Dalton,Georgia,-84.9702228,34.7698021,No,2+,Supernatural,spirit,,1,False,Dusk
Dalton,Georgia,-84.9702228,34.7698021,No,1,Murder,Unknown,,0,False,Evening
Dalton,Georgia,-84.9702228,34.7698021,Yes,3+,Natural Disaster,Unknown,,0,False,Evening
Dalton,Georgia,-84.9702228,34.7698021,Yes,1+,Supernatural,Unknown,,0,False,Dusk
Dansville,Georgia,-83.24543609999999,32.6057103,Yes,0,Unknown,Unknown,,0,False,Dusk
Dawson,Georgia,-84.4465826,31.7735001,No,2+,Supernatural,shadow,,1,False,Dusk
Dawsonville,Georgia,-84.1190804,34.4212052,No,0,Supernatural,poltergeist,,1,False,Evening
Dawsonville,Georgia,-84.1190804,34.4212052,No,3+,Supernatural,Unknown,,0,False,Dusk
Demorest,Georgia,-83.5451724,34.565098,No,2+,Unknown,Unknown,,0,False,Dusk
Douglas,Georgia,-82.8498654,31.5088073,Yes,5+,Unknown,Unknown,,0,False,Evening
Douglas,Georgia,-82.8498654,31.5088073,No,1,Suicide,spirit,,1,False,Evening
Douglasville,Georgia,-84.7477136,33.7514966,Yes,5+,Death,shadow,black shadow,1,False,Unknown
Duluth,Georgia,-84.1446376,34.0028786,Yes,1,Unknown,Unknown,,0,False,Unknown
Dunwoody,Georgia,-84.3346473,33.9462125,Yes,1,Death,ghost presence,,2,False,Dusk
East Dublin,Georgia,-82.87180839999999,32.548222,No,1,Murder,Unknown,,0,False,Morning
Eatonton,Georgia,-83.3884961,33.3267997,No,1,Supernatural,Unknown,,0,False,Evening
Elberton,Georgia,-82.8670839,34.1112226,No,0,Unknown,Unknown,,0,False,Unknown
Elbert County/Bowman,Georgia,-83.0307002,34.2048295,Yes,1,Supernatural,ghost,,1,False,Dusk
Fairburn,Georgia,-84.5810418,33.5670562,No,1,Suicide,ghost,,1,False,Dusk
Fayette County,Georgia,-84.4802606,33.4502206,Yes,1,Murder,figure,,1,False,Dusk
Fayetteville,Georgia,-84.4549262,33.4487257,No,1,Supernatural,Unknown,,0,True,Unknown
Fayetteville,Georgia,-84.4549262,33.4487257,No,1,Murder,ghost,,1,False,Dusk
Forest Park,Georgia,-84.36909179999999,33.6220542,No,1,Supernatural,Unknown,,0,False,Evening
Fort Oglethorpe/ Lafayette,Georgia,-85.2594586,34.9330742,No,1,Unknown,Unknown,,0,False,Evening
Fannin County,Georgia,-84.2278796,34.8580405,No,1,Supernatural,ghost witch,,2,False,Evening
Gainesville,Georgia,-83.8240663,34.2978794,No,2+,Suicide,apparition shadow,mysterious apparition,2,False,Morning
Gainesville,Georgia,-83.8240663,34.2978794,No,1,Murder,apparition,,1,False,Evening
Gainesville,Georgia,-83.8240663,34.2978794,Yes,0,Unknown,Unknown,,0,False,Dusk
Gainesville,Georgia,-83.8240663,34.2978794,No,3,Murder,Unknown,,0,False,Dusk
Gainesville,Georgia,-83.8240663,34.2978794,Yes,1,Murder,Unknown,,0,False,Dusk
Gainesville,Georgia,-83.8240663,34.2978794,Yes,2+,Supernatural,Unknown,,0,False,Evening
Gainesville,Georgia,-83.8240663,34.2978794,Yes,0,Supernatural,spirit,lonely spirit,1,False,Dusk
Gilmer County,Georgia,-84.4802606,34.6935359,Yes,1,Murder,ghost,own ghost,1,False,Dusk
Glynn,Georgia,-81.6035062,31.2624169,No,1+,Murder,figure,small figure,1,False,Dusk
Grantville,Georgia,-84.8357678,33.2348419,No,2,Supernatural,ghost,second ghost,1,False,Evening
Greensboro,Georgia,-83.18237890000002,33.5756831,Yes,3,Supernatural,Unknown,,0,False,Dusk
Griffin,Georgia,-84.2640904,33.2467807,Yes,2,Supernatural,shadow,large shadow,1,False,Evening
Griffin,Georgia,-84.2640904,33.2467807,Yes,1+,Supernatural,spirit,,1,False,Evening
Griffin,Georgia,-84.2640904,33.2467807,No,5+,Supernatural,figure,mysterious figure,1,False,Unknown
Gwinnett,Georgia,-84.01674229999999,33.9190653,No,1,Supernatural,Unknown,,0,False,Evening
Gwinnett,Georgia,-84.01674229999999,33.9190653,No,3+,Supernatural,figure,,1,False,Evening
Hawkinsville,Georgia,-83.4721177,32.2837731,Yes,1+,Supernatural,spirit,,1,False,Dusk
Hawkinsville,Georgia,-83.4721177,32.2837731,No,1,Supernatural,ghost,,1,False,Dusk
Hawkinsville,Georgia,-83.4721177,32.2837731,Yes,0,Death,Unknown,,0,False,Evening
Hawkinsville,Georgia,-83.4721177,32.2837731,No,0,Murder,Unknown,,0,False,Dusk
Hawkinsville,Georgia,-83.4721177,32.2837731,Yes,1,Murder,ghost,female ghost,1,False,Dusk
Heard County,Georgia,-85.14793639999999,33.2990406,No,1+,Murder,Unknown,,0,False,Morning
Jackson,Georgia,-83.96602089999999,33.2945651,No,2+,Unknown,Unknown,,0,False,Dusk
Jackson,Georgia,-83.96602089999999,33.2945651,No,0,Murder,Unknown,,0,False,Evening
Jenkins County,Georgia,-81.9971108,32.7781246,Yes,0,Unknown,Unknown,,0,False,Evening
Jonesboro,Georgia,-84.3538128,33.5215013,No,1,Supernatural,figure,dark figure,1,False,Dusk
Jonesboro,Georgia,-84.3538128,33.5215013,No,3+,Supernatural,figure,,1,False,Evening
Kennesaw,Georgia,-84.6154897,34.0234337,No,1,Supernatural,apparition figure,,2,False,Unknown
Kennesaw,Georgia,-84.6154897,34.0234337,Yes,3+,Supernatural,Unknown,,0,True,Dusk
Kennesaw,Georgia,-84.6154897,34.0234337,Yes,1,Natural Disaster,figure,,1,False,Unknown
Kennesaw,Georgia,-84.6154897,34.0234337,Yes,2+,Natural Disaster,apparition,,1,False,Dusk
Kennesaw,Georgia,-84.6154897,34.0234337,No,1,Murder,Unknown,,0,False,Dusk
Kennesaw State University,Georgia,-84.5815717,34.0380784,No,1,Murder,Unknown,,0,False,Dusk
Kahilli Park,Georgia,,,Yes,3+,Supernatural,Unknown,,0,False,Dusk
Kingston,Georgia,-84.94410979999999,34.237039,Yes,1,Unknown,Unknown,,0,False,Evening
Lakeland,Georgia,-83.0751471,31.0410373,Yes,1,Natural Disaster,apparition,,1,False,Unknown
Lavonia,Georgia,-83.10681799999999,34.4359361,Yes,0,Supernatural,apparition,,1,False,Dusk
Lawrenceville,Georgia,-83.9879625,33.9562149,Yes,3+,Supernatural,presence,,1,False,Dusk
Leefield,Georgia,-81.6134428,32.4182391,No,0,Murder,Unknown,,0,False,Dusk
Lithonia,Georgia,-84.1051939,33.7123305,Yes,4,Supernatural,ghost figure,"mysterious figure, hooded figure",2,False,Dusk
Lookout Mountain,Georgia,-85.35773630000001,34.9775757,No,1,Supernatural,ghost shadow figure,,3,False,Evening
Lovejoy,Georgia,-84.3143675,33.4362245,Yes,2+,Supernatural,specter,,1,False,Evening
Lula,Georgia,-83.66628539999999,34.3876013,No,1,Supernatural,ghost,,1,False,Evening
Lula,Georgia,-83.66628539999999,34.3876013,No,1+,Murder,ghost,,1,False,Evening
Lyons,Georgia,-82.32179099999999,32.2043546,Yes,5+,Supernatural,ghost figure,,2,True,Dusk
Mabelton,Georgia,-84.5824329,33.8187167,Yes,0,Murder,Unknown,,0,False,Evening
Mableton,Georgia,-84.5824329,33.8187167,Yes,0,Murder,witch,,1,False,Unknown
Macon,Georgia,-83.6324022,32.8406946,Yes,1,Supernatural,apparition,,1,False,Dusk
Macon,Georgia,-83.6324022,32.8406946,No,1,Supernatural,apparition,,1,False,Unknown
Macon County,Georgia,-84.05902900000001,32.3523607,No,2+,Unknown,Unknown,,0,False,Dusk
Madison,Georgia,-83.467944,33.5956813,Yes,1,Unknown,Unknown,,0,False,Evening
Madison,Georgia,-83.467944,33.5956813,Yes,1,Natural Disaster,Unknown,,0,False,Evening
Marietta,Georgia,-84.5499327,33.95260200000001,No,1,Unknown,Unknown,,0,False,Evening
Marietta,Georgia,-84.5499327,33.95260200000001,Yes,2+,Supernatural,orb mist,cold mist,2,False,Unknown
Marietta,Georgia,-84.5499327,33.95260200000001,Yes,3,Supernatural,ghost,,1,False,Morning
Marietta,Georgia,-84.5499327,33.95260200000001,No,1,Unknown,Unknown,,0,False,Evening
Marietta,Georgia,-84.5499327,33.95260200000001,No,1,Supernatural,apparition,,1,False,Evening
Marietta,Georgia,-84.5499327,33.95260200000001,No,1+,Supernatural,Unknown,,0,False,Dusk
Marietta,Georgia,-84.5499327,33.95260200000001,Yes,0,Supernatural,witch,,1,False,Dusk
McDonough,Georgia,-84.1468616,33.4473361,No,0,Supernatural,figure,,1,False,Unknown
McDonough,Georgia,-84.1468616,33.4473361,No,0,Supernatural,ghost,,1,False,Evening
Merewether,Georgia,,,No,1,Unknown,Unknown,,0,False,Unknown
Midville,Georgia,-82.2348455,32.8190456,No,1,Suicide,Unknown,,0,False,Dusk
Milledgeville,Georgia,-83.2320991,33.0801429,No,0,Supernatural,Unknown,,0,False,Dusk
Milledgeville,Georgia,-83.2320991,33.0801429,No,1,Supernatural,figure,,1,False,Dusk
Milledgeville,Georgia,-83.2320991,33.0801429,No,1+,Supernatural,ghost,,1,False,Dusk
Mineral Bluff,Georgia,-84.2768849,34.9145561,Yes,1,Unknown,Unknown,,0,False,Unknown
Monticello,Georgia,-83.6832289,33.3048479,Yes,1,Unknown,Unknown,,0,False,Unknown
Montezuma,Georgia,-84.0274072,32.3051576,No,3+,Supernatural,Unknown,,0,False,Evening
New Hope,Georgia,-84.5088899,34.7275,Yes,1,Murder,phantom,,1,False,Dusk
Newnan,Georgia,-84.79965729999999,33.3806716,Yes,1,Supernatural,ghost,,1,False,Dusk
Newnan,Georgia,-84.79965729999999,33.3806716,No,5+,Supernatural,presence,"distinct presence, many presence",1,False,Evening
Newnan,Georgia,-84.79965729999999,33.3806716,No,3+,Unknown,Unknown,,0,False,Dusk
Newnan,Georgia,-84.79965729999999,33.3806716,No,2+,Murder,Unknown,,0,False,Morning
Newnan,Georgia,-84.79965729999999,33.3806716,Yes,0,Supernatural,apparition,,1,False,Dusk
Newnan,Georgia,-84.79965729999999,33.3806716,No,0,Unknown,Unknown,,0,False,Morning
Norcross,Georgia,-84.2135309,33.9412127,No,0,Suicide,spirit orb,,2,False,Unknown
Paulding County,Georgia,-84.8984775,33.9142037,No,1,Supernatural,figure,misty figure,1,False,Dusk
Peachtree Industrial,Georgia,-84.1524388,34.0226127,Yes,0,Supernatural,Unknown,,0,False,Evening
Pearson,Georgia,-82.8523668,31.297703,No,1+,Supernatural,Unknown,,0,False,Dusk
Pickens County,Georgia,-84.4592701,34.4497166,No,2+,Murder,ghost figure,black figure,2,False,Evening
Rabun County,Georgia,-83.3789389,34.9027286,Yes,3+,Natural Disaster,demon presence,evil presence,2,False,Unknown
Ringgold,Georgia,-85.1091173,34.9159099,Yes,1,Supernatural,Unknown,,0,False,Morning
Ringgold,Georgia,-85.1091173,34.9159099,No,5+,Death,ghost,,1,False,Dusk
Robins Air Force Base,Georgia,-83.58218719999999,32.6106269,No,1+,Supernatural,Unknown,,0,False,Morning
Rome,Georgia,-85.1646726,34.257038,Yes,1,Unknown,Unknown,,0,False,Dusk
Rome,Georgia,-85.1646726,34.257038,No,0,Death,spirit,,1,False,Dusk
Rome,Georgia,-85.1646726,34.257038,Yes,0,Suicide,Unknown,,0,False,Unknown
Rome,Georgia,-85.1646726,34.257038,No,1,Supernatural,Unknown,,0,False,Dusk
Roswell,Georgia,-84.3615555,34.0232431,No,1,Supernatural,presence,dark presence,1,False,Dusk
Roswell,Georgia,-84.3615555,34.0232431,No,5,Supernatural,orb mist,"red orb, white mist, filmy mist",2,True,Dusk
Roswell,Georgia,-84.3615555,34.0232431,No,0,Supernatural,Unknown,,0,False,Dusk
Roswell,Georgia,-84.3615555,34.0232431,No,1+,Supernatural,orb mist,,2,False,Unknown
Roswell,Georgia,-84.3615555,34.0232431,Yes,0,Murder,Unknown,,0,False,Dusk
Sale City,Georgia,-84.0212897,31.2643494,Yes,3+,Supernatural,Unknown,,0,False,Unknown
Savannah,Georgia,-81.09983419999999,32.0835407,Yes,5+,Death,spirit apparition presence,,3,False,Dusk
Savannah,Georgia,-81.09983419999999,32.0835407,Yes,0,Supernatural,ghost,,1,False,Unknown
Savannah,Georgia,-81.09983419999999,32.0835407,Yes,0,Supernatural,Unknown,,0,False,Evening
Savannah,Georgia,-81.09983419999999,32.0835407,No,0,Supernatural,mist,,1,False,Unknown
Savannah,Georgia,-81.09983419999999,32.0835407,Yes,4,Supernatural,Unknown,,0,False,Dusk
Savannah,Georgia,-81.09983419999999,32.0835407,No,1,Supernatural,poltergeist,,1,False,Dusk
Savannah,Georgia,-81.09983419999999,32.0835407,Yes,4+,Supernatural,Unknown,,0,False,Evening
Cynthiana,Georgia,,,No,1,Unknown,Unknown,,0,False,Dusk
Savannah,Georgia,-81.09983419999999,32.0835407,No,1,Supernatural,Unknown,,0,False,Evening
Savannah,Georgia,-81.09983419999999,32.0835407,No,3,Supernatural,spirit,friendly spirit,1,False,Evening
Savannah,Georgia,-81.09983419999999,32.0835407,No,1,Unknown,Unknown,,0,False,Dusk
Savannah,Georgia,-81.09983419999999,32.0835407,Yes,4+,Supernatural,Unknown,,0,False,Dusk
Savannah,Georgia,-81.09983419999999,32.0835407,No,0,Supernatural,ghost,,1,False,Dusk
Savannah,Georgia,-81.09983419999999,32.0835407,No,2,Supernatural,ghost,,1,False,Evening
Savannah,Georgia,-81.09983419999999,32.0835407,Yes,3+,Supernatural,ghost,,1,False,Dusk
Savannah,Georgia,-81.09983419999999,32.0835407,Yes,2+,Supernatural,Unknown,,0,False,Unknown
Savannah,Georgia,-81.09983419999999,32.0835407,No,1,Supernatural,ghost,,1,False,Dusk
Savannah,Georgia,-81.09983419999999,32.0835407,No,2+,Supernatural,Unknown,,0,False,Dusk
Savannah,Georgia,-81.09983419999999,32.0835407,No,9,Supernatural,ghost,,1,False,Evening
Savannah,Georgia,-81.09983419999999,32.0835407,Yes,1,Supernatural,Unknown,,0,False,Dusk
Savannah,Georgia,-81.09983419999999,32.0835407,No,0,Supernatural,Unknown,,0,False,Evening
Scott,Georgia,-82.6668019,32.5518326,Yes,0,Death,Unknown,,0,False,Dusk
Scott,Georgia,-82.6668019,32.5518326,No,0,Supernatural,Unknown,,0,False,Dusk
Screven,Georgia,-82.0170596,31.48632539999999,No,1,Supernatural,orb,"light orb, lantern orb, light orb",1,False,Evening
St. Mary's,Georgia,-81.57061089999999,30.7478954,No,0,Supernatural,Unknown,,0,False,Dusk
St. Simon's Island,Georgia,-81.3885517,31.1595905,No,1,Supernatural,Unknown,,0,False,Evening
St. Simon's Island,Georgia,-81.3885517,31.1595905,Yes,0,Supernatural,spirit,,1,False,Morning
St. Simon's Island,Georgia,-81.3885517,31.1595905,No,1,Supernatural,ghost,,1,False,Dusk
St. Simon's Island,Georgia,-81.3885517,31.1595905,Yes,1,Supernatural,Unknown,,0,False,Dusk
Statesboro,Georgia,-81.7831674,32.4487876,Yes,1,Murder,shadow,,1,False,Evening
Stillmore,Georgia,-82.21512330000002,32.442115,No,3,Unknown,Unknown,,0,False,Unknown
Stockbridge,Georgia,-84.23380929999999,33.5442781,Yes,3+,Supernatural,figure,,1,False,Evening
Stockbridge,Georgia,-84.23380929999999,33.5442781,No,2+,Supernatural,Unknown,,0,False,Unknown
Stockbridge,Georgia,-84.23380929999999,33.5442781,Yes,6,Supernatural,Unknown,,0,False,Unknown
Stone Mountain,Georgia,-84.17019599999999,33.8081608,No,0,Unknown,Unknown,,0,False,Morning
Stone Mountain,Georgia,-84.17019599999999,33.8081608,Yes,3+,Supernatural,orb,,1,True,Unknown
Stone Mountain,Georgia,-84.17019599999999,33.8081608,Yes,3,Unknown,Unknown,,0,False,Unknown
Stone Mountain,Georgia,-84.17019599999999,33.8081608,No,3,Supernatural,spirit,,1,False,Dusk
Stone Mountain,Georgia,-84.17019599999999,33.8081608,Yes,0,Supernatural,shadow,,1,False,Dusk
Summerville,Georgia,-85.3477343,34.480642,No,0,Murder,Unknown,,0,False,Evening
Swainsboro,Georgia,-82.33373759999999,32.5973856,No,0,Supernatural,Unknown,,0,False,Unknown
Swainsboro,Georgia,-82.33373759999999,32.5973856,No,1,Supernatural,Unknown,,0,False,Evening
Talbot County,Georgia,-84.5222189,32.6891322,Yes,2,Murder,spirit werewolf,odd werewolf,2,False,Dusk
Tallapoosa,Georgia,-85.2880077,33.7445499,Yes,1,Murder,Unknown,,0,False,Dusk
Temple,Georgia,-85.032445,33.7370514,Yes,2+,Supernatural,orb,,1,True,Evening
Thomasville,Georgia,-83.9787808,30.8365815,Yes,1,Murder,ghost,,1,False,Evening
Troup County,Georgia,-85.02334599999999,33.0698575,Yes,2+,Murder,spirit apparition,angry spirit,2,False,Dusk
Troup County,Georgia,-85.02334599999999,33.0698575,Yes,0,Supernatural,apparition,,1,False,Dusk
Tifton,Georgia,-83.5084973,31.4504629,Yes,0,Supernatural,Unknown,,0,False,Unknown
Toomsboro,Georgia,-83.07931599999999,32.8268192,No,0,Supernatural,Unknown,,0,False,Evening
Tybee Island,Georgia,-80.845666,32.0002152,Yes,0,Supernatural,Unknown,,0,False,Unknown
Unidilla,Georgia,-83.73656559999999,32.2615496,No,4,Supernatural,ghost,,1,False,Dusk
Valdosta,Georgia,-83.2784851,30.8327022,Yes,1,Death,Unknown,,0,False,Unknown
Valdosta,Georgia,-83.2784851,30.8327022,No,4,Suicide,ghost orb,further orb,2,True,Evening
Van Wert,Georgia,-85.0432799,33.987323,No,1+,Supernatural,entity,,1,False,Dusk
Varnell,Georgia,-84.9738349,34.9011886,No,2+,Supernatural,phantom,,1,False,Evening
Wayne County,Georgia,-81.909826,31.5092107,No,1+,Supernatural,Unknown,,0,False,Evening
Waverly Hall,Georgia,-84.7382609,32.683469,No,0,Supernatural,orb,,1,False,Dusk
Waverly Hall,Georgia,-84.7382609,32.683469,Yes,1,Supernatural,spirit,,1,False,Dusk
Waverly Hall,Georgia,-84.7382609,32.683469,Yes,1,Supernatural,ghost apparition,,2,False,Dusk
Waleska,Georgia,-84.5521524,34.3164826,Yes,1,Murder,Unknown,,0,False,Dusk
Waleska,Georgia,-84.5521524,34.3164826,No,0,Supernatural,spirit,,1,False,Unknown
Waleska,Georgia,-84.5521524,34.3164826,Yes,2+,Suicide,ghost,,1,False,Dusk
Waycross,Georgia,-82.3540178,31.2135511,No,3+,Unknown,Unknown,,0,False,Evening
White County,Georgia,-83.7199136,34.6567728,Yes,0,Murder,specter,old specter,1,False,Dusk
White County,Georgia,-83.7199136,34.6567728,No,0,Supernatural,Unknown,,0,False,Unknown
White County,Georgia,-83.7199136,34.6567728,No,0,Supernatural,specter,,1,False,Dusk
White County,Georgia,-83.7199136,34.6567728,No,0,Supernatural,ghost apparition,,2,False,Morning
White County,Georgia,-83.7199136,34.6567728,Yes,0,Murder,Unknown,,0,False,Dusk
White County,Georgia,-83.7199136,34.6567728,Yes,0,Supernatural,Unknown,,0,False,Dusk
White County,Georgia,-83.7199136,34.6567728,No,0,Supernatural,spirit,,1,False,Evening
White County,Georgia,-83.7199136,34.6567728,Yes,0,Supernatural,Unknown,,0,False,Evening
Whitfield County,Georgia,-84.981754,34.8033566,Yes,5+,Natural Disaster,Unknown,,0,False,Dusk
Winder,Georgia,-83.7201709,33.9926097,No,1,Unknown,Unknown,,0,False,Morning
Woodstock,Georgia,-84.5193754,34.1014873,No,1,Suicide,Unknown,,0,False,Evening
Woodstock,Georgia,-84.5193754,34.1014873,Yes,1,Unknown,witch,"known witch, local witch",1,False,Dusk
Worth County,Georgia,-83.8897057,31.5282489,No,3+,Suicide,Unknown,,0,False,Unknown
Worth County,Georgia,-83.8897057,31.5282489,No,3+,Murder,shadow,,1,False,Dusk
Worth County,Georgia,-83.8897057,31.5282489,No,0,Supernatural,spirit,,1,False,Dusk
Yorkville,Georgia,-84.9955006,33.924269,Yes,1,Unknown,Unknown,,0,False,Evening
Young Harris,Georgia,-83.8471223,34.9331453,Yes,2+,Suicide,Unknown,,0,False,Unknown
Young Harris,Georgia,-83.8471223,34.9331453,Yes,5+,Supernatural,presence,,1,False,Evening
Young Harris,Georgia,-83.8471223,34.9331453,Yes,1+,Supernatural,ghost,,1,False,Evening
Marion,Texas,-98.1402865,29.5713402,No,2+,Supernatural,shadow,,1,False,Dusk
Marfa,Texas,-104.020623,30.3094622,No,0,Unknown,Unknown,,0,False,Unknown
Marshall,Texas,-94.3674184,32.5448714,No,1,Supernatural,apparition,,1,False,Dusk
Marshall,Texas,-94.3674184,32.5448714,Yes,1+,Death,Unknown,,0,False,Unknown
Marshall,Texas,-94.3674184,32.5448714,No,0,Supernatural,apparition,,1,False,Dusk
Matador,Texas,-100.8220785,34.01202110000001,No,3+,Death,Unknown,,0,False,Unknown
Maxdale,Texas,-97.8355748,30.9899004,No,3+,Suicide,phantom presence,"old phantom, sad presence",2,False,Dusk
Maypearl,Texas,-97.0149292,32.3114105,Yes,0,Supernatural,Unknown,,0,False,Dusk
McAllen,Texas,-98.2300124,26.2034071,No,0,Supernatural,Unknown,,0,False,Evening
McAllen,Texas,-98.2300124,26.2034071,Yes,1+,Murder,Unknown,,0,False,Dusk
McKinney,Texas,-96.6397822,33.1972465,No,1,Supernatural,spirit,mischievous spirit,1,False,Evening
McKinney,Texas,-96.6397822,33.1972465,No,0,Suicide,Unknown,,0,False,Evening
McKinney,Texas,-96.6397822,33.1972465,No,0,Unknown,Unknown,,0,False,Unknown
Mesquite,Texas,-96.5991593,32.76679550000001,No,1,Supernatural,Unknown,,0,False,Evening
Mesquite,Texas,-96.5991593,32.76679550000001,Yes,5+,Supernatural,Unknown,,0,False,Dusk
Mesquite,Texas,-96.5991593,32.76679550000001,No,2,Supernatural,ghost apparition,"male apparition, black apparition",2,False,Dusk
Mesquite,Texas,-96.5991593,32.76679550000001,No,0,Murder,Unknown,,0,False,Dusk
Mesquite,Texas,-96.5991593,32.76679550000001,Yes,3+,Supernatural,Unknown,,0,False,Dusk
Mexia,Texas,-96.482203,31.6798895,No,1,Natural Disaster,Unknown,,0,False,Dusk
Mexia,Texas,-96.482203,31.6798895,Yes,1,Supernatural,ghost,,1,False,Unknown
Midland,Texas,-102.0779146,31.9973456,No,1,Murder,ghost,,1,False,Evening
Mineral Wells,Texas,-98.1128223,32.8084605,No,1,Suicide,apparition orb,,2,True,Dusk
Mineral Wells,Texas,-98.1128223,32.8084605,No,0,Supernatural,orb figure,,2,True,Dusk
Mineral Wells,Texas,-98.1128223,32.8084605,No,0,Unknown,Unknown,,0,False,Dusk
Mineola,Texas,-95.4882896,32.6631884,Yes,0,Murder,Unknown,,0,False,Evening
Mission,Texas,-98.3252932,26.2159066,No,0,Unknown,Unknown,,0,False,Evening
Mission,Texas,-98.3252932,26.2159066,No,2+,Murder,figure,,1,False,Dusk
Mission,Texas,-98.3252932,26.2159066,No,1,Supernatural,shadow,,1,False,Evening
Mission,Texas,-98.3252932,26.2159066,No,0,Supernatural,ghost,,1,False,Dusk
Monahans,Texas,-102.8926536,31.5942991,No,1,Suicide,spirit,,1,False,Evening
Monahans,Texas,-102.8926536,31.5942991,Yes,1,Murder,Unknown,,0,False,Dusk
Monte Alto,Texas,-97.9716691,26.3731249,Yes,5+,Supernatural,shadow,,1,False,Dusk
Montgomery,Texas,-95.6963355,30.3882613,Yes,0,Supernatural,Unknown,,0,False,Evening
Montgomery,Texas,-95.6963355,30.3882613,Yes,1,Supernatural,Unknown,,0,False,Dusk
Montgomery,Texas,-95.6963355,30.3882613,No,2+,Supernatural,Unknown,,0,False,Evening
Moody,Texas,-97.3613977,31.3082273,Yes,2+,Unknown,Unknown,,0,False,Dusk
Mount Pleasant,Texas,-94.968269,33.1567863,Yes,1,Murder,Unknown,,0,False,Dusk
Nacogdoches,Texas,-94.6554874,31.6035129,Yes,2+,Supernatural,spirit,,1,False,Dusk
Nacogdoches,Texas,-94.6554874,31.6035129,No,0,Unknown,Unknown,,0,False,Morning
Nacogdoches,Texas,-94.6554874,31.6035129,No,0,Unknown,Unknown,,0,False,Morning
Nacogdoches,Texas,-94.6554874,31.6035129,No,1,Murder,spirit,,1,False,Dusk
Nacogdoches,Texas,-94.6554874,31.6035129,Yes,0,Supernatural,apparition,,1,False,Dusk
Nacogdoches,Texas,-94.6554874,31.6035129,No,1,Supernatural,presence,happy presence,1,False,Dusk
Nacogdoches,Texas,-94.6554874,31.6035129,No,5+,Suicide,ghost,extra ghost,1,True,Evening
Near Oakalla,Texas,-97.9252993,30.9862887,Yes,0,Murder,mist witch,,2,False,Evening
New Braunfels,Texas,-98.1244531,29.7030024,No,0,Supernatural,ghost,,1,False,Dusk
Noack,Texas,-97.30444,30.5577008,Yes,1,Unknown,Unknown,,0,False,Dusk
North Richland Hills,Texas,-97.2289029,32.8342952,Yes,5+,Murder,figure,,1,False,Morning
Odessa,Texas,-102.3676431,31.8456816,No,0,Unknown,Unknown,,0,False,Evening
Odessa,Texas,-102.3676431,31.8456816,Yes,3+,Suicide,ghost,,1,False,Dusk
Olney,Texas,-98.7528394,33.370663,No,3+,Supernatural,Unknown,,0,False,Evening
Olney,Texas,-98.7528394,33.370663,No,0,Supernatural,orb,,1,False,Dusk
Olney,Texas,-98.7528394,33.370663,No,5+,Supernatural,Unknown,,0,True,Unknown
Olney,Texas,-98.7528394,33.370663,No,3+,Supernatural,Unknown,,0,False,Unknown
Palestine,Texas,-95.6307891,31.7621153,Yes,0,Supernatural,Unknown,,0,False,Evening
Pampa,Texas,-100.9598709,35.5361559,Yes,1,Supernatural,Unknown,,0,False,Dusk
Paris,Texas,-95.555513,33.6609389,No,2+,Unknown,Unknown,,0,False,Unknown
Paris,Texas,-95.555513,33.6609389,Yes,3+,Murder,Unknown,,0,False,Dusk
Pasadena,Texas,-95.2091006,29.6910625,Yes,1+,Murder,Unknown,,0,False,Dusk
Pasadena,Texas,-95.2091006,29.6910625,No,0,Supernatural,Unknown,,0,False,Dusk
Pasadena,Texas,-95.2091006,29.6910625,Yes,3+,Supernatural,apparition,,1,False,Unknown
Pasedena,Texas,-95.2091006,29.6910625,Yes,0,Unknown,Unknown,,0,False,Unknown
Pasadena,Texas,-95.2091006,29.6910625,No,0,Suicide,Unknown,,0,False,Dusk
Pearsall,Texas,-99.095033,28.8921939,Yes,0,Murder,Unknown,,0,False,Evening
Pecos,Texas,-103.4932293,31.4229124,Yes,1,Supernatural,Unknown,,0,False,Dusk
Pecos,Texas,-103.4932293,31.4229124,Yes,2+,Supernatural,Unknown,,0,False,Dusk
Pecos,Texas,-103.4932293,31.4229124,No,0,Unknown,Unknown,,0,False,Evening
Pecos,Texas,-103.4932293,31.4229124,Yes,0,Supernatural,apparition,,1,False,Evening
Pearsall,Texas,-99.095033,28.8921939,No,0,Unknown,Unknown,,0,False,Dusk
Pflugerville,Texas,-97.6222665,30.4548451,No,1,Supernatural,Unknown,,0,False,Unknown
Pflugerville / Hutto,Texas,-97.579741,30.5001364,No,0,Suicide,Unknown,,0,False,Dusk
Pflugerville / Hutto,Texas,-97.579741,30.5001364,Yes,0,Supernatural,Unknown,,0,False,Evening
Pharr,Texas,-98.1836216,26.1947962,Yes,2+,Unknown,Unknown,,0,False,Dusk
Plainview,Texas,-101.7068417,34.1847936,Yes,1,Supernatural,Unknown,,0,False,Dusk
Plainview,Texas,-101.7068417,34.1847936,No,2+,Supernatural,Unknown,,0,False,Morning
Plainview,Texas,-101.7068417,34.1847936,No,0,Supernatural,demon,,1,False,Dusk
Plainview,Texas,-101.7068417,34.1847936,Yes,0,Murder,Unknown,,0,False,Unknown
Plainview,Texas,-101.7068417,34.1847936,Yes,1+,Death,Unknown,,0,False,Evening
Point,Texas,-95.8713542,32.9315089,Yes,2+,Supernatural,apparition witch,dark apparition,2,False,Unknown
Port Aransas,Texas,-97.0610994,27.8339158,Yes,1,Supernatural,Unknown,,0,False,Morning
Port Arthur,Texas,-93.939947,29.8849504,No,1,Supernatural,Unknown,,0,False,Evening
Port Isabel,Texas,-97.2085844,26.0734119,No,0,Unknown,Unknown,,0,False,Dusk
Port Neches,Texas,-93.9585067,29.9913244,Yes,2+,Suicide,Unknown,,0,False,Dusk
Possum Kingdom,Texas,-98.4458421,32.9337599,Yes,0,Supernatural,apparition,,1,False,Dusk
Post,Texas,-101.3781941,33.1909283,No,2,Suicide,Unknown,,0,False,Evening
Premont,Texas,-98.1236151,27.3605947,No,0,Supernatural,shadow,,1,False,Evening
Presidio,Texas,-104.3721465,29.5607383,Yes,2+,Murder,Unknown,,0,False,Evening
Princeton,Texas,-96.4980424,33.1801161,No,0,Supernatural,apparition,,1,False,Dusk
Refugio,Texas,-97.2752704,28.3052838,No,0,Unknown,Unknown,,0,False,Dusk
Richardson,Texas,-96.7298519,32.9483335,Yes,2+,Murder,Unknown,,0,False,Evening
Richmond,Texas,-95.7607832,29.5821811,No,2,Murder,ghost,,1,False,Evening
Rio Hondo,Texas,-97.5819319,26.2353516,Yes,3+,Supernatural,shadow,,1,False,Dusk
Roby,Texas,-100.3776067,32.7448314,No,4,Murder,ghost spirit,"human ghost, unknown spirit",2,False,Unknown
Roma,Texas,-99.0156554,26.4088523,Yes,5+,Supernatural,Unknown,,0,False,Dusk
Roma,Texas,-99.0156554,26.4088523,Yes,2+,Supernatural,Unknown,,0,False,Dusk
Rome,Texas,-97.4719662,33.0534563,Yes,0,Supernatural,Unknown,,0,False,Dusk
San Angelo,Texas,-100.4370375,31.4637723,No,1,Murder,ghost,nice ghost,1,False,Morning
San Angelo,Texas,-100.4370375,31.4637723,No,0,Murder,spirit,,1,False,Dusk
San Angelo,Texas,-100.4370375,31.4637723,Yes,5+,Supernatural,figure,casual figure,1,False,Unknown
San Angelo,Texas,-100.4370375,31.4637723,No,1,Unknown,Unknown,,0,False,Evening
San Angelo,Texas,-100.4370375,31.4637723,Yes,0,Unknown,Unknown,,0,False,Dusk
San Angelo,Texas,-100.4370375,31.4637723,No,2+,Supernatural,ghost,,1,False,Dusk
San Angelo,Texas,-100.4370375,31.4637723,No,1,Supernatural,Unknown,,0,False,Dusk
San Angelo,Texas,-100.4370375,31.4637723,No,3,Murder,Unknown,,0,False,Dusk
San Antonio,Texas,-98.4936282,29.4241219,No,1200,Supernatural,Unknown,,0,False,Unknown
San Antonio,Texas,-98.4936282,29.4241219,No,2,Unknown,Unknown,,0,False,Evening
San Antonio,Texas,-98.4936282,29.4241219,No,0,Murder,ghost,,1,False,Morning
San Antonio,Texas,-98.4936282,29.4241219,Yes,3,Murder,shadow,,1,False,Dusk
San Antonio,Texas,-98.4936282,29.4241219,Yes,3+,Murder,Unknown,,0,False,Evening
San Antonio,Texas,-98.4936282,29.4241219,Yes,5+,Natural Disaster,ghost,,1,False,Unknown
San Antonio,Texas,-98.4936282,29.4241219,Yes,0,Supernatural,Unknown,,0,False,Dusk
San Antonio,Texas,-98.4936282,29.4241219,No,1,Unknown,Unknown,,0,False,Evening
San Antonio,Texas,-98.4936282,29.4241219,No,1,Unknown,Unknown,,0,False,Dusk
San Antonio,Texas,-98.4936282,29.4241219,No,1+,Unknown,Unknown,,0,False,Dusk
San Antonio,Texas,-98.4936282,29.4241219,No,0,Supernatural,shadow,,1,False,Dusk
San Antonio,Texas,-98.4936282,29.4241219,Yes,2,Unknown,Unknown,,0,False,Dusk
San Antonio,Texas,-98.4936282,29.4241219,No,2,Supernatural,ghost spirit,negative spirit,2,False,Morning
San Antonio,Texas,-98.4936282,29.4241219,No,0,Murder,ghost,,1,False,Evening
San Antonio,Texas,-98.4936282,29.4241219,Yes,1,Supernatural,apparition,,1,False,Unknown
San Antonio,Texas,-98.4936282,29.4241219,No,2+,Supernatural,ghost,,1,False,Dusk
San Antonio,Texas,-98.4936282,29.4241219,Yes,2+,Supernatural,presence,,1,False,Dusk
San Antonio,Texas,-98.4936282,29.4241219,No,0,Unknown,Unknown,,0,False,Unknown
San Antonio,Texas,-98.4936282,29.4241219,Yes,2+,Unknown,Unknown,,0,False,Unknown
San Antonio,Texas,-98.4936282,29.4241219,Yes,2+,Supernatural,Unknown,,0,False,Dusk
San Antonio,Texas,-98.4936282,29.4241219,No,1,Unknown,Unknown,,0,False,Dusk
San Antonio,Texas,-98.4936282,29.4241219,No,3,Supernatural,Unknown,,0,False,Dusk
San Antonio,Texas,-98.4936282,29.4241219,Yes,1,Supernatural,Unknown,,0,False,Morning
San Antonio,Texas,-98.4936282,29.4241219,No,1+,Supernatural,Unknown,,0,False,Dusk
San Antonio,Texas,-98.4936282,29.4241219,Yes,3+,Supernatural,Unknown,,0,False,Morning
San Antonio,Texas,-98.4936282,29.4241219,Yes,2+,Unknown,Unknown,,0,False,Evening
San Antonio,Texas,-98.4936282,29.4241219,Yes,1,Unknown,Unknown,,0,False,Dusk
San Antonio,Texas,-98.4936282,29.4241219,No,0,Murder,ghost presence,heavy presence,2,False,Unknown
San Antonio,Texas,-98.4936282,29.4241219,No,0,Natural Disaster,Unknown,,0,False,Dusk
San Antonio,Texas,-98.4936282,29.4241219,No,0,Supernatural,Unknown,,0,False,Unknown
San Antonio,Texas,-98.4936282,29.4241219,Yes,3,Supernatural,Unknown,,0,False,Evening
San Antonio,Texas,-98.4936282,29.4241219,No,0,Murder,ghost spirit,,2,False,Dusk
San Antonio,Texas,-98.4936282,29.4241219,Yes,1,Supernatural,shadow,,1,False,Dusk
San Antonio,Texas,-98.4936282,29.4241219,Yes,0,Unknown,Unknown,,0,False,Morning
San Antonio,Texas,-98.4936282,29.4241219,No,6+,Supernatural,ghost apparition,"many apparition, Indian apparition",2,False,Dusk
San Antonio,Texas,-98.4936282,29.4241219,No,0,Supernatural,ghost,,1,False,Evening
San Antonio,Texas,-98.4936282,29.4241219,No,1,Murder,Unknown,,0,False,Dusk
San Antonio,Texas,-98.4936282,29.4241219,No,4,Supernatural,ghost apparition,famous apparition,2,False,Dusk
San Antonio,Texas,-98.4936282,29.4241219,No,3,Suicide,Unknown,,0,False,Evening
San Antonio,Texas,-98.4936282,29.4241219,Yes,6,Murder,Unknown,,0,True,Dusk
San Antonio,Texas,-98.4936282,29.4241219,Yes,1,Supernatural,ghost,fish ghost,1,False,Dusk
San Antonio,Texas,-98.4936282,29.4241219,No,2+,Unknown,Unknown,,0,False,Dusk
San Antonio,Texas,-98.4936282,29.4241219,No,1,Murder,spirit,,1,True,Dusk
San Antonio,Texas,-98.4936282,29.4241219,Yes,1,Unknown,Unknown,,0,False,Evening
San Antonio,Texas,-98.4936282,29.4241219,No,3+,Supernatural,ghost apparition,,2,False,Unknown
San Antonio,Texas,-98.4936282,29.4241219,No,0,Murder,Unknown,,0,False,Dusk
San Antonio,Texas,-98.4936282,29.4241219,No,1,Murder,ghost,,1,False,Dusk
San Antonio,Texas,-98.4936282,29.4241219,No,0,Unknown,Unknown,,0,False,Morning
San Antonio,Texas,-98.4936282,29.4241219,No,2,Murder,ghost,,1,False,Morning
San Antonio,Texas,-98.4936282,29.4241219,No,1,Supernatural,Unknown,,0,False,Dusk
San Antonio,Texas,-98.4936282,29.4241219,No,5+,Supernatural,Unknown,,0,False,Unknown
San Antonio,Texas,-98.4936282,29.4241219,No,2,Supernatural,Unknown,,0,False,Morning
San Antonio,Texas,-98.4936282,29.4241219,No,2,Unknown,Unknown,,0,False,Dusk
San Antonio,Texas,-98.4936282,29.4241219,No,0,Supernatural,Unknown,,0,False,Evening
San Antonio,Texas,-98.4936282,29.4241219,No,0,Murder,Unknown,,0,False,Dusk
San Benito,Texas,-97.6311006,26.132576,Yes,0,Unknown,Unknown,,0,False,Dusk
San Elizario,Texas,-106.2727573,31.5851146,No,3+,Supernatural,ghost,,1,False,Unknown
San Juan,Texas,-98.1552872,26.1892409,Yes,3+,Supernatural,ghost,,1,False,Evening
San Juan,Texas,-98.1552872,26.1892409,Yes,1,Unknown,Unknown,,0,False,Dusk
San Juan,Texas,-98.1552872,26.1892409,No,1,Unknown,Unknown,,0,False,Unknown
San Juan,Texas,-98.1552872,26.1892409,No,0,Unknown,Unknown,,0,False,Unknown
San Juan,Texas,-98.1552872,26.1892409,Yes,0,Murder,Unknown,,0,False,Dusk
San Marcos,Texas,-97.9413941,29.8832749,No,0,Murder,ghost,,1,True,Dusk
San Marcos,Texas,-97.9413941,29.8832749,No,5+,Murder,ghost apparition,,2,False,Dusk
San Marcos,Texas,-97.9413941,29.8832749,No,1,Supernatural,ghost,,1,False,Unknown
San Marcos,Texas,-97.9413941,29.8832749,No,0,Suicide,ghost,,1,False,Evening
Arlee,Montana,-114.0847398,47.1625441,Yes,3+,Unknown,Unknown,,0,False,Dusk
San Marcos,Texas,-97.9413941,29.8832749,Yes,1,Supernatural,Unknown,,0,False,Evening
San Marcos,Texas,-97.9413941,29.8832749,No,0,Death,ghost,dead ghost,1,False,Dusk
San Patricio,Texas,-97.77194190000002,27.9544619,No,1+,Murder,ghost,,1,False,Dusk
San Perlita,Texas,-97.6397111,26.5011785,No,0,Murder,Unknown,,0,False,Dusk
Santa Ana,Texas,-99.3217254,31.7420932,No,1,Supernatural,spirit,,1,False,Dusk
Santa Maria,Texas,-97.8494421,26.0786883,No,0,Supernatural,Unknown,,0,False,Evening
Saratoga,Texas,-94.5294639,30.2841668,No,1,Supernatural,ghost,,1,False,Dusk
Saratoga,Texas,-94.5294639,30.2841668,No,2+,Murder,ghost,,1,False,Dusk
Saratoga,Texas,-94.5294639,30.2841668,No,1+,Murder,Unknown,,0,False,Evening
Scottsville,Texas,-94.2382471,32.5404281,Yes,3+,Supernatural,Unknown,,0,False,Dusk
Seabrook,Texas,-95.0254839,29.56411839999999,Yes,3+,Supernatural,Unknown,,0,False,Dusk
Seabrook,Texas,-95.0254839,29.56411839999999,No,0,Supernatural,figure,,1,False,Evening
Sealy,Texas,-96.1571833,29.7807878,Yes,0,Supernatural,Unknown,,0,False,Dusk
Sealy,Texas,-96.1571833,29.7807878,No,1,Unknown,Unknown,,0,False,Dusk
Sealy,Texas,-96.1571833,29.7807878,Yes,0,Suicide,Unknown,,0,False,Evening
Seminole,Texas,-102.6449101,32.7189926,Yes,0,Supernatural,apparition,,1,False,Dusk
Skidmore,Texas,-97.6855522,28.2541716,Yes,3+,Murder,ghost,,1,False,Dusk
Snyder,Texas,-100.9176184,32.7178862,No,1,Unknown,Unknown,,0,False,Morning
South Padre Island,Texas,-97.1681257,26.1118401,No,1,Supernatural,Unknown,,0,False,Evening
Bannock,Montana,-112.9955907,45.1610337,Yes,1,Supernatural,ghost,empty ghost,1,False,Dusk
Belgrade,Montana,-111.1770945,45.7762463,No,1,Unknown,Unknown,,0,False,Dusk
Billings,Montana,-108.5006904,45.7832856,No,2+,Supernatural,Unknown,,0,False,Dusk
Billings,Montana,-108.5006904,45.7832856,No,0,Supernatural,ghost,,1,False,Evening
Billings,Montana,-108.5006904,45.7832856,Yes,2+,Supernatural,figure,,1,False,Dusk
Billings,Montana,-108.5006904,45.7832856,Yes,0,Supernatural,shadow,,1,False,Evening
Billings,Montana,-108.5006904,45.7832856,Yes,2+,Supernatural,Unknown,,0,False,Evening
Billings,Montana,-108.5006904,45.7832856,Yes,2,Unknown,Unknown,,0,False,Morning
Billings,Montana,-108.5006904,45.7832856,No,2+,Supernatural,Unknown,,0,False,Unknown
Bozeman,Montana,-111.0429339,45.6769979,No,1,Unknown,Unknown,,0,False,Evening
Butte,Montana,-112.5347775,46.0038232,Yes,3,Natural Disaster,ghost spirit,,2,False,Dusk
Butte,Montana,-112.5347775,46.0038232,No,0,Unknown,Unknown,,0,False,Unknown
Chico,Montana,-110.7052121,45.3210479,No,0,Supernatural,Unknown,,0,False,Evening
Colstrip,Montana,-106.6236368,45.8841618,Yes,2+,Supernatural,spirit shadow figure,,3,False,Evening
Deer Lodge,Montana,-112.7383721,46.3990941,No,2+,Supernatural,presence,"cold presence, evil presence",1,False,Dusk
Forsyth,Montana,-106.6819793,46.2630502,No,0,Supernatural,ghost,,1,False,Dusk
Garnet,Montana,-113.33806,46.82528,No,1,Natural Disaster,ghost spirit,full ghost,2,False,Unknown
Glendive,Montana,-104.7107931,47.106401,No,1+,Supernatural,orb,,1,False,Dusk
Great Falls,Montana,-111.2833449,47.4941836,No,2+,Supernatural,ghost,,1,False,Evening
Great Falls,Montana,-111.2833449,47.4941836,No,0,Supernatural,spirit,,1,False,Evening
Harlowton,Montana,-109.8343499,46.435512,Yes,3+,Unknown,Unknown,,0,False,Dusk
Helena,Montana,-112.0245054,46.5883707,No,1,Supernatural,Unknown,,0,False,Evening
Helena,Montana,-112.0245054,46.5883707,No,0,Supernatural,Unknown,,0,False,Dusk
Laurel,Montana,-108.7715328,45.6691159,No,0,Murder,figure,,1,False,Dusk
Libby,Montana,-115.5559988,48.38828609999999,No,1,Supernatural,shadow figure,,2,False,Unknown
Lyon,Montana,-112.1383237,44.6382468,Yes,3,Supernatural,Unknown,,0,False,Dusk
Malmstrom,Montana,-111.1790622,47.5042584,Yes,0,Supernatural,Unknown,,0,False,Dusk
Miles City,Montana,-105.8405582,46.4083362,No,0,Supernatural,ghost,,1,False,Dusk
Missoula,Montana,-113.996586,46.87871759999999,No,1,Supernatural,poltergeist,,1,False,Evening
Missoula,Montana,-113.996586,46.87871759999999,No,0,Supernatural,spirit,,1,False,Dusk
Southlake,Texas,-97.1341783,32.9412363,Yes,5+,Supernatural,ghost,,1,False,Unknown
Spring,Texas,-95.4171601,30.0799405,No,0,Unknown,Unknown,,0,False,Dusk
Stamford,Texas,-99.8028709,32.9453874,No,0,Supernatural,orb,,1,False,Evening
Stanton,Texas,-101.7884642,32.1292891,No,0,Supernatural,Unknown,,0,False,Dusk
Sulphur Springs,Texas,-95.6010668,33.1384479,Yes,1+,Murder,Unknown,,0,False,Morning
Sunnyvale,Texas,-96.5608242,32.7965165,No,0,Supernatural,Unknown,,0,False,Dusk
Sweetwater,Texas,-100.4059384,32.4709519,Yes,5+,Supernatural,ghost presence,,2,False,Dusk
Sweetwater,Texas,-100.4059384,32.4709519,Yes,1,Supernatural,ghost,playful ghost,1,False,Unknown
Sweetwater,Texas,-100.4059384,32.4709519,No,0,Supernatural,Unknown,,0,False,Unknown
Sweetwater,Texas,-100.4059384,32.4709519,Yes,1,Supernatural,apparition,,1,False,Dusk
Texarkana,Texas,-94.0476882,33.425125,No,0,Murder,phantom,notorious Phantom,1,False,Dusk
Texas City,Texas,-94.9027002,29.383845,No,4+,Supernatural,ghost spirit,,2,False,Morning
Tomball,Texas,-95.6160549,30.0971621,No,200,Murder,Unknown,,0,False,Dusk
Tyler,Texas,-95.3010624,32.3512601,Yes,1,Supernatural,Unknown,,0,False,Evening
Universal City,Texas,-98.2911235,29.5480071,No,0,Unknown,Unknown,,0,False,Dusk
Uvalde,Texas,-99.7861679,29.20968359999999,No,2,Supernatural,Unknown,,0,False,Evening
Valley Mills,Texas,-97.472238,31.6593282,No,1,Supernatural,presence,strong presence,1,False,Dusk
Van Zandt,Texas,-95.8142885,32.4936974,No,1,Supernatural,ghost,other ghost,1,False,Evening
Victoria,Texas,-97.0035982,28.8052674,Yes,5+,Supernatural,ghost,,1,False,Morning
Victoria,Texas,-97.0035982,28.8052674,Yes,1,Supernatural,shadow,,1,False,Evening
Victoria,Texas,-97.0035982,28.8052674,No,1+,Supernatural,Unknown,,0,False,Dusk
Victoria,Texas,-97.0035982,28.8052674,No,2,Supernatural,figure,,1,False,Dusk
Victoria,Texas,-97.0035982,28.8052674,Yes,2+,Supernatural,Unknown,,0,False,Dusk
Victoria,Texas,-97.0035982,28.8052674,No,0,Murder,ghost phantom,cantankerous ghost,2,False,Evening
Victoria,Texas,-97.0035982,28.8052674,No,5+,Supernatural,apparition,,1,False,Dusk
Waco,Texas,-97.1466695,31.549333,No,3,Supernatural,shadow,,1,False,Evening
Waco,Texas,-97.1466695,31.549333,Yes,10+,Death,phantom figure witch,"mysterious phantom, cloaked figure, top figure, cloaked figure",3,False,Morning
Waco,Texas,-97.1466695,31.549333,Yes,1+,Murder,apparition,,1,False,Unknown
Waco,Texas,-97.1466695,31.549333,Yes,0,Murder,witch,,1,False,Unknown
Missoula,Montana,-113.996586,46.87871759999999,No,0,Supernatural,Unknown,,0,False,Dusk
Missaula,Montana,-113.996586,46.87871759999999,Yes,0,Supernatural,Unknown,,0,False,Unknown
Missoula,Montana,-113.996586,46.87871759999999,No,0,Murder,Unknown,,0,False,Dusk
Poplar,Montana,-105.1983148,48.1130741,Yes,1,Unknown,mist,"green mist, red mist",1,False,Evening
Pryor Mountains,Montana,-108.335278,45.168333,No,2,Unknown,Unknown,,0,False,Evening
Red Lodge,Montana,-109.2468211,45.1857782,No,0,Supernatural,Unknown,,0,False,Dusk
Rocky Boy,Montana,-109.8007576,48.2502654,No,1+,Supernatural,ghost,,1,False,Unknown
Stevensville,Montana,-114.0931588,46.50992249999999,Yes,3+,Suicide,spirit,,1,False,Dusk
Virginia City,Montana,-111.9460911,45.2938143,No,1,Supernatural,ghost,,1,False,Dusk
Virginia City,Montana,-111.9460911,45.2938143,No,1,Supernatural,ghost,little ghost,1,False,Dusk
Wisdom,Montana,-113.4508925,45.6179788,Yes,1,Supernatural,Unknown,,0,False,Evening
Waco,Texas,-97.1466695,31.549333,Yes,2+,Supernatural,Unknown,,0,False,Dusk
Waco,Texas,-97.1466695,31.549333,Yes,0,Murder,figure,,1,False,Dusk
Waxahachie,Texas,-96.8483311,32.3865312,No,3,Murder,ghost spirit,third ghost,2,True,Evening
Waxahachie,Texas,-96.8483311,32.3865312,No,0,Murder,Unknown,,0,False,Dusk
Weatherford,Texas,-97.7972544,32.7592955,Yes,2,Supernatural,shadow figure presence,ghostly presence,3,False,Dusk
Weatherford,Texas,-97.7972544,32.7592955,Yes,1+,Unknown,Unknown,,0,False,Evening
Weatherford,Texas,-97.7972544,32.7592955,No,0,Supernatural,Unknown,,0,False,Dusk
Weatherford,Texas,-97.7972544,32.7592955,No,0,Natural Disaster,demon,,1,False,Dusk
Webb,Texas,-99.4228149,27.7925109,No,1,Supernatural,apparition,,1,False,Dusk
Weslaco,Texas,-97.9908366,26.1595194,Yes,1,Unknown,Unknown,,0,False,Dusk
Weslaco,Texas,-97.9908366,26.1595194,Yes,2+,Supernatural,Unknown,,0,False,Dusk
Weslaco,Texas,-97.9908366,26.1595194,No,1,Unknown,Unknown,,0,False,Dusk
West Columbia,Texas,-95.6452249,29.1438582,No,2+,Supernatural,ghost,,1,False,Dusk
Weslaco,Texas,-97.9908366,26.1595194,Yes,0,Murder,Unknown,,0,False,Evening
White Oak,Texas,-94.8613258,32.5279235,Yes,1,Supernatural,Unknown,,0,False,Evening
Whitehouse,Texas,-95.2255041,32.2268212,No,0,Murder,ghost,,1,False,Evening
Wichita Falls,Texas,-98.4933873,33.9137085,Yes,0,Supernatural,Unknown,,0,False,Evening
Wichita Falls,Texas,-98.4933873,33.9137085,No,0,Murder,Unknown,,0,False,Dusk
Wichita Falls,Texas,-98.4933873,33.9137085,No,1,Supernatural,ghost,,1,False,Dusk
Wichita Falls,Texas,-98.4933873,33.9137085,Yes,3+,Unknown,Unknown,,0,False,Evening
Wichita Falls,Texas,-98.4933873,33.9137085,Yes,3,Supernatural,apparition,,1,False,Evening
Wichita Falls,Texas,-98.4933873,33.9137085,Yes,1,Supernatural,Unknown,,0,False,Evening
Wichita Falls,Texas,-98.4933873,33.9137085,Yes,1,Murder,ghost,old ghost,1,False,Evening
Wichita falls,Texas,-98.4933873,33.9137085,No,0,Natural Disaster,Unknown,,0,False,Dusk
The Woodlands,Texas,-95.4612625,30.1658207,Yes,3+,Murder,ghost presence,,2,False,Dusk
Woodville,Texas,-94.4154758,30.7752011,Yes,1,Supernatural,ghost figure,,2,False,Unknown
Woodville,Texas,-94.4154758,30.7752011,No,0,Supernatural,apparition,,1,False,Unknown
Zapata,Texas,-99.2714255,26.9072605,Yes,1,Supernatural,Unknown,,0,False,Dusk
Abilene,Texas,-99.73314390000002,32.4487364,No,1,Unknown,Unknown,,0,False,Evening
Abilene,Texas,-99.73314390000002,32.4487364,Yes,0,Supernatural,Unknown,,0,False,Evening
Abilene,Texas,-99.73314390000002,32.4487364,No,1,Supernatural,Unknown,,0,False,Evening
Abilene,Texas,-99.73314390000002,32.4487364,No,3,Murder,spirit specter,same spirit,2,False,Morning
Albany,Texas,-99.2973005,32.723452,No,0,Murder,Unknown,,0,False,Evening
Alice,Texas,-98.0697249,27.7522487,No,0,Supernatural,ghost,,1,False,Dusk
Alice,Texas,-98.0697249,27.7522487,No,2+,Supernatural,ghost,,1,False,Evening
Alice,Texas,-98.0697249,27.7522487,Yes,0,Unknown,Unknown,,0,False,Unknown
Alice,Texas,-98.0697249,27.7522487,Yes,0,Supernatural,ghost,,1,False,Unknown
Alice,Texas,-98.0697249,27.7522487,Yes,3+,Unknown,Unknown,,0,False,Dusk
Alice,Texas,-98.0697249,27.7522487,No,2+,Supernatural,figure,,1,False,Evening
Alice,Texas,-98.0697249,27.7522487,No,0,Supernatural,ghost spirit,,2,False,Unknown
Alice,Texas,-98.0697249,27.7522487,No,0,Murder,Unknown,,0,False,Dusk
Alexander,Texas,-98.205833,32.058889,No,3+,Murder,Unknown,,0,False,Dusk
Allen,Texas,-96.67055030000002,33.1031744,No,1,Supernatural,ghost shadow,,2,False,Dusk
Alton,Texas,-98.3133594,26.2872995,Yes,2+,Supernatural,figure,,1,False,Dusk
Alvin,Texas,-95.2441009,29.4238472,No,2+,Unknown,Unknown,,0,False,Dusk
Amarillo,Texas,-101.8312969,35.2219971,No,5+,Murder,ghost,,1,False,Morning
Amarillo,Texas,-101.8312969,35.2219971,Yes,0,Murder,Unknown,,0,False,Dusk
Andice,Texas,-97.8522384,30.7821302,No,1,Unknown,Unknown,,0,False,Unknown
Andrews,Texas,-102.5457155,32.31871580000001,No,0,Supernatural,shadow,,1,False,Dusk
Andrews,Texas,-102.5457155,32.31871580000001,No,1,Supernatural,Unknown,,0,False,Dusk
Anson,Texas,-99.896207,32.7565042,No,0,Supernatural,Unknown,,0,False,Dusk
Anson,Texas,-99.896207,32.7565042,No,5+,Supernatural,ghost spirit,,2,False,Unknown
Aquilla,Texas,-97.2180635,31.8515484,No,1,Unknown,Unknown,,0,False,Evening
Aquilla,Texas,-97.2180635,31.8515484,Yes,3+,Death,Unknown,,0,False,Dusk
Arlington,Texas,-97.1080656,32.735687,Yes,0,Murder,Unknown,,0,False,Evening
Arlington,Texas,-97.1080656,32.735687,Yes,1,Murder,Unknown,,0,False,Morning
Arlington,Texas,-97.1080656,32.735687,Yes,1,Murder,Unknown,,0,False,Unknown
Arlington,Texas,-97.1080656,32.735687,Yes,3+,Supernatural,Unknown,,0,False,Dusk
Arlington,Texas,-97.1080656,32.735687,Yes,0,Suicide,Unknown,,0,False,Unknown
Arlington,Texas,-97.1080656,32.735687,Yes,1,Supernatural,Unknown,,0,False,Dusk
Arlington,Texas,-97.1080656,32.735687,Yes,0,Unknown,Unknown,,0,False,Dusk
Arlington,Texas,-97.1080656,32.735687,Yes,1+,Supernatural,Unknown,,0,False,Dusk
Arlington,Texas,-97.1080656,32.735687,No,0,Murder,Unknown,,0,False,Dusk
Arlington,Texas,-97.1080656,32.735687,Yes,1,Murder,Unknown,,0,False,Evening
Arlington,Texas,-97.1080656,32.735687,No,2+,Unknown,Unknown,,0,False,Unknown
Arlington,Texas,-97.1080656,32.735687,No,0,Supernatural,Unknown,,0,False,Dusk
Athens,Texas,-95.8555207,32.2048735,No,0,Unknown,Unknown,,0,False,Evening
Austin,Texas,-97.7430608,30.267153,No,0,Supernatural,Unknown,,0,False,Dusk
Austin,Texas,-97.7430608,30.267153,No,3,Supernatural,Unknown,,0,False,Dusk
Austin,Texas,-97.7430608,30.267153,No,0,Suicide,phantom,,1,False,Evening
Austin,Texas,-97.7430608,30.267153,Yes,1,Unknown,Unknown,,0,False,Evening
Austin,Texas,-97.7430608,30.267153,Yes,3+,Murder,figure,,1,False,Dusk
Austin,Texas,-97.7430608,30.267153,No,2+,Unknown,Unknown,,0,False,Dusk
Austin,Texas,-97.7430608,30.267153,Yes,4,Murder,Unknown,,0,False,Evening
Austin,Texas,-97.7430608,30.267153,No,2+,Supernatural,ghost figure,,2,False,Dusk
Austin,Texas,-97.7430608,30.267153,No,0,Murder,ghost,,1,False,Dusk
Austin,Texas,-97.7430608,30.267153,Yes,1,Supernatural,Unknown,,0,False,Unknown
Austin,Texas,-97.7430608,30.267153,Yes,0,Supernatural,ghost,,1,False,Dusk
Austin,Texas,-97.7430608,30.267153,Yes,3+,Supernatural,Unknown,,0,False,Dusk
Austin,Texas,-97.7430608,30.267153,Yes,3+,Supernatural,Unknown,,0,False,Evening
Austin,Texas,-97.7430608,30.267153,No,2+,Supernatural,ghost,,1,False,Dusk
Austin,Texas,-97.7430608,30.267153,No,3+,Supernatural,presence,strong presence,1,False,Evening
Austin,Texas,-97.7430608,30.267153,Yes,1,Supernatural,ghost,"nun ghost, nice ghost",1,False,Dusk
Austin,Texas,-97.7430608,30.267153,Yes,0,Suicide,shadow,,1,False,Morning
Austin,Texas,-97.7430608,30.267153,Yes,0,Supernatural,spirit,,1,False,Dusk
Austin,Texas,-97.7430608,30.267153,No,1,Supernatural,ghost,female ghost,1,False,Unknown
Austin,Texas,-97.7430608,30.267153,No,1,Supernatural,Unknown,,0,False,Dusk
Austin,Texas,-97.7430608,30.267153,Yes,2+,Unknown,Unknown,,0,False,Unknown
Balch Springs,Texas,-96.6227714,32.7287413,No,0,Supernatural,ghost,,1,False,Dusk
Ballinger,Texas,-99.9473077,31.7382062,No,2+,Supernatural,ghost,,1,False,Evening
Banana Bend,Texas,-95.0969855,29.8439628,No,2+,Murder,Unknown,,0,False,Unknown
Bandera,Texas,-99.0736462,29.7266131,No,3+,Murder,ghost spirit,own ghost,2,False,Evening
Bangs,Texas,-99.1325528,31.7170958,No,0,Murder,Unknown,,0,False,Evening
Batson/Moss Hill,Texas,-96.3562882,30.6870688,No,0,Unknown,Unknown,,0,False,Dusk
Baytown,Texas,-94.9774274,29.7355047,Yes,2+,Supernatural,Unknown,,0,False,Evening
Bedias,Texas,-95.949397,30.7757486,Yes,0,Murder,Unknown,,0,False,Dusk
Big Sandy,Texas,-95.1088328,32.58375210000001,No,2+,Supernatural,presence,negative presence,1,False,Unknown
Big Spring,Texas,-101.4787355,32.2503979,No,1,Supernatural,Unknown,,0,False,Unknown
Brazoria County,Texas,-95.4777811,29.2131857,No,0,Natural Disaster,Unknown,,0,False,Dusk
Beaumont,Texas,-94.1265562,30.080174,No,1,Supernatural,Unknown,,0,False,Dusk
Beaumont,Texas,-94.1265562,30.080174,No,100+,Supernatural,Unknown,,0,False,Unknown
Beaumont,Texas,-94.1265562,30.080174,Yes,1,Supernatural,ghost,,1,False,Evening
Bedford,Texas,-97.1430671,32.844017,No,0,Unknown,Unknown,,0,False,Dusk
Belle Plain,Texas,-99.36056,32.31083,No,1,Supernatural,figure,,1,False,Evening
Belton,Texas,-97.464453,31.0560132,Yes,1,Murder,ghost,,1,False,Morning
Belton,Texas,-97.464453,31.0560132,No,2,Supernatural,Unknown,,0,False,Evening
Big Spring,Texas,-101.4787355,32.2503979,No,2+,Supernatural,ghost,,1,False,Evening
Big Spring,Texas,-101.4787355,32.2503979,Yes,5+,Natural Disaster,figure entity,"mischievous entity, shadowy figure",2,False,Dusk
Big Spring,Texas,-101.4787355,32.2503979,No,1,Unknown,Unknown,,0,False,Evening
Blooming Grove,Texas,-96.715825,32.0920967,Yes,1,Supernatural,Unknown,,0,False,Dusk
Boerne,Texas,-98.7319703,29.79466409999999,No,1+,Supernatural,ghost,,1,False,Evening
Boerne,Texas,-98.7319703,29.79466409999999,Yes,0,Supernatural,ghost spirit,,2,False,Evening
Brackettville,Texas,-100.4178563,29.3105125,No,1,Supernatural,ghost,,1,False,Unknown
Brady,Texas,-99.3350552,31.1351682,Yes,3+,Supernatural,ghost figure,eerie figure,2,True,Evening
Brady,Texas,-99.3350552,31.1351682,Yes,3+,Murder,figure,unknown figure,1,False,Unknown
Brewster,Texas,-103.3587288,29.6629938,Yes,2+,Suicide,ghost apparition,,2,False,Dusk
Bridgeport,Texas,-97.7547552,33.2101155,No,1,Supernatural,figure presence,black figure,2,False,Dusk
Brooks,Texas,-98.2212979,27.0273057,Yes,2+,Supernatural,witch,,1,False,Evening
Brownfield,Texas,-102.2743489,33.1812035,No,1,Supernatural,ghost,,1,False,Dusk
Brownsville,Texas,-97.4974838,25.9017472,Yes,0,Murder,Unknown,,0,False,Evening
Brownsville,Texas,-97.4974838,25.9017472,No,3+,Supernatural,ghost,,1,False,Evening
Brownsville,Texas,-97.4974838,25.9017472,Yes,1,Supernatural,ghost,,1,False,Unknown
Brownsville,Texas,-97.4974838,25.9017472,No,3+,Supernatural,Unknown,,0,False,Dusk
Brownsville,Texas,-97.4974838,25.9017472,Yes,0,Murder,Unknown,,0,False,Evening
Brownsville,Texas,-97.4974838,25.9017472,Yes,3+,Murder,Unknown,,0,False,Evening
Brownsville,Texas,-97.4974838,25.9017472,Yes,0,Unknown,Unknown,,0,False,Dusk
Brownsville,Texas,-97.4974838,25.9017472,No,1,Supernatural,ghost,start ghost,1,False,Dusk
Brownsville,Texas,-97.4974838,25.9017472,No,1+,Murder,Unknown,,0,False,Dusk
Brownsville,Texas,-97.4974838,25.9017472,Yes,1,Supernatural,ghost apparition,,2,True,Unknown
Brownsville,Texas,-97.4974838,25.9017472,No,0,Unknown,Unknown,,0,False,Dusk
Brownsville,Texas,-97.4974838,25.9017472,Yes,2,Supernatural,ghost,,1,False,Dusk
Brownwood,Texas,-98.9911611,31.7093197,No,3+,Supernatural,ghost figure,,2,False,Evening
Brownwood,Texas,-98.9911611,31.7093197,Yes,3+,Supernatural,Unknown,,0,False,Evening
Bryan,Texas,-96.3699632,30.6743643,No,3+,Supernatural,presence,"nasty presence, metaphysical presence",1,False,Morning
Bryan,Texas,-96.3699632,30.6743643,Yes,1,Death,Unknown,,0,False,Dusk
Bryan,Texas,-96.3699632,30.6743643,Yes,1,Murder,ghost,,1,False,Evening
Burkburnett,Texas,-98.5706134,34.0978711,Yes,2,Supernatural,Unknown,,0,False,Dusk
Burkeville,Texas,-93.6679539,30.9999178,No,3+,Natural Disaster,Unknown,,0,True,Dusk
Burleson,Texas,-97.3208492,32.5420821,No,0,Unknown,Unknown,,0,False,Evening
Burnet County,Texas,-98.2212979,30.7270349,Yes,0,Supernatural,troll,,1,False,Unknown
Canyon,Texas,-101.9188024,34.9803342,No,1,Murder,Unknown,,0,False,Dusk
Cactus,Texas,-102.0023992,36.05225739999999,Yes,0,Unknown,Unknown,,0,False,Dusk
Caldwell,Texas,-96.6930303,30.5313152,Yes,3+,Supernatural,spirit,unknown spirit,1,False,Unknown
Cameron,Texas,-96.9769304,30.8532454,No,2,Supernatural,figure,black figure,1,False,Dusk
Canyon,Texas,-101.9188024,34.9803342,No,3+,Supernatural,Unknown,,0,False,Evening
Carrizo Springs,Texas,-99.8606107,28.5219292,Yes,1,Murder,Unknown,,0,False,Evening
Carrizo Springs,Texas,-99.8606107,28.5219292,No,1+,Unknown,Unknown,,0,False,Evening
Carrollton,Texas,-96.8899636,32.9756415,No,0,Supernatural,Unknown,,0,False,Unknown
Carrollton,Texas,-96.8899636,32.9756415,Yes,3+,Supernatural,shadow,,1,False,Unknown
Cason,Texas,-94.8149313,33.038736,Yes,3+,Supernatural,Unknown,,0,False,Evening
Carthage,Texas,-94.3374199,32.1573841,No,3+,Murder,figure,white figure,1,False,Dusk
Cedar Hill,Texas,-96.9561152,32.5884689,No,1,Supernatural,ghost,,1,False,Dusk
Cedar Hill,Texas,-96.9561152,32.5884689,No,0,Unknown,Unknown,,0,False,Unknown
Cedar Hill,Texas,-96.9561152,32.5884689,No,1+,Supernatural,ghost witch,,2,False,Dusk
Central,Texas,-96.791464,32.78745990000001,Yes,3+,Supernatural,spirit,,1,False,Unknown
China Spring,Texas,-97.3079638,31.6522133,No,1,Unknown,Unknown,,0,False,Dusk
China Spring,Texas,-97.3079638,31.6522133,Yes,1,Supernatural,apparition,,1,False,Unknown
Cleburne,Texas,-97.3866837,32.3476438,No,0,Supernatural,Unknown,,0,False,Dusk
Cleburne,Texas,-97.3866837,32.3476438,No,2+,Murder,figure,,1,False,Dusk
Coahoma,Texas,-101.3062329,32.2965085,Yes,3+,Supernatural,Unknown,,0,False,Dusk
Coahoma,Texas,-101.3062329,32.2965085,No,15+,Supernatural,Unknown,,0,False,Dusk
Colorado City,Texas,-100.8645576,32.3881745,No,0,Supernatural,spirit,,1,False,Unknown
Colorado City,Texas,-100.8645576,32.3881745,No,0,Supernatural,ghost,,1,False,Dusk
Comal County,Texas,-98.2212979,29.8105572,No,2,Supernatural,ghost,,1,False,Dusk
Comal County – Gruene,Texas,-98.1031393,29.7380863,Yes,1+,Suicide,Unknown,,0,False,Evening
Combes,Texas,-97.7338816,26.2486851,Yes,0,Natural Disaster,Unknown,,0,False,Dusk
Commerce,Texas,-95.8999656,33.2470567,No,1,Supernatural,ghost,,1,False,Dusk
Conroe,Texas,-95.4560512,30.3118769,Yes,1,Murder,Unknown,,0,False,Evening
Coppell,Texas,-97.0150078,32.9545687,No,1,Murder,Unknown,,0,True,Unknown
Copper Canyon,Texas,-97.0966777,33.0959546,No,0,Supernatural,Unknown,,0,False,Dusk
Conroe,Texas,-95.4560512,30.3118769,Yes,2,Supernatural,apparition,,1,False,Unknown
Corpus Christi,Texas,-97.396381,27.8005828,No,1,Suicide,spirit,,1,False,Evening
Corpus Christi,Texas,-97.396381,27.8005828,Yes,5+,Supernatural,shadow,,1,False,Evening
Corpus Christi,Texas,-97.396381,27.8005828,No,3,Supernatural,ghost,,1,False,Dusk
Corpus Christy,Texas,-97.396381,27.8005828,No,2,Murder,Unknown,,0,False,Unknown
Corpus Christi,Texas,-97.396381,27.8005828,No,0,Supernatural,ghost,,1,False,Dusk
Corpus Christi,Texas,-97.396381,27.8005828,Yes,2+,Murder,spirit,murdered spirit,1,False,Unknown
Corpus Christi,Texas,-97.396381,27.8005828,Yes,3,Supernatural,Unknown,,0,False,Evening
Corpus Christi,Texas,-97.396381,27.8005828,No,3,Unknown,Unknown,,0,True,Dusk
Corpus Christi,Texas,-97.396381,27.8005828,Yes,5+,Supernatural,ghost,,1,False,Dusk
Corpus Christi,Texas,-97.396381,27.8005828,Yes,0,Natural Disaster,Unknown,,0,False,Dusk
Corpus Christi,Texas,-97.396381,27.8005828,No,1+,Supernatural,ghost,,1,False,Evening
Corpus Christi,Texas,-97.396381,27.8005828,No,1,Supernatural,spirit,,1,False,Evening
Corpus Christi,Texas,-97.396381,27.8005828,Yes,3+,Supernatural,shadow,,1,False,Morning
Corsicana,Texas,-96.4688727,32.0954304,No,2+,Supernatural,apparition,,1,False,Dusk
Corsicana,Texas,-96.4688727,32.0954304,Yes,2+,Murder,ghost,,1,False,Dusk
Corsicana,Texas,-96.4688727,32.0954304,Yes,0,Supernatural,Unknown,,0,False,Dusk
Cotulla,Texas,-99.2350322,28.436934,Yes,0,Supernatural,Unknown,,0,False,Dusk
Crosby,Texas,-95.0621512,29.9118885,No,2+,Supernatural,spirit poltergeist,,2,False,Evening
Crosbyton,Texas,-101.2379276,33.6600847,No,2+,Supernatural,Unknown,,0,False,Unknown
Crystal City,Texas,-99.8281104,28.6774795,No,1,Murder,shadow,,1,False,Dusk
Del Rio,Texas,-100.8958674,29.3708857,No,0,Supernatural,Unknown,,0,True,Evening
Dallas,Texas,-96.7969879,32.7766642,No,0,Unknown,Unknown,,0,False,Dusk
Dallas,Texas,-96.7969879,32.7766642,No,2+,Supernatural,shadow,,1,False,Evening
Dallas,Texas,-96.7969879,32.7766642,Yes,3+,Murder,Unknown,,0,False,Dusk
Dallas,Texas,-96.7969879,32.7766642,No,1+,Supernatural,Unknown,,0,False,Evening
Dallas,Texas,-96.7969879,32.7766642,No,1+,Suicide,ghost presence,,2,False,Unknown
Dallas,Texas,-96.7969879,32.7766642,Yes,3+,Suicide,shadow,,1,False,Unknown
Dallas,Texas,-96.7969879,32.7766642,No,0,Unknown,Unknown,,0,False,Dusk
Dallas,Texas,-96.7969879,32.7766642,No,3+,Supernatural,spirit presence,female spirit,2,False,Evening
Dallas,Texas,-96.7969879,32.7766642,No,3+,Supernatural,presence,"ghostly presence, female presence",1,False,Morning
Dallas,Texas,-96.7969879,32.7766642,No,0,Supernatural,Unknown,,0,False,Morning
Dallas,Texas,-96.7969879,32.7766642,No,1,Unknown,Unknown,,0,False,Morning
Dallas,Texas,-96.7969879,32.7766642,No,0,Supernatural,Unknown,,0,False,Unknown
Dallas,Texas,-96.7969879,32.7766642,Yes,2,Murder,spirit orb,,2,True,Unknown
Dallas,Texas,-96.7969879,32.7766642,No,0,Supernatural,Unknown,,0,False,Evening
Dallas,Texas,-96.7969879,32.7766642,No,0,Supernatural,ghost,unidentified ghost,1,False,Unknown
Dallas,Texas,-96.7969879,32.7766642,No,1,Supernatural,Unknown,,0,False,Evening
Dallas,Texas,-96.7969879,32.7766642,No,3+,Natural Disaster,spirit,,1,False,Evening
Deer Park,Texas,-95.1238204,29.7052284,No,2+,Supernatural,Unknown,,0,False,Evening
DeKalb,Texas,-94.616319,33.5087256,Yes,0,Supernatural,ghost,,1,False,Evening
Denton,Texas,-97.1330683,33.2148412,No,1,Supernatural,spirit,,1,False,Morning
Denton,Texas,-97.1330683,33.2148412,No,1,Supernatural,ghost,,1,False,Evening
Diboll,Texas,-94.7810412,31.1871319,Yes,2+,Supernatural,apparition,,1,False,Evening
Donna,Texas,-98.05195,26.1703525,No,1,Supernatural,ghost,,1,False,Dusk
Donna,Texas,-98.05195,26.1703525,Yes,2+,Unknown,Unknown,,0,False,Evening
Dumas,Texas,-101.9732236,35.8653789,Yes,0,Murder,Unknown,,0,False,Dusk
Eagle Pass,Texas,-100.4995214,28.7091433,No,3+,Supernatural,spirit apparition,,2,False,Dusk
Eagle Pass,Texas,-100.4995214,28.7091433,No,0,Murder,Unknown,,0,False,Unknown
East Bernard,Texas,-96.0710696,29.5310744,No,1,Supernatural,spirit orb,,2,False,Dusk
Earth,Texas,-102.4107493,34.2331373,Yes,3+,Murder,Unknown,,0,False,Evening
Edinburg,Texas,-98.1633432,26.3017374,No,0,Supernatural,Unknown,,0,False,Evening
Edinburg,Texas,-98.1633432,26.3017374,No,1,Supernatural,figure,,1,False,Evening
Edinburg,Texas,-98.1633432,26.3017374,Yes,3+,Supernatural,shadow,,1,False,Evening
Edinburg,Texas,-98.1633432,26.3017374,No,1,Unknown,Unknown,,0,False,Dusk
Edinburg,Texas,-98.1633432,26.3017374,Yes,1+,Supernatural,Unknown,,0,False,Dusk
El Dorado,Texas,-100.6009299,30.8601745,Yes,6+,Murder,orb,,1,False,Unknown
El Paso,Texas,-106.4850217,31.7618778,No,1,Supernatural,ghost figure presence,"white figure, eerie presence",3,False,Dusk
El Paso,Texas,-106.4850217,31.7618778,No,0,Supernatural,Unknown,,0,False,Evening
El Paso,Texas,-106.4850217,31.7618778,Yes,0,Unknown,Unknown,,0,False,Evening
El Paso,Texas,-106.4850217,31.7618778,Yes,1,Supernatural,Unknown,,0,False,Morning
El Paso,Texas,-106.4850217,31.7618778,No,5+,Unknown,Unknown,,0,False,Dusk
El Paso,Texas,-106.4850217,31.7618778,No,1,Unknown,Unknown,,0,False,Dusk
El Paso,Texas,-106.4850217,31.7618778,Yes,0,Murder,Unknown,,0,False,Evening
El Paso,Texas,-106.4850217,31.7618778,Yes,2,Supernatural,figure,white figure,1,False,Morning
El Paso,Texas,-106.4850217,31.7618778,No,4+,Unknown,Unknown,,0,False,Unknown
El Paso,Texas,-106.4850217,31.7618778,No,0,Suicide,mist,single mist,1,False,Dusk
El Paso,Texas,-106.4850217,31.7618778,Yes,1,Supernatural,Unknown,,0,False,Evening
El Paso,Texas,-106.4850217,31.7618778,No,0,Unknown,Unknown,,0,False,Dusk
El Paso,Texas,-106.4850217,31.7618778,No,1,Unknown,mist,,1,False,Morning
El Paso,Texas,-106.4850217,31.7618778,No,1,Natural Disaster,ghost,,1,False,Evening
El Paso,Texas,-106.4850217,31.7618778,No,0,Murder,Unknown,,0,False,Dusk
El Paso,Texas,-106.4850217,31.7618778,No,2,Unknown,Unknown,,0,False,Dusk
El Paso,Texas,-106.4850217,31.7618778,Yes,2+,Supernatural,shadow,,1,False,Evening
El Paso,Texas,-106.4850217,31.7618778,Yes,6,Unknown,Unknown,,0,False,Evening
El Paso,Texas,-106.4850217,31.7618778,No,0,Unknown,Unknown,,0,False,Dusk
El Paso,Texas,-106.4850217,31.7618778,Yes,2+,Murder,ghost,,1,False,Evening
El Paso,Texas,-106.4850217,31.7618778,No,2+,Supernatural,Unknown,,0,False,Morning
El Paso,Texas,-106.4850217,31.7618778,Yes,0,Supernatural,figure,,1,False,Dusk
El Paso,Texas,-106.4850217,31.7618778,Yes,2+,Supernatural,shadow,,1,False,Unknown
El Paso,Texas,-106.4850217,31.7618778,Yes,1,Supernatural,ghost shadow,,2,False,Evening
El Paso,Texas,-106.4850217,31.7618778,Yes,0,Supernatural,apparition,,1,False,Evening
El Paso,Texas,-106.4850217,31.7618778,No,1,Supernatural,spirit shadow,,2,False,Evening
El Paso,Texas,-106.4850217,31.7618778,No,3+,Supernatural,Unknown,,0,False,Unknown
El Paso,Texas,-106.4850217,31.7618778,Yes,0,Supernatural,Unknown,,0,False,Dusk
El Paso,Texas,-106.4850217,31.7618778,Yes,2,Supernatural,Unknown,,0,False,Dusk
El Paso,Texas,-106.4850217,31.7618778,No,2+,Death,Unknown,,0,True,Dusk
El Paso,Texas,-106.4850217,31.7618778,No,5+,Supernatural,ghost,,1,False,Dusk
El Paso,Texas,-106.4850217,31.7618778,Yes,0,Suicide,spirit,,1,False,Dusk
El Paso,Texas,-106.4850217,31.7618778,No,1,Supernatural,ghost,,1,False,Unknown
El Paso,Texas,-106.4850217,31.7618778,No,0,Unknown,Unknown,,0,False,Dusk
El Paso,Texas,-106.4850217,31.7618778,Yes,5+,Supernatural,ghost,,1,False,Dusk
El Paso,Texas,-106.4850217,31.7618778,No,1,Supernatural,figure,many figure,1,False,Evening
El Paso,Texas,-106.4850217,31.7618778,Yes,6,Supernatural,ghost,,1,False,Dusk
Elgin,Texas,-97.3702735,30.3496528,No,0,Supernatural,Unknown,,0,False,Dusk
Elwood,Texas,-96.0738675,33.8117667,No,1,Unknown,Unknown,,0,False,Dusk
Eola,Texas,-100.088047,31.398372,Yes,1,Supernatural,Unknown,,0,False,Dusk
Euless,Texas,-97.0819541,32.8370727,No,0,Unknown,Unknown,,0,False,Evening
Euless,Texas,-97.0819541,32.8370727,Yes,0,Unknown,Unknown,,0,False,Unknown
Fabens,Texas,-106.1585867,31.50234,No,1,Supernatural,Unknown,,0,False,Evening
Fabens,Texas,-106.1585867,31.50234,No,1,Supernatural,apparition,,1,False,Evening
Fabens,Texas,-106.1585867,31.50234,No,1,Supernatural,apparition,,1,False,Dusk
Fabens,Texas,-106.1585867,31.50234,No,0,Natural Disaster,ghost,,1,False,Dusk
Fabens,Texas,-106.1585867,31.50234,No,0,Supernatural,ghost,,1,False,Dusk
Files Valley,Texas,-97.0769488,32.222648,Yes,0,Unknown,Unknown,,0,False,Dusk
Fischer,Texas,-98.2658468,29.9768804,No,0,Murder,ghost,,1,False,Dusk
Fort Bliss,Texas,-106.4213208,31.812438,No,3+,Murder,Unknown,,0,False,Dusk
Fort Bliss,Texas,-106.4213208,31.812438,No,2+,Supernatural,Unknown,,0,False,Evening
Fort Davis,Texas,-103.8946253,30.5882111,No,2+,Supernatural,ghost specter,,2,False,Dusk
Fort Davis,Texas,-103.8946253,30.5882111,No,1,Supernatural,presence,,1,False,Dusk
Fort Hood,Texas,-97.7413143,31.1950013,No,1,Supernatural,Unknown,,0,False,Morning
Fort Hood,Texas,-97.7413143,31.1950013,Yes,1,Unknown,Unknown,,0,False,Evening
Fort Worth,Texas,-97.3307658,32.7554883,Yes,0,Supernatural,apparition shadow,,2,False,Dusk
Fort Worth,Texas,-97.3307658,32.7554883,No,1,Death,ghost apparition,,2,False,Evening
Fort Worth,Texas,-97.3307658,32.7554883,Yes,0,Supernatural,Unknown,,0,False,Dusk
Fort Worth,Texas,-97.3307658,32.7554883,No,1,Murder,spirit,,1,False,Dusk
Fort Worth,Texas,-97.3307658,32.7554883,No,0,Murder,Unknown,,0,False,Unknown
Fort Worth,Texas,-97.3307658,32.7554883,No,1+,Unknown,Unknown,,0,False,Evening
Fort Worth,Texas,-97.3307658,32.7554883,Yes,1,Murder,spirit,evil spirit,1,False,Dusk
Fort Worth,Texas,-97.3307658,32.7554883,Yes,2+,Supernatural,Unknown,,0,False,Unknown
Fort Worth,Texas,-97.3307658,32.7554883,No,0,Supernatural,ghost,,1,False,Unknown
Fort Worth,Texas,-97.3307658,32.7554883,No,2,Supernatural,ghost,,1,False,Evening
Fort Worth,Texas,-97.3307658,32.7554883,Yes,1,Supernatural,ghost,,1,False,Evening
Fort Worth,Texas,-97.3307658,32.7554883,No,3,Supernatural,ghost,"least ghost, separate ghost, small ghost",1,False,Evening
Fort Worth,Texas,-97.3307658,32.7554883,No,0,Supernatural,apparition,,1,False,Evening
Fort Worth,Texas,-97.3307658,32.7554883,No,1,Unknown,Unknown,,0,False,Dusk
Fort Worth,Texas,-97.3307658,32.7554883,Yes,5+,Supernatural,Unknown,,0,False,Unknown
Fredericksburg,Texas,-98.8719843,30.2752011,Yes,2+,Supernatural,shadow,,1,False,Evening
Frisco,Texas,-96.8236116,33.1506744,Yes,3+,Supernatural,apparition,,1,False,Dusk
Galveston,Texas,-94.7976958,29.3013479,Yes,0,Supernatural,apparition,,1,False,Evening
Galveston,Texas,-94.7976958,29.3013479,No,2+,Supernatural,ghost,,1,False,Dusk
Galveston,Texas,-94.7976958,29.3013479,Yes,2,Supernatural,figure,,1,False,Dusk
Galveston,Texas,-94.7976958,29.3013479,Yes,3+,Unknown,Unknown,,0,False,Unknown
Galveston,Texas,-94.7976958,29.3013479,No,1,Supernatural,shadow,,1,False,Evening
Garland,Texas,-96.6388833,32.912624,Yes,1,Suicide,Unknown,,0,False,Dusk
Garland,Texas,-96.6388833,32.912624,No,0,Unknown,Unknown,,0,False,Dusk
Gatesville,Texas,-97.743911,31.4351645,No,2,Supernatural,Unknown,,0,False,Evening
George West,Texas,-98.1175054,28.3325002,Yes,2,Murder,Unknown,,0,False,Evening
Georgetown,Texas,-97.6779842,30.6332618,Yes,1,Murder,ghost,little ghost,1,False,Evening
Gilmer,Texas,-94.94243790000002,32.7287472,No,4,Unknown,Unknown,,0,False,Unknown
Goliad,Texas,-97.3883265,28.6683252,Yes,0,Supernatural,apparition phantom,,2,False,Dusk
Goliad,Texas,-97.3883265,28.6683252,Yes,3,Supernatural,Unknown,,0,False,Dusk
Granbury,Texas,-97.7941967,32.4420826,Yes,3+,Unknown,Unknown,,0,False,Evening
Granbury,Texas,-97.7941967,32.4420826,No,5,Supernatural,Unknown,,0,False,Evening
Grand Prairie,Texas,-96.9977846,32.7459645,Yes,2+,Murder,Unknown,,0,False,Morning
Grand Prairie,Texas,-96.9977846,32.7459645,No,1,Supernatural,Unknown,,0,False,Unknown
Grand Prairie,Texas,-96.9977846,32.7459645,Yes,0,Murder,Unknown,,0,False,Evening
Grand Prairie,Texas,-96.9977846,32.7459645,Yes,1,Natural Disaster,presence,electrical presence,1,False,Dusk
Grapevine,Texas,-97.0780654,32.9342919,Yes,3+,Supernatural,Unknown,,0,False,Evening
Grapevine,Texas,-97.0780654,32.9342919,Yes,3+,Supernatural,Unknown,,0,False,Evening
Grayson,Texas,-96.663812,33.7062406,Yes,1,Supernatural,apparition,,1,False,Morning
Gregg,Texas,-94.8520636,32.4892547,No,3+,Murder,ghost,little ghost,1,False,Evening
Halingen,Texas,-97.6961026,26.1906306,Yes,3,Supernatural,ghost,"little ghost, girl ghost",1,False,Evening
Haltom City,Texas,-97.2691817,32.7995738,Yes,2,Murder,Unknown,,0,False,Dusk
Haltom City,Texas,-97.2691817,32.7995738,Yes,5+,Unknown,Unknown,,0,False,Dusk
Hamilton,Texas,-98.1239231,31.7037655,Yes,1,Supernatural,Unknown,,0,False,Unknown
Haslet,Texas,-97.3477957,32.9748469,Yes,1+,Natural Disaster,ghost,,1,False,Evening
Hargill,Texas,-98.0138064,26.4429778,Yes,3+,Supernatural,ghost,,1,False,Unknown
Harker Heights,Texas,-97.6597376,31.0835102,Yes,1,Murder,Unknown,,0,False,Dusk
Harlingen,Texas,-97.6961026,26.1906306,Yes,0,Murder,Unknown,,0,False,Dusk
Harlingen,Texas,-97.6961026,26.1906306,Yes,0,Supernatural,ghost,,1,False,Unknown
Harlingen,Texas,-97.6961026,26.1906306,No,1,Supernatural,Unknown,,0,False,Dusk
Harlingen,Texas,-97.6961026,26.1906306,No,2+,Supernatural,Unknown,,0,False,Dusk
Helotes,Texas,-98.6897451,29.5780056,Yes,0,Unknown,Unknown,,0,False,Dusk
Henderson,Texas,-94.7993802,32.1532156,No,1,Supernatural,Unknown,,0,False,Dusk
Hereford,Texas,-102.3977036,34.8150622,No,0,Unknown,Unknown,,0,False,Dusk
Hidalgo,Texas,-98.2630684,26.1003547,No,2+,Supernatural,ghost,,1,False,Morning
Hidalgo,Texas,-98.2630684,26.1003547,No,2+,Unknown,Unknown,,0,False,Evening
Hillsboro,Texas,-97.1300061,32.0109886,No,0,Supernatural,ghost,,1,False,Dusk
Hillsboro,Texas,-97.1300061,32.0109886,No,1,Unknown,Unknown,,0,False,Dusk
Hillsboro,Texas,-97.1300061,32.0109886,Yes,1,Supernatural,shadow presence,cold presence,2,False,Evening
Hillsboro,Texas,-97.1300061,32.0109886,Yes,3+,Unknown,Unknown,,0,False,Dusk
Hockley,Texas,-95.8458562,30.026861,No,0,Supernatural,Unknown,,0,False,Dusk
Houston,Texas,-95.3698028,29.7604267,No,1,Supernatural,Unknown,,0,False,Unknown
Houston,Texas,-95.3698028,29.7604267,No,2+,Supernatural,presence,,1,False,Dusk
Houston,Texas,-95.3698028,29.7604267,Yes,2+,Unknown,Unknown,,0,False,Dusk
Houston,Texas,-95.3698028,29.7604267,No,0,Murder,Unknown,,0,False,Dusk
Houston,Texas,-95.3698028,29.7604267,No,0,Supernatural,apparition,,1,False,Evening
Houston,Texas,-95.3698028,29.7604267,Yes,0,Murder,figure,,1,False,Evening
Houston,Texas,-95.3698028,29.7604267,Yes,2+,Supernatural,Unknown,,0,False,Dusk
Houston,Texas,-95.3698028,29.7604267,Yes,0,Unknown,Unknown,,0,False,Dusk
Houston,Texas,-95.3698028,29.7604267,No,0,Suicide,Unknown,,0,False,Unknown
Houston,Texas,-95.3698028,29.7604267,Yes,3+,Supernatural,spirit,,1,False,Dusk
Houston,Texas,-95.3698028,29.7604267,Yes,3+,Suicide,Unknown,,0,False,Evening
Houston,Texas,-95.3698028,29.7604267,No,0,Murder,Unknown,,0,True,Evening
Houston,Texas,-95.3698028,29.7604267,Yes,2+,Supernatural,shadow,,1,False,Evening
Houston,Texas,-95.3698028,29.7604267,No,0,Supernatural,Unknown,,0,False,Dusk
Houston,Texas,-95.3698028,29.7604267,No,3+,Murder,spirit shadow,,2,False,Morning
Houston,Texas,-95.3698028,29.7604267,No,2+,Murder,Unknown,,0,False,Dusk
Houston,Texas,-95.3698028,29.7604267,Yes,2+,Unknown,Unknown,,0,False,Dusk
Houston,Texas,-95.3698028,29.7604267,Yes,3,Supernatural,figure,,1,False,Dusk
Houston,Texas,-95.3698028,29.7604267,Yes,0,Supernatural,Unknown,,0,False,Dusk
Houston,Texas,-95.3698028,29.7604267,Yes,3+,Supernatural,figure,,1,False,Dusk
Houston,Texas,-95.3698028,29.7604267,No,5+,Supernatural,Unknown,,0,False,Evening
Houston,Texas,-95.3698028,29.7604267,Yes,1,Supernatural,Unknown,,0,False,Evening
Houston,Texas,-95.3698028,29.7604267,No,3,Supernatural,ghost apparition mist,,3,False,Evening
Houston,Texas,-95.3698028,29.7604267,Yes,1,Unknown,Unknown,,0,False,Evening
Houston,Texas,-95.3698028,29.7604267,No,3+,Supernatural,spirit,,1,False,Evening
Houston,Texas,-95.3698028,29.7604267,Yes,1,Supernatural,spirit,,1,False,Evening
Houston,Texas,-95.3698028,29.7604267,No,1,Unknown,Unknown,,0,False,Unknown
Houston,Texas,-95.3698028,29.7604267,Yes,1+,Supernatural,Unknown,,0,False,Dusk
Houston,Texas,-95.3698028,29.7604267,No,0,Supernatural,apparition orb mist,,3,True,Unknown
Houston,Texas,-95.3698028,29.7604267,No,0,Supernatural,Unknown,,0,False,Dusk
Houston,Texas,-95.3698028,29.7604267,Yes,2+,Death,ghost spirit,,2,False,Dusk
Houston,Texas,-95.3698028,29.7604267,No,2,Supernatural,apparition,,1,False,Morning
Houston,Texas,-95.3698028,29.7604267,Yes,5+,Supernatural,presence,,1,False,Dusk
Hudson,Texas,-94.7782644,31.3226849,No,2+,Supernatural,ghost,mischievous ghost,1,False,Dusk
Humble,Texas,-95.2621553,29.99883119999999,Yes,3+,Supernatural,Unknown,,0,False,Dusk
Humble,Texas,-95.2621553,29.99883119999999,No,1+,Unknown,Unknown,,0,False,Dusk
Humble,Texas,-95.2621553,29.99883119999999,No,1,Murder,ghost figure,white figure,2,False,Evening
Humble,Texas,-95.2621553,29.99883119999999,Yes,2+,Supernatural,shadow demon entity,evil entity,3,False,Morning
Huntsville,Texas,-95.5507771,30.7235263,No,0,Supernatural,apparition,,1,False,Unknown
Huntsville,Texas,-95.5507771,30.7235263,No,0,Unknown,Unknown,,0,False,Evening
Huntsville,Texas,-95.5507771,30.7235263,No,1,Unknown,Unknown,,0,False,Morning
Huntsville,Texas,-95.5507771,30.7235263,Yes,4,Supernatural,ghost,,1,False,Unknown
Hurst,Texas,-97.1705678,32.8234621,Yes,3,Supernatural,spirit,,1,False,Dusk
Hutchins,Texas,-96.7130521,32.6492999,No,2+,Supernatural,phantom mist,purple mist,2,False,Evening
Hutto,Texas,-97.5466702,30.54269949999999,No,1,Supernatural,ghost,,1,False,Dusk
Hutto,Texas,-97.5466702,30.54269949999999,No,0,Suicide,Unknown,,0,False,Dusk
Iowa Park,Texas,-98.6686709,33.9514847,Yes,2+,Murder,Unknown,,0,False,Dusk
Irving,Texas,-96.9488945,32.8140177,Yes,2+,Suicide,Unknown,,0,False,Dusk
Irving,Texas,-96.9488945,32.8140177,No,2,Supernatural,Unknown,,0,False,Dusk
Jacksonville,Texas,-95.2705042,31.963778,No,3+,Unknown,Unknown,,0,False,Evening
Jacksonville,Texas,-95.2705042,31.963778,No,0,Murder,Unknown,,0,False,Dusk
Jacksonville,Texas,-95.2705042,31.963778,No,1+,Supernatural,ghost spirit,female ghost,2,False,Dusk
Jefferson,Texas,-94.3451926,32.7573626,No,3+,Supernatural,spirit,,1,False,Morning
Jefferson,Texas,-94.3451926,32.7573626,Yes,1+,Supernatural,ghost,,1,False,Dusk
Jonestown,Texas,-97.9233468,30.4954748,No,1,Murder,Unknown,,0,False,Dusk
Katy,Texas,-95.8243956,29.7857853,No,3+,Supernatural,witch,,1,False,Dusk
Keller,Texas,-97.229298,32.9341893,Yes,2,Supernatural,Unknown,,0,False,Evening
Keller,Texas,-97.229298,32.9341893,Yes,3,Supernatural,apparition,,1,False,Evening
Kerrville,Texas,-99.1403189,30.0474332,Yes,1+,Murder,Unknown,,0,False,Dusk
Kerrville,Texas,-99.1403189,30.0474332,No,2+,Suicide,spirit apparition,,2,False,Dusk
Kerrville,Texas,-99.1403189,30.0474332,No,1,Supernatural,apparition,,1,False,Unknown
Kerrville,Texas,-99.1403189,30.0474332,No,0,Supernatural,apparition,,1,False,Morning
Kerrville,Texas,-99.1403189,30.0474332,Yes,0,Supernatural,phantom,,1,False,Unknown
Kilgore,Texas,-94.8757709,32.3862619,No,0,Murder,Unknown,,0,False,Evening
Kilgore,Texas,-94.8757709,32.3862619,Yes,3+,Supernatural,Unknown,,0,False,Dusk
Kilgore,Texas,-94.8757709,32.3862619,No,1,Unknown,Unknown,,0,False,Dusk
Kilgore,Texas,-94.8757709,32.3862619,Yes,0,Murder,witch,,1,False,Evening
Kilgore,Texas,-94.8757709,32.3862619,No,0,Supernatural,Unknown,,0,False,Evening
Killeen,Texas,-97.7277959,31.1171194,No,1,Supernatural,ghost,,1,False,Evening
Kingsville,Texas,-97.856109,27.5158689,No,2+,Supernatural,figure,,1,False,Evening
Kingsville,Texas,-97.856109,27.5158689,No,3+,Supernatural,Unknown,,0,False,Evening
Kingsville,Texas,-97.856109,27.5158689,No,0,Supernatural,apparition,,1,False,Dusk
Kingsville,Texas,-97.856109,27.5158689,No,0,Suicide,shadow,,1,False,Dusk
Kingsville,Texas,-97.856109,27.5158689,Yes,5+,Suicide,spirit presence,,2,False,Dusk
Kingsville,Texas,-97.856109,27.5158689,No,0,Supernatural,shadow,"passing shadow, black shadow",1,False,Evening
La Feria,Texas,-97.8238853,26.1589644,No,3,Suicide,Unknown,,0,False,Dusk
La Joya,Texas,-98.4814092,26.2470165,Yes,1+,Supernatural,Unknown,,0,False,Dusk
La Joya,Texas,-98.4814092,26.2470165,Yes,1,Murder,shadow,,1,False,Dusk
Lake Jackson,Texas,-95.4343859,29.0338575,Yes,3+,Murder,apparition,,1,False,Dusk
Lampasas,Texas,-98.1816957,31.06378399999999,No,0,Supernatural,ghost,,1,False,Dusk
LaMarque,Texas,-94.9713134,29.3685674,Yes,2+,Murder,Unknown,,0,False,Dusk
LaPorte,Texas,-95.0193728,29.6657838,No,2+,Murder,ghost presence,,2,False,Evening
Laredo,Texas,-99.4803241,27.5305671,No,0,Supernatural,Unknown,,0,False,Evening
Laredo,Texas,-99.4803241,27.5305671,No,0,Murder,Unknown,,0,False,Dusk
Laredo,Texas,-99.4803241,27.5305671,Yes,0,Supernatural,shadow,,1,False,Dusk
Laredo,Texas,-99.4803241,27.5305671,Yes,2+,Supernatural,Unknown,,0,False,Dusk
Laredo,Texas,-99.4803241,27.5305671,Yes,2+,Unknown,Unknown,,0,False,Dusk
Laredo,Texas,-99.4803241,27.5305671,No,1,Supernatural,apparition,,1,False,Dusk
Laredo,Texas,-99.4803241,27.5305671,Yes,0,Murder,Unknown,,0,False,Dusk
Laredo,Texas,-99.4803241,27.5305671,No,1+,Supernatural,apparition,,1,False,Dusk
Laredo,Texas,-99.4803241,27.5305671,No,0,Unknown,Unknown,,0,False,Dusk
Laredo,Texas,-99.4803241,27.5305671,No,3+,Natural Disaster,Unknown,,0,False,Dusk
Laredo,Texas,-99.4803241,27.5305671,No,0,Supernatural,Unknown,,0,False,Dusk
Laredo,Texas,-99.4803241,27.5305671,No,2+,Supernatural,apparition figure,,2,False,Unknown
Laredo,Texas,-99.4803241,27.5305671,No,1,Supernatural,apparition,,1,False,Evening
Laredo,Texas,-99.4803241,27.5305671,No,3,Supernatural,Unknown,,0,False,Dusk
Laredo,Texas,-99.4803241,27.5305671,Yes,3+,Supernatural,spirit,,1,False,Unknown
Laredo,Texas,-99.4803241,27.5305671,No,1,Death,Unknown,,0,False,Evening
Laredo,Texas,-99.4803241,27.5305671,Yes,3+,Unknown,Unknown,,0,False,Unknown
Laredo,Texas,-99.4803241,27.5305671,Yes,2,Murder,Unknown,,0,False,Dusk
Laredo,Texas,-99.4803241,27.5305671,Yes,3+,Supernatural,Unknown,,0,False,Evening
Laredo,Texas,-99.4803241,27.5305671,No,0,Supernatural,shadow,,1,False,Dusk
Laredo,Texas,-99.4803241,27.5305671,No,0,Unknown,Unknown,,0,False,Dusk
Laredo,Texas,-99.4803241,27.5305671,No,0,Supernatural,figure,demonic figure,1,False,Dusk
Laredo,Texas,-99.4803241,27.5305671,Yes,1+,Murder,spirit,,1,False,Dusk
Laredo,Texas,-99.4803241,27.5305671,Yes,1+,Supernatural,Unknown,,0,False,Dusk
Laredo,Texas,-99.4803241,27.5305671,Yes,1+,Supernatural,Unknown,,0,False,Unknown
Laredo,Texas,-99.4803241,27.5305671,Yes,3+,Supernatural,Unknown,,0,False,Dusk
Laredo,Texas,-99.4803241,27.5305671,Yes,0,Unknown,Unknown,,0,False,Evening
Laredo,Texas,-99.4803241,27.5305671,Yes,2+,Supernatural,shadow,dark shadow,1,True,Morning
Laredo,Texas,-99.4803241,27.5305671,No,2+,Supernatural,Unknown,,0,False,Evening
Laredo,Texas,-99.4803241,27.5305671,Yes,0,Murder,shadow,,1,False,Dusk
Laredo,Texas,-99.4803241,27.5305671,Yes,0,Unknown,Unknown,,0,False,Unknown
Laredo,Texas,-99.4803241,27.5305671,No,2+,Supernatural,ghost,,1,False,Dusk
LaSara,Texas,-97.9111115,26.4647894,No,5+,Supernatural,Unknown,,0,False,Dusk
League City,Texas,-95.0949303,29.5074538,No,3+,Supernatural,shadow presence,"several shadow, dark presence",2,False,Unknown
Liberty Hill,Texas,-97.9225161,30.6649119,No,1+,Unknown,witch,,1,False,Evening
Lindale,Texas,-95.4093998,32.5156971,Yes,1,Supernatural,Unknown,,0,False,Dusk
Littlefield,Texas,-102.3249022,33.9173148,No,1+,Supernatural,shadow,,1,False,Dusk
Lockhart,Texas,-97.6699996,29.8849441,No,1,Unknown,Unknown,,0,False,Dusk
Lolita,Texas,-96.5424743,28.8394332,No,0,Supernatural,apparition orb,,2,False,Evening
Loop,Texas,-102.4163505,32.9151533,No,1,Supernatural,Unknown,,0,False,Evening
Los Fresnos,Texas,-97.4763733,26.0717438,Yes,1,Unknown,Unknown,,0,False,Evening
Lubbock,Texas,-101.8551665,33.5778631,No,0,Supernatural,spirit,,1,False,Dusk
Lubbock,Texas,-101.8551665,33.5778631,Yes,1+,Murder,ghost,,1,False,Unknown
Lubbock,Texas,-101.8551665,33.5778631,Yes,3+,Supernatural,ghost figure,,2,False,Dusk
Lubbock,Texas,-101.8551665,33.5778631,No,1,Unknown,Unknown,,0,True,Evening
Lubbock,Texas,-101.8551665,33.5778631,Yes,0,Unknown,Unknown,,0,False,Unknown
Lubbock,Texas,-101.8551665,33.5778631,No,1,Unknown,Unknown,,0,False,Dusk
Lubbock,Texas,-101.8551665,33.5778631,No,2+,Unknown,Unknown,,0,False,Dusk
Lubbock,Texas,-101.8551665,33.5778631,No,1+,Supernatural,Unknown,,0,False,Unknown
Luling,Texas,-97.647498,29.68050659999999,Yes,2+,Supernatural,ghost entity presence,nearby Ghost,3,False,Unknown
Luling,Texas,-97.647498,29.68050659999999,Yes,1,Supernatural,ghost,,1,False,Unknown
Luther,Texas,-101.4567943,32.44372570000001,No,3+,Suicide,apparition,,1,False,Dusk
Lyford,Texas,-97.7897176,26.4122916,No,1,Murder,Unknown,,0,False,Dusk
Adams,Tennessee,-87.06555639999999,36.5822667,No,1,Murder,spirit witch,"horrible spirit, much spirit",2,False,Evening
Alcoa,Tennessee,-83.9737935,35.7895271,No,1,Supernatural,Unknown,,0,False,Evening
Antioch,Tennessee,-86.6715948,36.0597177,No,0,Murder,Unknown,,0,False,Dusk
Athens,Tennessee,-84.5929898,35.4428512,Yes,2+,Supernatural,figure,,1,False,Dusk
Atoka,Tennessee,-89.78491269999999,35.423208,No,2,Supernatural,spirit,unfriendly spirit,1,False,Dusk
Big Sandy,Tennessee,-88.08531459999999,36.2347791,No,0,Unknown,Unknown,,0,False,Dusk
Blountville,Tennessee,-82.32680599999999,36.5331586,No,0,Supernatural,ghost,,1,False,Evening
Bolivar,Tennessee,-88.9878389,35.2561937,No,0,Supernatural,ghost,,1,True,Evening
Bristol,Tennessee,-82.18874439999999,36.5951059,Yes,2+,Natural Disaster,spirit,disgruntled spirit,1,False,Unknown
Bristol,Tennessee,-82.18874439999999,36.5951059,Yes,0,Murder,Unknown,,0,False,Dusk
Bristol,Tennessee,-82.18874439999999,36.5951059,No,1,Unknown,Unknown,,0,False,Dusk
Caryville,Tennessee,-84.2232612,36.2989682,No,2,Supernatural,figure,,1,False,Unknown
Caryville,Tennessee,-84.2232612,36.2989682,No,1,Supernatural,apparition presence,,2,False,Dusk
Chapel Hill,Tennessee,-86.6933305,35.6264581,No,0,Murder,Unknown,,0,False,Unknown
Chattanooga,Tennessee,-85.3096801,35.0456297,No,1,Murder,mist,green mist,1,False,Evening
Chattanooga,Tennessee,-85.3096801,35.0456297,No,0,Unknown,Unknown,,0,False,Evening
Chinqapin,Tennessee,-82.21318819999999,36.4431618,No,0,Death,Unknown,,0,False,Dusk
Churchill,Tennessee,-82.7134921,36.5223207,No,3+,Unknown,Unknown,,0,False,Evening
Clarksburg,Tennessee,-88.3931039,35.8717309,Yes,1,Supernatural,Unknown,,0,False,Evening
Clarksville,Tennessee,-87.3594528,36.5297706,Yes,1,Supernatural,Unknown,,0,False,Unknown
Clarksville,Tennessee,-87.3594528,36.5297706,No,5,Supernatural,ghost,,1,False,Evening
Clarksville,Tennessee,-87.3594528,36.5297706,Yes,1,Supernatural,ghost,,1,False,Dusk
Clarksville,Tennessee,-87.3594528,36.5297706,No,1,Supernatural,ghost,,1,False,Dusk
Clarksville,Tennessee,-87.3594528,36.5297706,No,0,Supernatural,ghost,,1,False,Dusk
Clarksville,Tennessee,-87.3594528,36.5297706,No,0,Supernatural,ghost,,1,False,Evening
Cleveland,Tennessee,-84.8766115,35.1595182,No,0,Supernatural,figure,tall figure,1,False,Unknown
Clifton,Tennessee,-87.9953067,35.3870197,No,1+,Supernatural,figure,"white figure, white figure",1,False,Dusk
Collinwood,Tennessee,-87.73780289999999,35.1742474,No,0,Supernatural,Unknown,,0,False,Evening
Columbia,Tennessee,-87.0352831,35.6150716,No,0,Unknown,Unknown,,0,False,Unknown
Columbia,Tennessee,-87.0352831,35.6150716,Yes,0,Murder,Unknown,,0,False,Unknown
Cookville,Tennessee,-85.5016423,36.162839,No,1,Unknown,Unknown,,0,False,Dusk
Cordova,Tennessee,-89.761545,35.1598391,No,1,Supernatural,shadow orb,,2,True,Evening
Cowan,Tennessee,-86.01053759999999,35.1645273,No,2+,Unknown,Unknown,,0,False,Evening
Cragfont,Tennessee,-86.34214879999999,36.4046396,Yes,3+,Unknown,Unknown,,0,False,Evening
Cragfont,Tennessee,-86.34214879999999,36.4046396,No,1,Supernatural,ghost,,1,False,Dusk
Crossville,Tennessee,-85.0269014,35.9489566,No,0,Murder,Unknown,,0,False,Dusk
Dandridge,Tennessee,-83.4148895,36.0153693,No,1,Supernatural,spirit,,1,True,Evening
Decherd,Tennessee,-86.07942849999999,35.2098048,Yes,0,Supernatural,spirit,,1,False,Evening
Dover,Tennessee,-87.83835669999999,36.4878291,Yes,0,Murder,Unknown,,0,False,Evening
Dover,Tennessee,-87.83835669999999,36.4878291,Yes,1,Death,ghost,,1,False,Dusk
Dover,Tennessee,-87.83835669999999,36.4878291,No,1,Supernatural,presence,,1,False,Dusk
Dover,Tennessee,-87.83835669999999,36.4878291,Yes,2+,Supernatural,Unknown,,0,False,Dusk
Dry Hollow,Tennessee,-85.252281,36.252282,No,0,Unknown,Unknown,,0,False,Evening
Dyersburg,Tennessee,-89.38562809999999,36.0345159,No,0,Murder,ghost,,1,False,Dusk
Elizabethton,Tennessee,-82.21068760000001,36.3487196,Yes,1,Supernatural,ghost,,1,False,Unknown
Elizabethton,Tennessee,-82.21068760000001,36.3487196,No,1,Murder,Unknown,,0,False,Dusk
Elkton,Tennessee,-86.88861500000002,35.0523054,Yes,0,Murder,Unknown,,0,False,Evening
Eagleville / Rockvale,Tennessee,-86.60638879999999,35.6872222,Yes,5+,Natural Disaster,ghost spirit apparition witch,,4,False,Unknown
Englewood,Tennessee,-84.4874289,35.4245183,No,5+,Murder,Unknown,,0,False,Evening
Etowah,Tennessee,-84.5249307,35.3234065,No,2+,Supernatural,figure,shadowy figure,1,True,Dusk
Flintville,Tennessee,-86.41971339999999,35.0625857,No,1,Unknown,Unknown,,0,False,Evening
Flintville,Tennessee,-86.41971339999999,35.0625857,No,2+,Supernatural,Unknown,,0,False,Dusk
Franklin,Tennessee,-86.8688899,35.9250637,Yes,1,Murder,Unknown,,0,True,Evening
Franklin,Tennessee,-86.8688899,35.9250637,No,1,Supernatural,spirit,"little spirit, girl spirit",1,False,Unknown
Franklin,Tennessee,-86.8688899,35.9250637,Yes,4,Murder,Unknown,,0,False,Dusk
Franklin,Tennessee,-86.8688899,35.9250637,Yes,2,Supernatural,Unknown,,0,False,Dusk
Gallatin,Tennessee,-86.4466599,36.3883809,Yes,1,Supernatural,Unknown,,0,False,Evening
Gatlinburg,Tennessee,-83.5101638,35.714259,No,1,Supernatural,ghost,,1,False,Dusk
Gatlinburg,Tennessee,-83.5101638,35.714259,No,0,Supernatural,spirit demon,,2,False,Dusk
Gatlinburg,Tennessee,-83.5101638,35.714259,Yes,2+,Murder,shadow,,1,False,Evening
Gatlinburg,Tennessee,-83.5101638,35.714259,Yes,2,Murder,Unknown,,0,False,Evening
Gatlinburg,Tennessee,-83.5101638,35.714259,No,1,Unknown,Unknown,,0,False,Dusk
Gatlinburg,Tennessee,-83.5101638,35.714259,Yes,2+,Murder,apparition,,1,False,Unknown
Gatlinburg,Tennessee,-83.5101638,35.714259,No,1+,Supernatural,ghost,,1,False,Evening
Graysville,Tennessee,-85.0844001,35.4470137,No,0,Supernatural,ghost,several ghost,1,False,Dusk
Greeneville,Tennessee,-82.83098609999999,36.1631574,No,0,Unknown,Unknown,,0,False,Unknown
Greeneville,Tennessee,-82.83098609999999,36.1631574,No,1,Murder,Unknown,,0,False,Unknown
Greeneville,Tennessee,-82.83098609999999,36.1631574,Yes,0,Unknown,Unknown,,0,False,Dusk
Greeneville,Tennessee,-82.83098609999999,36.1631574,No,0,Murder,Unknown,,0,False,Morning
Greeneville,Tennessee,-82.83098609999999,36.1631574,Yes,2+,Natural Disaster,Unknown,,0,False,Dusk
Harriman,Tennessee,-84.5524358,35.9339638,No,0,Suicide,Unknown,,0,False,Dusk
Harriman,Tennessee,-84.5524358,35.9339638,Yes,5+,Suicide,orb,,1,True,Morning
Harrison,Tennessee,-85.1380092,35.1136837,No,2+,Murder,Unknown,,0,False,Dusk
Harrogate,Tennessee,-83.65685789999999,36.5823046,Yes,2+,Natural Disaster,Unknown,,0,False,Dusk
Harrogate,Tennessee,-83.65685789999999,36.5823046,Yes,1,Supernatural,Unknown,,0,False,Unknown
Harrogate,Tennessee,-83.65685789999999,36.5823046,No,1,Supernatural,apparition,,1,False,Dusk
Hendersonville,Tennessee,-86.6199957,36.3047735,Yes,2,Supernatural,phantom figure,,2,False,Evening
Hendersonville,Tennessee,-86.6199957,36.3047735,Yes,2,Natural Disaster,Unknown,,0,False,Evening
Hendersonville,Tennessee,-86.6199957,36.3047735,No,1,Supernatural,Unknown,,0,False,Unknown
Henry,Tennessee,-88.4197705,36.2039488,No,1+,Unknown,Unknown,,0,False,Evening
Henry,Tennessee,-88.4197705,36.2039488,No,1,Death,ghost spirit mist,,3,False,Evening
Hickory Valley,Tennessee,-89.1278432,35.1536974,Yes,0,Supernatural,spirit,,1,False,Evening
Huntingdon,Tennessee,-88.4281063,36.0006178,Yes,0,Unknown,Unknown,,0,False,Dusk
Hurricane Mills,Tennessee,-87.781969,35.9711736,Yes,2+,Supernatural,Unknown,,0,False,Dusk
Hurricane Mills,Tennessee,-87.781969,35.9711736,Yes,1,Supernatural,ghost,,1,False,Dusk
Jasper,Tennessee,-85.6260789,35.0742448,No,0,Unknown,Unknown,,0,False,Dusk
Jefferson City,Tennessee,-83.492396,36.122311,No,1,Supernatural,shadow,,1,False,Dusk
Jefferson City,Tennessee,-83.492396,36.122311,No,1,Unknown,Unknown,,0,False,Evening
Jefferson City,Tennessee,-83.492396,36.122311,Yes,1,Suicide,Unknown,,0,False,Dusk
Jefferson City,Tennessee,-83.492396,36.122311,No,0,Murder,Unknown,,0,False,Dusk
Jefferson City,Tennessee,-83.492396,36.122311,Yes,2+,Murder,Unknown,,0,False,Dusk
Jellico,Tennessee,-84.1268741,36.5878591,Yes,1+,Supernatural,Unknown,,0,False,Dusk
Johnson City,Tennessee,-82.3534727,36.3134397,No,0,Suicide,Unknown,,0,False,Morning
Johnson City,Tennessee,-82.3534727,36.3134397,No,0,Supernatural,Unknown,,0,False,Dusk
Johnson City,Tennessee,-82.3534727,36.3134397,Yes,2,Supernatural,ghost,,1,False,Dusk
Johnson City,Tennessee,-82.3534727,36.3134397,No,2+,Supernatural,ghost,,1,False,Dusk
Johnson City,Tennessee,-82.3534727,36.3134397,No,0,Murder,Unknown,,0,False,Dusk
Johnson City,Tennessee,-82.3534727,36.3134397,Yes,0,Death,Unknown,,0,False,Dusk
Johnson County,Tennessee,-81.8224362,36.4585672,No,0,Natural Disaster,apparition,,1,False,Evening
Karns,Tennessee,-84.13295950000001,35.9787718,Yes,0,Murder,shadow,,1,False,Dusk
Kelso,Tennessee,-86.46860389999999,35.125917,No,0,Supernatural,Unknown,,0,False,Evening
Kingsport,Tennessee,-82.5618186,36.548434,Yes,5+,Unknown,witch,,1,False,Dusk
Kingsport,Tennessee,-82.5618186,36.548434,No,2+,Murder,Unknown,,0,False,Evening
Kingsport,Tennessee,-82.5618186,36.548434,No,120,Murder,Unknown,,0,False,Evening
Kingsport,Tennessee,-82.5618186,36.548434,No,2,Murder,Unknown,,0,False,Unknown
Kingsport,Tennessee,-82.5618186,36.548434,Yes,3+,Murder,orb figure,,2,True,Dusk
Knoxville,Tennessee,-83.9207392,35.9606384,Yes,3+,Murder,spirit,,1,True,Dusk
Knoxville,Tennessee,-83.9207392,35.9606384,Yes,2+,Supernatural,Unknown,,0,False,Evening
Knoxville,Tennessee,-83.9207392,35.9606384,No,2+,Death,ghost,,1,False,Dusk
Knoxville,Tennessee,-83.9207392,35.9606384,Yes,1+,Unknown,Unknown,,0,False,Dusk
Knoxville,Tennessee,-83.9207392,35.9606384,No,2+,Supernatural,ghost,,1,False,Dusk
Knoxville,Tennessee,-83.9207392,35.9606384,No,0,Supernatural,Unknown,,0,False,Evening
Knoxville,Tennessee,-83.9207392,35.9606384,No,3+,Supernatural,ghost spirit,,2,False,Dusk
LaFollette,Tennessee,-84.1199472,36.3828852,Yes,3+,Murder,Unknown,,0,False,Dusk
Lancaster,Tennessee,-85.8552893,36.1278556,No,2+,Suicide,Unknown,,0,False,Evening
Lavergne,Tennessee,-86.5819394,36.0156178,No,1+,Supernatural,Unknown,,0,False,Unknown
Lebanon,Tennessee,-86.2911024,36.2081098,Yes,1,Murder,Unknown,,0,False,Evening
Lebanon,Tennessee,-86.2911024,36.2081098,Yes,0,Supernatural,ghost,,1,False,Evening
Lewisburg,Tennessee,-86.7888887,35.4492404,No,2+,Unknown,Unknown,,0,False,Evening
Livingston,Tennessee,-85.3230221,36.3833961,Yes,0,Unknown,Unknown,,0,False,Unknown
Manchester,Tennessee,-86.0885993,35.4817431,Yes,3,Supernatural,ghost spirit,,2,False,Evening
Manchester,Tennessee,-86.0885993,35.4817431,No,1,Supernatural,ghost apparition,,2,False,Evening
Martin,Tennessee,-88.8503379,36.3433965,No,2+,Suicide,Unknown,,0,False,Dusk
Maryville,Tennessee,-83.9704593,35.7564719,Yes,0,Supernatural,ghost,outside ghost,1,False,Dusk
Maryville,Tennessee,-83.9704593,35.7564719,No,0,Unknown,Unknown,,0,False,Evening
Maryville,Tennessee,-83.9704593,35.7564719,No,3,Suicide,ghost,,1,False,Dusk
Mason,Tennessee,-89.5379687,35.4142966,No,0,Unknown,Unknown,,0,False,Morning
McKenzie,Tennessee,-88.5186636,36.1325616,No,1,Supernatural,shadow,,1,False,Dusk
McMinnville,Tennessee,-85.7801453,35.6865889,No,1,Unknown,Unknown,,0,False,Dusk
Medina,Tennessee,-88.7747808,35.8028453,No,0,Murder,Unknown,,0,False,Dusk
Memphis,Tennessee,-90.0489801,35.1495343,No,0,Unknown,Unknown,,0,False,Evening
Memphis,Tennessee,-90.0489801,35.1495343,No,0,Supernatural,presence,evil presence,1,False,Unknown
Memphis,Tennessee,-90.0489801,35.1495343,No,1,Supernatural,spirit,evil spirit,1,False,Unknown
Memphis,Tennessee,-90.0489801,35.1495343,No,0,Unknown,Unknown,,0,False,Evening
Memphis,Tennessee,-90.0489801,35.1495343,No,0,Supernatural,spirit,,1,False,Dusk
Memphis,Tennessee,-90.0489801,35.1495343,No,3+,Murder,Unknown,,0,False,Unknown
Memphis,Tennessee,-90.0489801,35.1495343,No,2+,Supernatural,Unknown,,0,False,Evening
Memphis,Tennessee,-90.0489801,35.1495343,No,2+,Murder,ghost,malicious ghost,1,False,Evening
Memphis,Tennessee,-90.0489801,35.1495343,Yes,3+,Murder,ghost,,1,False,Morning
Memphis,Tennessee,-90.0489801,35.1495343,No,0,Supernatural,ghost presence,,2,False,Dusk
Memphis,Tennessee,-90.0489801,35.1495343,No,2,Supernatural,Unknown,,0,False,Morning
Milligan,Tennessee,-82.295692,36.3023292,No,0,Unknown,Unknown,,0,False,Dusk
Millington,Tennessee,-89.8973084,35.3414744,No,0,Supernatural,ghost,,1,False,Evening
Millington,Tennessee,-89.8973084,35.3414744,No,0,Murder,Unknown,,0,False,Evening
Mount Juliet,Tennessee,-86.5186054,36.200055,No,1,Murder,Unknown,,0,False,Dusk
Monteagle,Tennessee,-85.83969789999999,35.2400807,Yes,5+,Supernatural,spirit,,1,False,Unknown
Morristown,Tennessee,-83.29489219999999,36.2139814,Yes,2+,Supernatural,spirit,,1,False,Dusk
Murfreesboro,Tennessee,-86.39027,35.8456213,No,1,Supernatural,presence,cold presence,1,False,Dusk
Nashville,Tennessee,-86.7816016,36.1626638,No,3,Death,Unknown,,0,False,Dusk
Nashville,Tennessee,-86.7816016,36.1626638,No,2+,Supernatural,ghost,,1,False,Evening
Nashville,Tennessee,-86.7816016,36.1626638,No,1,Death,Unknown,,0,False,Morning
Nashville,Tennessee,-86.7816016,36.1626638,Yes,0,Unknown,Unknown,,0,False,Evening
Nashville,Tennessee,-86.7816016,36.1626638,No,0,Supernatural,poltergeist,,1,False,Dusk
Nashville,Tennessee,-86.7816016,36.1626638,No,3,Unknown,Unknown,,0,False,Dusk
Nashville,Tennessee,-86.7816016,36.1626638,Yes,3+,Supernatural,Unknown,,0,False,Morning
Nashville,Tennessee,-86.7816016,36.1626638,No,1+,Murder,Unknown,,0,False,Morning
Nashville,Tennessee,-86.7816016,36.1626638,No,2,Unknown,Unknown,,0,False,Dusk
Nashville,Tennessee,-86.7816016,36.1626638,No,1+,Supernatural,ghost,,1,False,Dusk
Nashville,Tennessee,-86.7816016,36.1626638,Yes,3+,Supernatural,Unknown,,0,False,Dusk
Nashville,Tennessee,-86.7816016,36.1626638,No,0,Supernatural,entity,evil entity,1,False,Unknown
Neva,Tennessee,-81.86372750000001,36.3931762,No,0,Supernatural,Unknown,,0,False,Dusk
Newport,Tennessee,-83.1876578,35.9670412,Yes,5,Murder,shadow figure,shadow figure,2,True,Dusk
North Chattanooga,Tennessee,-85.3096801,35.0456297,No,0,Supernatural,apparition,,1,False,Dusk
Oak Ridge,Tennessee,-84.26964490000002,36.0103561,Yes,1,Supernatural,figure,,1,False,Unknown
Oak Ridge,Tennessee,-84.26964490000002,36.0103561,No,1+,Murder,Unknown,,0,False,Dusk
Oak Ridge,Tennessee,-84.26964490000002,36.0103561,No,0,Suicide,Unknown,,0,False,Dusk
Oliver Springs,Tennessee,-84.34437179999999,36.0445222,Yes,0,Supernatural,Unknown,,0,False,Dusk
Oliver Springs,Tennessee,-84.34437179999999,36.0445222,No,0,Murder,apparition,,1,False,Morning
Ooltewah,Tennessee,-85.0817091,35.0712154,No,0,Murder,Unknown,,0,False,Unknown
Paris,Tennessee,-88.32671069999999,36.3020023,Yes,0,Supernatural,ghost,,1,False,Evening
Pigeon Forge,Tennessee,-83.55433289999999,35.7884241,No,1,Murder,shadow,,1,False,Evening
Pikeville,Tennessee,-85.1888498,35.6056231,Yes,0,Murder,Unknown,,0,False,Unknown
Powell,Tennessee,-84.027655,36.0318578,Yes,4,Supernatural,figure,,1,False,Dusk
Purdy,Tennessee,-88.530418,35.2277569,Yes,0,Murder,Unknown,,0,False,Dusk
Purdy,Tennessee,-88.530418,35.2277569,No,2+,Supernatural,apparition,,1,False,Evening
Roane,Tennessee,-84.56414699999999,35.836117,No,0,Supernatural,Unknown,,0,False,Unknown
Rockwood,Tennessee,-84.68494,35.8656284,Yes,1,Natural Disaster,Unknown,,0,True,Dusk
Rugby,Tennessee,-84.70077599999999,36.3603531,No,0,Unknown,Unknown,,0,False,Dusk
Rugby,Tennessee,-84.70077599999999,36.3603531,No,0,Supernatural,ghost,,1,False,Morning
Rugby,Tennessee,-84.70077599999999,36.3603531,Yes,2,Supernatural,ghost,,1,False,Evening
Rugby,Tennessee,-84.70077599999999,36.3603531,No,0,Unknown,Unknown,,0,False,Evening
Rugby,Tennessee,-84.70077599999999,36.3603531,No,0,Suicide,Unknown,,0,False,Morning
Russellville,Tennessee,-83.19516759999999,36.25870520000001,Yes,3+,Murder,spirit presence,,2,False,Unknown
Sale Creek,Tennessee,-85.1089368,35.382329,No,1,Supernatural,figure,"glowing figure, white figure, white figure",1,False,Evening
Scarce Creek,Tennessee,-88.33093989999999,35.741187,No,2,Unknown,Unknown,,0,False,Dusk
Scott County,Tennessee,-84.5222189,36.3976209,No,1,Suicide,ghost,,1,False,Morning
Sequatchie County,Tennessee,-85.39627689999999,35.3469428,Yes,0,Suicide,Unknown,,0,False,Dusk
Sevierville,Tennessee,-83.56183500000002,35.8681455,No,2+,Supernatural,spirit apparition,,2,False,Evening
Sevierville,Tennessee,-83.56183500000002,35.8681455,Yes,1,Supernatural,ghost,,1,False,Dusk
Sewanee,Tennessee,-85.9210899,35.2031373,No,3+,Suicide,presence,,1,False,Morning
Sewanee,Tennessee,-85.9210899,35.2031373,No,0,Unknown,Unknown,,0,False,Evening
Sewanee,Tennessee,-85.9210899,35.2031373,No,0,Murder,ghost,,1,False,Evening
Sewanee,Tennessee,-85.9210899,35.2031373,Yes,3+,Unknown,Unknown,,0,False,Dusk
Shelby County,Tennessee,-89.9253233,35.1268552,No,1,Supernatural,Unknown,,0,False,Evening
Shelbyville,Tennessee,-86.46027169999999,35.483406,No,0,Supernatural,apparition,,1,False,Dusk
Shiloh,Tennessee,-88.36170849999999,35.1153617,No,1,Supernatural,ghost spirit,helpful spirit,2,False,Evening
Shiloh,Tennessee,-88.36170849999999,35.1153617,No,0,Supernatural,Unknown,,0,False,Unknown
Shiloh National Military Park,Tennessee,-88.3408499,35.142937,No,0,Supernatural,figure,,1,False,Unknown
Signal Mountain,Tennessee,-85.34384879999999,35.1225727,Yes,1,Murder,Unknown,,0,False,Evening
Signal Mountain,Tennessee,-85.34384879999999,35.1225727,Yes,1,Unknown,Unknown,,0,False,Dusk
Smith County,Tennessee,-85.971322,36.2388468,Yes,5+,Supernatural,Unknown,,0,False,Dusk
Smyrna,Tennessee,-86.5186045,35.9828412,Yes,2,Supernatural,figure,,1,False,Morning
South Pittsburgh,Tennessee,-85.70441489999999,35.0123024,No,1,Supernatural,ghost,,1,False,Unknown
Sumner county,Tennessee,-86.49965460000001,36.4718084,No,2+,Supernatural,orb,"bright orb, white orb",1,True,Evening
Sunbright,Tennessee,-84.6715407,36.2431964,No,1,Murder,Unknown,,0,False,Dusk
Sumner,Tennessee,-86.49965460000001,36.4718084,Yes,3,Supernatural,orb,"large orb, bright orb",1,True,Dusk
Surgoinsville,Tennessee,-82.851829,36.4709298,Yes,3+,Supernatural,Unknown,,0,False,Unknown
Sweetwater,Tennessee,-84.46103939999999,35.6014636,No,2+,Murder,ghost,jaguar ghost,1,False,Dusk
Tiptonville,Tennessee,-89.47201930000001,36.3783984,No,2+,Unknown,Unknown,,0,False,Morning
Triune,Tennessee,-86.6586073,35.8542314,No,1,Supernatural,Unknown,,0,False,Unknown
Tullahoma,Tennessee,-86.20943419999999,35.3620235,Yes,3+,Supernatural,apparition,,1,False,Dusk
Tullahoma,Tennessee,-86.20943419999999,35.3620235,Yes,0,Unknown,Unknown,,0,False,Dusk
Unicoi County,Tennessee,-82.5185837,36.073032,No,0,Supernatural,spirit,,1,False,Dusk
Union County,Tennessee,-83.804868,36.3194272,No,0,Murder,Unknown,,0,False,Morning
Union County,Tennessee,-83.804868,36.3194272,Yes,2+,Unknown,Unknown,,0,False,Dusk
Wartburg,Tennessee,-84.597162,36.1047979,No,0,Murder,ghost,,1,False,Dusk
Wartrace,Tennessee,-86.33360429999999,35.5272954,Yes,5+,Murder,Unknown,,0,False,Evening
Washburn,Tennessee,-83.59555739999999,36.2894746,No,0,Unknown,Unknown,,0,False,Unknown
Washington,Tennessee,-82.5185837,36.3321016,No,2+,Unknown,Unknown,,0,False,Unknown
Washington,Tennessee,-82.5185837,36.3321016,No,1+,Unknown,Unknown,,0,False,Evening
Whitwell,Tennessee,-85.5191323,35.2014631,No,1+,Murder,Unknown,,0,False,Unknown
Alachua,Florida,-82.49442260000001,29.7938144,No,0,Supernatural,figure,,1,False,Evening
Amelia Island,Florida,-81.46085599999999,30.6265697,Yes,10+,Murder,ghost,,1,False,Evening
Anna Maria Island,Florida,-82.7144811,27.5041264,No,1,Supernatural,figure,shadowy figure,1,False,Dusk
Apalachicola,Florida,-84.9832435,29.7257675,Yes,5+,Supernatural,ghost,"good ghost, friendly ghost",1,False,Dusk
Apopka,Florida,-81.5322149,28.6934076,No,1,Supernatural,Unknown,,0,False,Dusk
Apopka,Florida,-81.5322149,28.6934076,Yes,3+,Supernatural,Unknown,,0,False,Unknown
Arcadia,Florida,-81.8584164,27.2158826,No,1+,Murder,ghost spirit,,2,False,Evening
Astor,Florida,-81.5253491,29.1624801,Yes,1,Supernatural,figure,,1,False,Unknown
Auburndale,Florida,-81.7886906,28.0652975,No,2+,Supernatural,Unknown,,0,False,Unknown
Auburndale,Florida,-81.7886906,28.0652975,No,2,Supernatural,ghost,,1,False,Dusk
Babson Park,Florida,-81.5222974,27.8319708,No,3+,Supernatural,shadow,dark shadow,1,False,Evening
Bartow,Florida,-81.8431374,27.8964147,Yes,5+,Murder,apparition,,1,False,Dusk
Bagdad,Florida,-87.0310767,30.5988048,Yes,1,Supernatural,orb,,1,True,Evening
Bellaire,Florida,-82.8062139,27.9358543,Yes,1,Supernatural,Unknown,,0,False,Evening
Black Creek,Florida,-81.7731992,30.064359,Yes,0,Murder,Unknown,,0,False,Dusk
Blackrock,Florida,-80.03805919999999,26.7060044,No,0,Supernatural,Unknown,,0,False,Dusk
Boca Raton,Florida,-80.1289321,26.3683064,Yes,2,Supernatural,ghost,,1,False,Unknown
Boca Raton,Florida,-80.1289321,26.3683064,No,1,Supernatural,orb,,1,False,Unknown
Boca Raton,Florida,-80.1289321,26.3683064,No,1+,Murder,Unknown,,0,False,Dusk
Bowling Green,Florida,-81.8239717,27.6383673,Yes,1,Supernatural,Unknown,,0,False,Unknown
Boynton Beach,Florida,-80.0905465,26.5317866,No,0,Supernatural,spirit apparition figure,,3,False,Dusk
Bradenton,Florida,-82.5748194,27.4989278,No,1,Supernatural,ghost spirit figure,"male figure, black figure",3,False,Unknown
Brandon,Florida,-82.2859247,27.937801,No,0,Supernatural,Unknown,,0,False,Evening
Brevard County,Florida,-80.7214417,28.263933,No,1,Supernatural,Unknown,,0,False,Dusk
Brooksville,Florida,-82.3878709,28.5552719,No,0,Murder,Unknown,,0,False,Dusk
Brooksville,Florida,-82.3878709,28.5552719,No,2+,Supernatural,Unknown,,0,False,Unknown
Brooksville,Florida,-82.3878709,28.5552719,No,1,Unknown,Unknown,,0,False,Unknown
Brooksville,Florida,-82.3878709,28.5552719,Yes,3+,Supernatural,orb mist,,2,True,Evening
Brooksville,Florida,-82.3878709,28.5552719,No,4,Supernatural,Unknown,,0,False,Dusk
Brooksville,Florida,-82.3878709,28.5552719,Yes,3+,Supernatural,spirit,,1,False,Dusk
Brooksville,Florida,-82.3878709,28.5552719,Yes,1+,Supernatural,orb,,1,False,Unknown
Brooksville,Florida,-82.3878709,28.5552719,Yes,1,Supernatural,Unknown,,0,False,Dusk
Captiva Island,Florida,-82.1948171,26.5275781,Yes,3+,Murder,orb presence,,2,True,Dusk
Carol City,Florida,-80.2455912,25.940556,No,1,Supernatural,presence,,1,False,Dusk
Cassadaga,Florida,-81.235894,28.9663755,No,4,Supernatural,spirit,,1,False,Morning
Cassadaga,Florida,-81.235894,28.9663755,No,0,Murder,ghost,interested ghost,1,False,Evening
Cedar Key,Florida,-83.03512119999999,29.1385785,No,0,Supernatural,ghost presence,,2,False,Dusk
Chief land,Florida,-82.8598421,29.4749621,No,2,Supernatural,figure presence,"unknown presence, tall figure, dark figure",2,False,Unknown
Chumuckla,Florida,-87.235985,30.777332,Yes,2+,Murder,ghost orb,,2,True,Evening
,Florida,,,No,0,Unknown,Unknown,,0,False,Unknown
Clearwater,Florida,-82.8001026,27.9658533,Yes,5+,Supernatural,Unknown,,0,False,Evening
Clearwater,Florida,-82.8001026,27.9658533,Yes,3,Supernatural,Unknown,,0,False,Dusk
Coral Gables,Florida,-80.2683838,25.72149,No,3,Supernatural,ghost,,1,False,Dusk
Coral Gables,Florida,-80.2683838,25.72149,No,0,Supernatural,ghost,,1,False,Evening
Coral Gables,Florida,-80.2683838,25.72149,Yes,1,Unknown,Unknown,,0,False,Dusk
Coral Springs,Florida,-80.2706044,26.271192,No,1,Supernatural,Unknown,,0,False,Dusk
Coral Springs,Florida,-80.2706044,26.271192,No,2+,Death,Unknown,,0,False,Evening
Coral Springs,Florida,-80.2706044,26.271192,Yes,3+,Supernatural,Unknown,,0,False,Dusk
Crestview,Florida,-86.5727995,30.7541808,No,1,Supernatural,ghost apparition,,2,False,Morning
Crestview,Florida,-86.5727995,30.7541808,No,3+,Supernatural,apparition,,1,False,Dusk
Crystal Beach,Florida,-82.77920569999999,28.0905039,No,2+,Supernatural,Unknown,,0,False,Unknown
Davie,Florida,-80.25211569999999,26.0764783,No,3+,Suicide,figure,,1,False,Evening
Davie,Florida,-80.25211569999999,26.0764783,No,3+,Murder,presence,,1,False,Morning
Daytona,Florida,-81.0228331,29.2108147,No,0,Murder,Unknown,,0,False,Unknown
Daytona / Orlando,Florida,-81.43929779999999,28.4528621,No,0,Supernatural,phantom,,1,False,Unknown
Daytona Beach,Florida,-81.0228331,29.2108147,No,0,Murder,Unknown,,0,True,Dusk
Daytona Beach,Florida,-81.0228331,29.2108147,No,1,Unknown,Unknown,,0,False,Unknown
DeFuniak Springs,Florida,-86.11521839999999,30.7210227,No,2+,Supernatural,Unknown,,0,False,Dusk
DeFuniak Springs,Florida,-86.11521839999999,30.7210227,No,2+,Supernatural,ghost,,1,False,Dusk
Deltona,Florida,-81.26367379999999,28.9005446,Yes,3+,Supernatural,ghost,,1,False,Dusk
Dunnellon,Florida,-82.46093309999999,29.0491426,No,3,Unknown,Unknown,,0,False,Morning
East Milton,Florida,-87.03968809999999,30.6324149,No,2+,Supernatural,orb,,1,True,Unknown
Eustis,Florida,-81.6853534,28.8527675,Yes,10+,Supernatural,orb presence,,2,False,Unknown
Eustis,Florida,-81.6853534,28.8527675,Yes,5+,Supernatural,spirit figure,female figure,2,False,Evening
Everglades City,Florida,-81.3850695,25.8582443,No,3+,Murder,Unknown,,0,False,Dusk
Fernandina,Florida,-81.46259189999999,30.6696818,No,2+,Murder,ghost,,1,False,Dusk
Fernandina,Florida,-81.46259189999999,30.6696818,Yes,0,Supernatural,spirit witch,Wiccademous spirit,2,False,Dusk
Fernandina Beach,Florida,-81.46259189999999,30.6696818,No,0,Suicide,Unknown,,0,False,Evening
Floral City,Florida,-82.29675809999999,28.7499876,No,1,Supernatural,ghost apparition,,2,False,Evening
Fort Myers,Florida,-81.8723084,26.640628,No,1,Unknown,Unknown,,0,False,Unknown
Fort Pierce,Florida,-80.3256056,27.4467056,Yes,1,Supernatural,phantom,,1,False,Unknown
Fort Pierce,Florida,-80.3256056,27.4467056,No,0,Murder,Unknown,,0,False,Dusk
Fort Pierce,Florida,-80.3256056,27.4467056,No,2,Murder,Unknown,,0,False,Dusk
Fort Pierce,Florida,-80.3256056,27.4467056,Yes,2+,Supernatural,ghost,,1,False,Unknown
Fort Walton Beach,Florida,-86.6170308,30.42007079999999,No,0,Unknown,Unknown,,0,False,Dusk
FortLauderdale,Florida,-80.13731740000001,26.1224386,Yes,1+,Murder,Unknown,,0,False,Morning
Fort Lauderdale,Florida,-80.13731740000001,26.1224386,No,3,Murder,spirit apparition presence,,3,False,Evening
Fort Meade,Florida,-81.8017491,27.7522526,No,2+,Supernatural,ghost,,1,False,Dusk
Fort Pierce,Florida,-80.3256056,27.4467056,No,0,Supernatural,Unknown,,0,False,Morning
Fort Pierce,Florida,-80.3256056,27.4467056,Yes,1,Unknown,Unknown,,0,False,Unknown
Fort Pierce,Florida,-80.3256056,27.4467056,No,1+,Supernatural,figure,"tall figure, male figure, pale figure",1,False,Evening
Flagler,Florida,-81.2518833,29.4086072,No,0,Supernatural,Unknown,,0,False,Dusk
Gainesville,Florida,-82.32482619999999,29.6516344,No,0,Supernatural,orb,,1,False,Dusk
Gainesville,Florida,-82.32482619999999,29.6516344,No,0,Murder,Unknown,,0,False,Unknown
Gainesville,Florida,-82.32482619999999,29.6516344,No,3+,Supernatural,presence,particular presence,1,False,Morning
Gainesville,Florida,-82.32482619999999,29.6516344,Yes,0,Supernatural,Unknown,,0,False,Evening
Gainesville,Florida,-82.32482619999999,29.6516344,No,0,Murder,ghost,violent ghost,1,False,Dusk
Gainesville,Florida,-82.32482619999999,29.6516344,No,2+,Supernatural,figure,ghostly figure,1,False,Evening
Gainesville,Florida,-82.32482619999999,29.6516344,Yes,1,Supernatural,presence,,1,False,Dusk
Gainseville,Florida,-82.32482619999999,29.6516344,No,5+,Supernatural,spirit,,1,False,Dusk
Gainesville,Florida,-82.32482619999999,29.6516344,Yes,2+,Supernatural,Unknown,,0,False,Evening
Gainesville,Florida,-82.32482619999999,29.6516344,Yes,3+,Supernatural,presence,,1,False,Unknown
Graceville,Florida,-85.5165993,30.9568503,No,0,Unknown,Unknown,,0,False,Dusk
Grand Island,Florida,-81.7289657,28.8824885,No,2+,Supernatural,ghost,,1,False,Dusk
Green Cove Springs,Florida,-81.6781467,29.9919085,Yes,3+,Supernatural,apparition shadow,,2,False,Unknown
Hialeah,Florida,-80.2781057,25.8575963,Yes,1+,Supernatural,Unknown,,0,False,Dusk
Hialeah,Florida,-80.2781057,25.8575963,Yes,0,Murder,Unknown,,0,False,Dusk
Hialeah,Florida,-80.2781057,25.8575963,No,1,Supernatural,ghost,,1,False,Evening
Holiday,Florida,-82.73954540000001,28.18779,No,1,Unknown,Unknown,,0,False,Evening
Hollywood,Florida,-80.1494901,26.0112014,No,1,Supernatural,Unknown,,0,False,Evening
Hollywood,Florida,-80.1494901,26.0112014,Yes,0,Supernatural,orb,,1,True,Dusk
Homestead,Florida,-80.4775569,25.4687224,No,2+,Supernatural,figure,,1,False,Evening
Holmes,Florida,-85.80766,30.8740806,No,1,Supernatural,figure,,1,False,Evening
Homestead,Florida,-80.4775569,25.4687224,No,1,Unknown,Unknown,,0,False,Evening
Hudson,Florida,-82.69343429999999,28.3644485,No,3+,Supernatural,shadow orb,black shadow,2,False,Evening
Inverness,Florida,-82.3313955,28.8354507,No,0,Supernatural,Unknown,,0,False,Evening
Jacksonville,Florida,-81.65565099999999,30.3321838,No,2+,Supernatural,ghost,,1,False,Unknown
Jacksonville,Florida,-81.65565099999999,30.3321838,No,1,Natural Disaster,ghost,,1,False,Evening
Jacksonville,Florida,-81.65565099999999,30.3321838,Yes,0,Supernatural,Unknown,,0,False,Dusk
Jacksonville,Florida,-81.65565099999999,30.3321838,No,0,Supernatural,Unknown,,0,False,Unknown
JENSEN BEACH,Florida,-80.22976969999999,27.2544906,Yes,1,Supernatural,Unknown,,0,False,Dusk
Jupiter,Florida,-80.0942087,26.9342246,No,0,Supernatural,Unknown,,0,False,Evening
Jupiter,Florida,-80.0942087,26.9342246,No,2+,Supernatural,Unknown,,0,False,Dusk
Jupiter,Florida,-80.0942087,26.9342246,No,1,Murder,apparition,,1,False,Morning
Kennedy Space Center,Florida,-80.64898079999999,28.5728722,Yes,0,Natural Disaster,ghost,,1,False,Evening
Key West,Florida,-81.7799871,24.5550593,No,0,Supernatural,spirit presence,"malevolent spirit, evil presence",2,False,Dusk
Key West,Florida,-81.7799871,24.5550593,Yes,2+,Murder,ghost spirit,angry spirit,2,False,Dusk
Key West,Florida,-81.7799871,24.5550593,No,3,Supernatural,spirit,,1,True,Dusk
Key West,Florida,-81.7799871,24.5550593,Yes,1,Supernatural,Unknown,,0,False,Evening
Key West,Florida,-81.7799871,24.5550593,Yes,0,Supernatural,Unknown,,0,False,Evening
Kissimmee,Florida,-81.40757099999999,28.2919557,No,1,Unknown,Unknown,,0,False,Unknown
Kissimmee,Florida,-81.40757099999999,28.2919557,No,0,Murder,apparition,,1,False,Dusk
Kissimmee,Florida,-81.40757099999999,28.2919557,No,0,Supernatural,Unknown,,0,False,Dusk
Kissimmee,Florida,-81.40757099999999,28.2919557,No,2,Supernatural,ghost,,1,False,Dusk
Lady Lake,Florida,-81.92286039999999,28.9174855,Yes,0,Murder,entity,white entity,1,False,Unknown
Lake Wales,Florida,-81.58590989999999,27.9014133,No,1,Unknown,Unknown,,0,False,Unknown
Lake Worth,Florida,-80.0684479,26.6167555,No,0,Unknown,Unknown,,0,False,Dusk
Lake Worth,Florida,-80.0684479,26.6167555,Yes,1,Supernatural,Unknown,,0,False,Evening
Lakeland,Florida,-81.9498042,28.0394654,No,2+,Unknown,Unknown,,0,False,Unknown
Lantana,Florida,-80.05198589999999,26.5867358,No,0,Supernatural,ghost,,1,False,Dusk
Leesburg,Florida,-81.87785819999999,28.810823,Yes,2,Unknown,Unknown,,0,False,Unknown
Leesburg,Florida,-81.87785819999999,28.810823,No,2+,Supernatural,ghost,,1,False,Dusk
Lehigh acres,Florida,-81.6248026,26.6253497,No,0,Murder,Unknown,,0,False,Dusk
Long Boat key,Florida,-82.6589881,27.4125417,Yes,2+,Murder,Unknown,,0,False,Dusk
Longwood,Florida,-81.3384011,28.7030519,Yes,3+,Supernatural,Unknown,,0,False,Morning
Maitland,Florida,-81.36312439999999,28.6277767,No,1,Supernatural,Unknown,,0,False,Unknown
Marion County,Florida,-82.12783999999999,29.2787765,No,3+,Supernatural,ghost,,1,False,Evening
Marco Island,Florida,-81.70753549999999,25.9397412,Yes,0,Supernatural,ghost,,1,False,Dusk
Margate,Florida,-80.206436,26.2445263,Yes,1,Supernatural,Unknown,,0,False,Dusk
Melbourne,Florida,-80.60810889999999,28.0836269,Yes,2+,Natural Disaster,Unknown,,0,False,Evening
Melbourne,Florida,-80.60810889999999,28.0836269,No,1,Supernatural,Unknown,,0,False,Evening
Merritt Island,Florida,-80.6659842,28.3180688,No,1,Supernatural,presence,strange presence,1,False,Dusk
Merritt Island,Florida,-80.6659842,28.3180688,No,0,Unknown,Unknown,,0,False,Dusk
Miami,Florida,-80.1917902,25.7616798,No,3+,Supernatural,ghost,,1,False,Dusk
Miami,Florida,-80.1917902,25.7616798,No,2+,Supernatural,ghost shadow,,2,False,Dusk
Miami,Florida,-80.1917902,25.7616798,Yes,0,Supernatural,Unknown,,0,False,Unknown
Miami,Florida,-80.1917902,25.7616798,Yes,3+,Supernatural,spirit,,1,False,Unknown
Miami,Florida,-80.1917902,25.7616798,Yes,0,Supernatural,figure,,1,False,Dusk
Miami,Florida,-80.1917902,25.7616798,Yes,0,Supernatural,apparition,,1,False,Dusk
Miami,Florida,-80.1917902,25.7616798,Yes,1,Supernatural,ghost,,1,False,Evening
Miami,Florida,-80.1917902,25.7616798,Yes,2,Murder,spirit,,1,True,Dusk
Miami,Florida,-80.1917902,25.7616798,Yes,2+,Supernatural,ghost,,1,False,Evening
Miami,Florida,-80.1917902,25.7616798,Yes,0,Supernatural,Unknown,,0,False,Unknown
Miami,Florida,-80.1917902,25.7616798,No,0,Supernatural,Unknown,,0,False,Evening
Micanopy,Florida,-82.2798227,29.504692,No,0,Supernatural,ghost,professional ghost,1,False,Dusk
Milligan,Florida,-86.6407876,30.75241089999999,No,1,Supernatural,Unknown,,0,False,Unknown
Milton,Florida,-87.03968809999999,30.6324149,No,2+,Supernatural,Unknown,,0,False,Morning
Milton,Florida,-87.03968809999999,30.6324149,No,0,Supernatural,shadow,thin shadow,1,True,Dusk
Montverde,Florida,-81.673964,28.6002769,No,200,Supernatural,Unknown,,0,False,Evening
Montverde,Florida,-81.673964,28.6002769,Yes,2+,Supernatural,Unknown,,0,False,Dusk
Naples,Florida,-81.7948103,26.1420358,No,2+,Murder,ghost,,1,False,Morning
Naples,Florida,-81.7948103,26.1420358,No,1,Supernatural,figure witch,dark figure,2,False,Morning
Narcossee,Florida,-81.239167,28.298056,No,1+,Supernatural,ghost,,1,False,Evening
Newberry,Florida,-82.6065023,29.6463535,No,0,Supernatural,shadow orb,,2,False,Unknown
New Smyrna,Florida,-80.9269984,29.0258191,No,0,Unknown,Unknown,,0,False,Dusk
New Smyrna,Florida,-80.9269984,29.0258191,Yes,3+,Supernatural,spirit,,1,False,Evening
North Fort Myers,Florida,-81.8800861,26.6672935,Yes,2+,Supernatural,Unknown,,0,False,Morning
North Fort Myers,Florida,-81.8800861,26.6672935,Yes,4,Supernatural,Unknown,,0,False,Dusk
Ocala,Florida,-82.14009229999999,29.1871986,No,0,Supernatural,Unknown,,0,False,Evening
Ocala,Florida,-82.14009229999999,29.1871986,Yes,3+,Natural Disaster,Unknown,,0,False,Unknown
Ocala,Florida,-82.14009229999999,29.1871986,No,0,Natural Disaster,Unknown,,0,False,Evening
Ocala,Florida,-82.14009229999999,29.1871986,No,0,Unknown,Unknown,,0,False,Dusk
Ocklawaha,Florida,-81.9292505,29.0427592,No,1,Death,Unknown,,0,False,Dusk
Oldsmar,Florida,-82.6650992,28.0341847,Yes,1,Supernatural,Unknown,,0,False,Unknown
Olustee,Florida,-82.42873,30.2041226,Yes,1,Supernatural,orb figure,,2,False,Evening
Orange City,Florida,-81.2986741,28.9488761,No,3+,Suicide,spirit,unhappy spirit,1,False,Dusk
Orange City,Florida,-81.2986741,28.9488761,Yes,2+,Supernatural,ghost,,1,False,Evening
Orange City,Florida,-81.2986741,28.9488761,No,1,Unknown,Unknown,,0,False,Dusk
Orlando,Florida,-81.3792365,28.5383355,No,0,Unknown,Unknown,,0,False,Evening
Orlando,Florida,-81.3792365,28.5383355,Yes,10+,Supernatural,apparition shadow figure,shadow figure,3,False,Dusk
Orlando,Florida,-81.3792365,28.5383355,Yes,0,Supernatural,Unknown,,0,False,Unknown
Orlando,Florida,-81.3792365,28.5383355,No,0,Supernatural,figure,tan figure,1,False,Evening
Orlando,Florida,-81.3792365,28.5383355,No,1+,Supernatural,spirit,,1,False,Morning
Orlando,Florida,-81.3792365,28.5383355,Yes,5+,Suicide,Unknown,,0,False,Unknown
Orlando,Florida,-81.3792365,28.5383355,No,2+,Supernatural,ghost spirit,,2,False,Dusk
Orlando,Florida,-81.3792365,28.5383355,No,0,Murder,spirit,,1,False,Dusk
Orlando,Florida,-81.3792365,28.5383355,Yes,2+,Supernatural,Unknown,,0,False,Dusk
Orlando,Florida,-81.3792365,28.5383355,No,1,Supernatural,Unknown,,0,False,Evening
Orlando,Florida,-81.3792365,28.5383355,Yes,1,Supernatural,apparition,,1,False,Unknown
Orlando,Florida,-81.3792365,28.5383355,Yes,3+,Supernatural,figure,,1,False,Unknown
Orlando,Florida,-81.3792365,28.5383355,No,1,Unknown,Unknown,,0,False,Dusk
Orlando,Florida,-81.3792365,28.5383355,Yes,1,Supernatural,Unknown,,0,True,Evening
Orlando,Florida,-81.3792365,28.5383355,No,0,Supernatural,Unknown,,0,False,Dusk
Orlando,Florida,-81.3792365,28.5383355,Yes,1+,Unknown,Unknown,,0,False,Evening
Orlando,Florida,-81.3792365,28.5383355,Yes,2+,Supernatural,spirit,,1,False,Dusk
Orlando,Florida,-81.3792365,28.5383355,No,1,Supernatural,figure,,1,False,Evening
Orlando,Florida,-81.3792365,28.5383355,No,1,Supernatural,orb,,1,False,Dusk
Orlando,Florida,-81.3792365,28.5383355,No,3+,Unknown,Unknown,,0,False,Unknown
Orlando,Florida,-81.3792365,28.5383355,No,10+,Suicide,ghost,,1,False,Morning
Orlando,Florida,-81.3792365,28.5383355,No,3+,Supernatural,presence,threatening presence,1,False,Dusk
Orlando,Florida,-81.3792365,28.5383355,No,1,Supernatural,apparition,,1,False,Dusk
Orlando,Florida,-81.3792365,28.5383355,No,1,Supernatural,ghost spirit apparition figure presence,"shadowy figure, dangerous spirit",5,False,Evening
Orlando,Florida,-81.3792365,28.5383355,No,1,Supernatural,Unknown,,0,False,Unknown
Orlando,Florida,-81.3792365,28.5383355,No,1+,Supernatural,ghost,,1,False,Unknown
Orlando,Florida,-81.3792365,28.5383355,Yes,0,Supernatural,poltergeist,,1,False,Evening
Orlando,Florida,-81.3792365,28.5383355,No,1,Supernatural,ghost,,1,False,Evening
Orlando,Florida,-81.3792365,28.5383355,No,1,Supernatural,ghost,old ghost,1,False,Evening
Orlando,Florida,-81.3792365,28.5383355,No,1,Unknown,Unknown,,0,False,Evening
Orlando,Florida,-81.3792365,28.5383355,Yes,2+,Supernatural,shadow,,1,False,Dusk
Orlando,Florida,-81.3792365,28.5383355,Yes,3,Supernatural,Unknown,,0,False,Dusk
Pace,Florida,-87.1610807,30.5993603,No,0,Supernatural,orb,,1,False,Dusk
Pace,Florida,-87.1610807,30.5993603,No,1+,Supernatural,Unknown,,0,False,Unknown
Palatka,Florida,-81.6375819,29.6485801,Yes,1,Supernatural,ghost shadow,,2,False,Dusk
Palm Beach,Florida,-80.0364297,26.7056206,No,0,Supernatural,ghost,,1,False,Dusk
Panama City,Florida,-85.6602058,30.1588129,No,1,Supernatural,apparition,smoky apparition,1,False,Dusk
Panama City Beach,Florida,-85.8054879,30.1765914,No,1,Supernatural,ghost,,1,False,Unknown
Parker,Florida,-85.6032594,30.1310353,No,1,Murder,Unknown,,0,False,Dusk
Pembroke Pines,Florida,-80.2962555,26.007765,No,2+,Supernatural,Unknown,,0,False,Dusk
Pensacola,Florida,-87.2169149,30.42130899999999,No,0,Unknown,Unknown,,0,False,Evening
Pensacola,Florida,-87.2169149,30.42130899999999,Yes,5+,Unknown,Unknown,,0,False,Dusk
Pensacola,Florida,-87.2169149,30.42130899999999,No,1,Supernatural,presence,,1,False,Dusk
Pensacola,Florida,-87.2169149,30.42130899999999,No,5+,Natural Disaster,ghost apparition,,2,False,Dusk
Pensacola,Florida,-87.2169149,30.42130899999999,No,1+,Supernatural,Unknown,,0,False,Dusk
Pensacola,Florida,-87.2169149,30.42130899999999,No,1+,Supernatural,Unknown,,0,False,Dusk
Pensacola,Florida,-87.2169149,30.42130899999999,No,0,Murder,ghost,,1,False,Dusk
Pensacola,Florida,-87.2169149,30.42130899999999,No,1,Supernatural,spirit,old spirit,1,False,Dusk
Pensacola,Florida,-87.2169149,30.42130899999999,No,1+,Supernatural,ghost,,1,False,Dusk
Pensacola,Florida,-87.2169149,30.42130899999999,Yes,2+,Supernatural,Unknown,,0,False,Evening
Pensacola/ Dasanai,Florida,,,No,5+,Supernatural,spirit mist,evil spirit,2,False,Dusk
Pine Island,Florida,-82.1115119,26.5957572,Yes,1,Supernatural,Unknown,,0,False,Dusk
Polk,Florida,-81.6911559,27.8617347,Yes,3,Murder,Unknown,,0,False,Morning
Port Charlotte,Florida,-82.09064479999999,26.9761707,Yes,3+,Murder,figure,ghostly figure,1,False,Dusk
Ponce de Leon,Florida,-85.9374357,30.7229671,No,0,Murder,Unknown,,0,False,Dusk
Port St. Lucie,Florida,-80.3582261,27.2730492,Yes,1,Supernatural,Unknown,,0,False,Dusk
Port St. Lucie,Florida,-80.3582261,27.2730492,Yes,2+,Murder,figure,,1,False,Dusk
Port St. Lucie,Florida,-80.3582261,27.2730492,No,0,Supernatural,ghost,,1,False,Evening
Quincy,Florida,-84.59105799999999,30.5880468,No,0,Supernatural,spirit,,1,False,Unknown
Riviera Beach,Florida,-80.0580969,26.7753405,Yes,0,Supernatural,ghost phantom,phantom ghost,2,False,Dusk
Rockledge,Florida,-80.72698539999999,28.3164498,No,0,Murder,ghost,,1,False,Dusk
Safety Harbor,Florida,-82.6931553,27.9908529,Yes,3+,Death,Unknown,,0,False,Dusk
Sanford,Florida,-81.269453,28.8028612,No,0,Supernatural,poltergeist,,1,False,Unknown
Sanford,Florida,-81.269453,28.8028612,No,0,Unknown,Unknown,,0,False,Dusk
Sarasota,Florida,-82.53065269999999,27.3364347,Yes,2+,Supernatural,shadow,,1,False,Evening
Sarasota,Florida,-82.53065269999999,27.3364347,No,1,Natural Disaster,ghost,,1,False,Evening
Sarasota,Florida,-82.53065269999999,27.3364347,No,0,Unknown,Unknown,,0,False,Unknown
Sarasota,Florida,-82.53065269999999,27.3364347,No,1,Murder,apparition,,1,False,Evening
Sebring,Florida,-81.440907,27.495592,No,3+,Murder,Unknown,,0,False,Evening
Sebring,Florida,-81.440907,27.495592,No,2+,Unknown,Unknown,,0,False,Dusk
Shalimar,Florida,-86.5791189,30.4457544,No,0,Supernatural,shadow,,1,False,Evening
Silver Springs,Florida,-82.05614249999999,29.2180314,No,0,Supernatural,apparition,,1,False,Dusk
Silver Springs,Florida,-82.05614249999999,29.2180314,Yes,0,Murder,Unknown,,0,False,Dusk
Spring Hill,Florida,-82.5369872,28.4831682,No,1,Murder,Unknown,,0,False,Evening
Sorrento,Florida,-81.56368379999999,28.80777,Yes,2+,Supernatural,Unknown,,0,False,Dusk
St. Augustine,Florida,-81.31243409999999,29.9012437,No,2,Supernatural,spirit,,1,False,Evening
St. Augustine,Florida,-81.31243409999999,29.9012437,Yes,5+,Suicide,ghost spirit apparition,"unidentified spirit, little spirit, girl spirit",3,False,Unknown
St. Augustine,Florida,-81.31243409999999,29.9012437,No,1,Supernatural,ghost,,1,False,Morning
St. Augustine,Florida,-81.31243409999999,29.9012437,No,1+,Unknown,Unknown,,0,False,Evening
St. Augustine,Florida,-81.31243409999999,29.9012437,Yes,1+,Natural Disaster,Unknown,,0,False,Dusk
St. Augustine,Florida,-81.31243409999999,29.9012437,No,2+,Suicide,ghost spirit,"numerous ghost, most ghost",2,False,Dusk
St. Augustine,Florida,-81.31243409999999,29.9012437,Yes,1,Murder,figure,,1,False,Dusk
St. Augustine,Florida,-81.31243409999999,29.9012437,No,2,Murder,Unknown,,0,False,Evening
St. Augustine,Florida,-81.31243409999999,29.9012437,No,1,Supernatural,spirit orb,,2,True,Dusk
St. Augustine,Florida,-81.31243409999999,29.9012437,No,1,Death,Unknown,,0,False,Morning
St. Augustine,Florida,-81.31243409999999,29.9012437,Yes,3+,Supernatural,shadow entity,shadow entity,2,False,Dusk
St. Augustine,Florida,-81.31243409999999,29.9012437,Yes,1,Supernatural,shadow,,1,False,Dusk
St. Augustine,Florida,-81.31243409999999,29.9012437,No,1,Supernatural,ghost,,1,False,Evening
St. Augustine,Florida,-81.31243409999999,29.9012437,No,1,Natural Disaster,ghost,,1,False,Dusk
St. Augustine,Florida,-81.31243409999999,29.9012437,No,5+,Supernatural,apparition,,1,False,Evening
St. Cloud,Florida,-81.2811801,28.2489016,Yes,3+,Supernatural,Unknown,,0,False,Evening
St. Cloud,Florida,-81.2811801,28.2489016,No,1+,Supernatural,Unknown,,0,False,Dusk
St. Cloud,Florida,-81.2811801,28.2489016,Yes,1,Supernatural,Unknown,,0,False,Dusk
St. Leo,Florida,-82.2578413,28.3382082,No,1,Unknown,Unknown,,0,False,Dusk
St. Petersburg,Florida,-82.6267345,27.7518284,Yes,2+,Supernatural,Unknown,,0,False,Evening
St. Petersburg,Florida,-82.6267345,27.7518284,No,2+,Unknown,Unknown,,0,True,Morning
St. Petersburg,Florida,-82.6267345,27.7518284,No,0,Supernatural,Unknown,,0,False,Dusk
St. Petersburg,Florida,-82.6267345,27.7518284,No,2,Supernatural,apparition,,1,False,Evening
St. Petersburg,Florida,-82.6267345,27.7518284,No,1,Supernatural,ghost,,1,False,Dusk
St. Petersburg,Florida,-82.6267345,27.7518284,No,3+,Murder,ghost,,1,False,Unknown
St. Petersburg,Florida,-82.6267345,27.7518284,No,1,Supernatural,Unknown,,0,False,Dusk
St. Petersburg,Florida,-82.6267345,27.7518284,Yes,3+,Murder,Unknown,,0,False,Evening
St. Petersburg,Florida,-82.6267345,27.7518284,No,3+,Supernatural,Unknown,,0,False,Dusk
St. Petersburg,Florida,-82.6267345,27.7518284,No,4+,Supernatural,spirit,,1,False,Evening
St. Petersburg,Florida,-82.6267345,27.7518284,No,3,Murder,Unknown,,0,False,Dusk
Sunnyside,Florida,-85.96052159999999,30.2575989,No,1,Unknown,Unknown,,0,False,Unknown
Tallahassee,Florida,-84.28073289999999,30.4382559,No,2+,Supernatural,figure,"nude figure, hairy figure, next figure",1,False,Evening
Tallahassee,Florida,-84.28073289999999,30.4382559,Yes,5+,Murder,spirit poltergeist,restless spirit,2,False,Dusk
Tallahassee,Florida,-84.28073289999999,30.4382559,No,1,Supernatural,apparition,,1,False,Evening
Tallahassee,Florida,-84.28073289999999,30.4382559,Yes,5+,Supernatural,Unknown,,0,False,Evening
Tallahassee,Florida,-84.28073289999999,30.4382559,No,2,Supernatural,shadow,,1,False,Evening
Tallahassee,Florida,-84.28073289999999,30.4382559,No,0,Murder,Unknown,,0,False,Dusk
Tallahassee,Florida,-84.28073289999999,30.4382559,No,1+,Unknown,Unknown,,0,False,Morning
Tallahassee,Florida,-84.28073289999999,30.4382559,No,0,Supernatural,ghost,,1,False,Unknown
Tallahassee,Florida,-84.28073289999999,30.4382559,Yes,1+,Supernatural,Unknown,,0,False,Unknown
Tallahassee,Florida,-84.28073289999999,30.4382559,No,0,Supernatural,Unknown,,0,False,Evening
Tallahassee,Florida,-84.28073289999999,30.4382559,No,1,Natural Disaster,Unknown,,0,False,Evening
Tampa,Florida,-82.4571776,27.950575,Yes,5,Supernatural,ghost shadow figure,shadow figure,3,False,Unknown
Tampa,Florida,-82.4571776,27.950575,No,1,Supernatural,Unknown,,0,False,Dusk
Tampa,Florida,-82.4571776,27.950575,No,1,Unknown,Unknown,,0,False,Dusk
Tampa,Florida,-82.4571776,27.950575,No,0,Unknown,Unknown,,0,False,Dusk
Tampa,Florida,-82.4571776,27.950575,No,1,Supernatural,Unknown,,0,False,Dusk
Tampa,Florida,-82.4571776,27.950575,No,0,Supernatural,ghost,,1,False,Dusk
Tampa,Florida,-82.4571776,27.950575,No,0,Suicide,Unknown,,0,False,Dusk
Tampa Hillsbrough,Florida,-82.4571776,27.950575,No,0,Supernatural,ghost,,1,False,Dusk
Tampa,Florida,-82.4571776,27.950575,Yes,3+,Supernatural,Unknown,,0,False,Evening
Tampa,Florida,-82.4571776,27.950575,No,1,Supernatural,apparition,,1,False,Dusk
Tampa,Florida,-82.4571776,27.950575,Yes,1,Suicide,apparition,,1,False,Evening
Tarpon Springs,Florida,-82.7567679,28.1461248,No,0,Supernatural,ghost,,1,False,Dusk
Tarpon Springs,Florida,-82.7567679,28.1461248,No,0,Unknown,Unknown,,0,False,Evening
Tarpon Springs,Florida,-82.7567679,28.1461248,No,0,Unknown,Unknown,,0,False,Unknown
Titusville,Florida,-80.8075537,28.6122187,Yes,1,Supernatural,Unknown,,0,False,Dusk
Treasure Island,Florida,-82.7689906,27.7691937,No,2+,Murder,spirit apparition,,2,False,Evening
Umatilla,Florida,-81.66563049999999,28.9294316,Yes,5+,Supernatural,ghost shadow,,2,False,Dusk
Umatilla,Florida,-81.66563049999999,28.9294316,Yes,5+,Supernatural,ghost spirit orb,inexperienced ghost,3,True,Dusk
Venice,Florida,-82.4542632,27.0997775,Yes,3+,Supernatural,presence,,1,False,Dusk
Wauchula,Florida,-81.8114715,27.5472589,No,2+,Supernatural,Unknown,,0,False,Dusk
Wauchula,Florida,-81.8114715,27.5472589,Yes,2+,Supernatural,Unknown,,0,False,Dusk
West Palm Beach,Florida,-80.0533746,26.7153424,No,3,Supernatural,Unknown,,0,False,Dusk
West Palm Beach,Florida,-80.0533746,26.7153424,No,1,Supernatural,orb mist,,2,True,Unknown
West Palm Beach,Florida,-80.0533746,26.7153424,Yes,0,Supernatural,Unknown,,0,False,Dusk
West Palm Beach,Florida,-80.0533746,26.7153424,No,1,Unknown,Unknown,,0,False,Evening
Williston,Florida,-82.4467705,29.38747,No,1,Unknown,Unknown,,0,False,Dusk
Winter Garden,Florida,-81.58618469999999,28.5652787,No,1,Supernatural,figure,,1,False,Dusk
Winter Haven,Florida,-81.7328567,28.0222435,Yes,0,Unknown,Unknown,,0,False,Dusk
Winter Haven,Florida,-81.7328567,28.0222435,No,2+,Supernatural,Unknown,,0,False,Morning
Winter Park,Florida,-81.33923519999999,28.5999998,No,0,Murder,Unknown,,0,False,Evening
Winter Park,Florida,-81.33923519999999,28.5999998,Yes,5+,Supernatural,Unknown,,0,False,Dusk
Winter Park,Florida,-81.33923519999999,28.5999998,No,3+,Supernatural,ghost,,1,False,Evening
Winter Springs,Florida,-81.30812259999999,28.6988853,No,1+,Unknown,Unknown,,0,False,Unknown
Adrian,Missouri,-94.3516159,38.397518,Yes,5+,Supernatural,Unknown,,0,False,Evening
Agency,Missouri,-94.7399611,39.644718,No,1,Supernatural,ghost,,1,False,Evening
Albany/ New Hampton,Missouri,-94.1932618,40.2609863,No,0,Unknown,Unknown,,0,False,Evening
Alton,Missouri,-91.3993039,36.6942252,Yes,1,Unknown,Unknown,,0,False,Dusk
Arcadia,Missouri,-90.6290109,37.5881058,No,1,Supernatural,orb mist,,2,True,Evening
ARNOLD,Missouri,-90.3776187,38.4328317,No,5+,Supernatural,shadow figure presence,evil presence,3,False,Unknown
Aurora,Missouri,-93.717979,36.970891,No,2+,Supernatural,poltergeist,heavy poltergeist,1,False,Unknown
Auxvasse,Missouri,-91.8971198,39.0180962,Yes,0,Supernatural,ghost,,1,False,Unknown
Bellefontaine,Missouri,-90.2265001,38.7403281,No,0,Supernatural,Unknown,,0,True,Unknown
Belleview,Missouri,-90.7403619,37.687023,Yes,0,Murder,Unknown,,0,False,Evening
Benton,Missouri,-89.5625848,37.0978279,Yes,1,Supernatural,Unknown,,0,False,Evening
Berger,Missouri,-91.338769,38.6742133,Yes,3+,Murder,Unknown,,0,False,Dusk
Blue Springs,Missouri,-94.2816148,39.0169509,No,1,Supernatural,orb,,1,True,Unknown
Bolivar,Missouri,-93.4104749,37.6144838,No,1,Supernatural,figure,black figure,1,False,Dusk
Blackwell -formerly listed in Bonne Terre,Missouri,-90.539077,37.920602,No,0,Supernatural,ghost,,1,False,Dusk
Boonville,Missouri,-92.7432418,38.9736392,No,1,Murder,ghost,,1,False,Dusk
Boonville,Missouri,-92.7432418,38.9736392,Yes,1,Supernatural,ghost shadow,female Ghost,2,False,Evening
Boonville,Missouri,-92.7432418,38.9736392,Yes,1,Unknown,Unknown,,0,False,Dusk
Boonville,Missouri,-92.7432418,38.9736392,No,1,Supernatural,ghost figure,,2,False,Evening
Boonville,Missouri,-92.7432418,38.9736392,No,1,Supernatural,apparition,,1,False,Dusk
Branson,Missouri,-93.2185144,36.6436731,No,0,Murder,Unknown,,0,False,Evening
Branson,Missouri,-93.2185144,36.6436731,No,2+,Unknown,Unknown,,0,False,Dusk
Branson,Missouri,-93.2185144,36.6436731,No,1,Supernatural,ghost,,1,False,Evening
Branson,Missouri,-93.2185144,36.6436731,No,0,Supernatural,ghost apparition,old apparition,2,False,Evening
Branson,Missouri,-93.2185144,36.6436731,No,1+,Unknown,Unknown,,0,False,Dusk
Branson,Missouri,-93.2185144,36.6436731,No,1+,Murder,Unknown,,0,False,Unknown
Braymer,Missouri,-93.796047,39.5869582,No,0,Supernatural,Unknown,,0,False,Dusk
Bridgeton,Missouri,-90.4115057,38.7669954,No,23,Supernatural,ghost,,1,False,Dusk
Brookfield,Missouri,-93.0735348,39.7844687,No,1,Murder,ghost,,1,False,Unknown
Camdenton,Missouri,-92.7446289,38.0080902,Yes,0,Supernatural,apparition,,1,False,Dusk
Cape Girardeau,Missouri,-89.51814759999999,37.3058839,No,0,Supernatural,Unknown,,0,False,Morning
Cape Girardeau,Missouri,-89.51814759999999,37.3058839,Yes,0,Supernatural,shadow,,1,False,Evening
Cape Girardeau,Missouri,-89.51814759999999,37.3058839,Yes,2+,Murder,ghost figure,"own ghost, little ghost",2,False,Dusk
Cape Girardeau,Missouri,-89.51814759999999,37.3058839,Yes,0,Supernatural,Unknown,,0,False,Dusk
Cape Girardeau,Missouri,-89.51814759999999,37.3058839,Yes,2,Supernatural,shadow figure,,2,False,Unknown
Cape Girardeau,Missouri,-89.51814759999999,37.3058839,No,2,Murder,Unknown,,0,False,Evening
Carl Junction,Missouri,-94.5655066,37.1767249,Yes,1,Supernatural,Unknown,,0,False,Evening
Charleston,Missouri,-89.35063099999999,36.9208854,No,0,Murder,ghost,,1,False,Dusk
Chillicothe,Missouri,-93.5524358,39.7952946,Yes,2+,Suicide,orb figure,transparent figure,2,True,Evening
Christian,Missouri,-93.1779659,36.99764400000001,Yes,1+,Murder,specter,,1,False,Dusk
Clayton,Missouri,-90.3237263,38.6425518,Yes,3+,Suicide,Unknown,,0,False,Morning
Clinton,Missouri,-93.7782689,38.3686324,No,1,Supernatural,Unknown,,0,False,Dusk
Clinton,Missouri,-93.7782689,38.3686324,Yes,2+,Supernatural,Unknown,,0,False,Dusk
Columbia,Missouri,-92.3340724,38.9517053,Yes,2+,Natural Disaster,Unknown,,0,False,Unknown
Columbia,Missouri,-92.3340724,38.9517053,No,0,Unknown,Unknown,,0,False,Unknown
Columbia,Missouri,-92.3340724,38.9517053,Yes,3,Unknown,Unknown,,0,False,Evening
Columbia,Missouri,-92.3340724,38.9517053,Yes,2+,Supernatural,Unknown,,0,False,Unknown
Columbia,Missouri,-92.3340724,38.9517053,No,0,Suicide,ghost,,1,False,Morning
Columbia,Missouri,-92.3340724,38.9517053,Yes,2,Murder,ghost,,1,False,Unknown
Columbia,Missouri,-92.3340724,38.9517053,Yes,0,Supernatural,ghost,,1,False,Evening
Creve Coeur,Missouri,-90.422618,38.6608855,Yes,3,Suicide,Unknown,,0,False,Evening
Crocker,Missouri,-92.2637823,37.948928,Yes,1+,Death,Unknown,,0,False,Dusk
Crystal City,Missouri,-90.3790094,38.2211656,Yes,0,Murder,Unknown,,0,False,Evening
Cuba,Missouri,-91.4034833,38.0628225,No,0,Supernatural,ghost,,1,False,Morning
Davisville,Missouri,-91.1851368,37.8078237,No,3+,Supernatural,apparition,,1,False,Evening
Desoto,Missouri,-90.5551258,38.1394978,Yes,2+,Supernatural,Unknown,,0,False,Dusk
Desoto,Missouri,-90.5551258,38.1394978,No,2,Supernatural,ghost,,1,False,Evening
Desoto,Missouri,-90.5551258,38.1394978,Yes,0,Supernatural,Unknown,,0,False,Unknown
Diehlstadt,Missouri,-89.4309109,36.9583841,No,1,Unknown,Unknown,,0,False,Evening
Dixon,Missouri,-92.0937783,37.9917061,Yes,1+,Murder,orb,,1,True,Evening
Doniphan,Missouri,-90.8234551,36.6208917,Yes,2+,Death,witch,,1,False,Dusk
Drexel / Cleveland,Missouri,-94.5388333,38.6351886,No,1,Unknown,Unknown,,0,False,Dusk
Dumas,Missouri,-91.6354393,40.52115089999999,No,1,Murder,ghost spirit presence,dead ghost,3,False,Dusk
Dunklin County,Missouri,-90.055447,36.2364268,No,1+,Unknown,Unknown,,0,False,Evening
East Prairie,Missouri,-89.38562979999999,36.7797776,No,3+,Murder,Unknown,,0,False,Dusk
Eldon,Missouri,-92.5815759,38.34836360000001,No,0,Unknown,Unknown,,0,False,Unknown
Ellisville,Missouri,-90.5870686,38.5925532,No,1+,Unknown,Unknown,,0,False,Dusk
Elsberry,Missouri,-90.7809598,39.1667151,No,3+,Supernatural,Unknown,,0,False,Dusk
Elwood,Missouri,-93.431304,37.2281049,No,0,Murder,Unknown,,0,False,Unknown
Emminence,Missouri,-91.357635,37.1506044,No,0,Unknown,Unknown,,0,False,Evening
Ethel,Missouri,-92.73797170000002,39.8947519,No,2+,Supernatural,mist,,1,False,Dusk
Etterville,Missouri,-92.4701849,38.3675315,Yes,0,Murder,Unknown,,0,False,Dusk
Eureka,Missouri,-90.6279044,38.5025537,No,2,Unknown,Unknown,,0,False,Evening
Eureka,Missouri,-90.6279044,38.5025537,No,4+,Suicide,shadow,,1,False,Morning
Excelsior Springs,Missouri,-94.2260559,39.3391712,No,3+,Supernatural,figure,female figure,1,False,Evening
Excelsior Springs,Missouri,-94.2260559,39.3391712,No,1,Murder,Unknown,,0,False,Morning
Excelsior Springs,Missouri,-94.2260559,39.3391712,No,0,Supernatural,apparition,,1,False,Dusk
Excelsior Springs,Missouri,-94.2260559,39.3391712,Yes,1,Supernatural,figure,Male figure,1,False,Dusk
Excelsior Springs,Missouri,-94.2260559,39.3391712,Yes,1,Supernatural,apparition,,1,False,Evening
Excelsior Springs,Missouri,-94.2260559,39.3391712,No,1,Murder,Unknown,,0,False,Dusk
Excelsior Springs,Missouri,-94.2260559,39.3391712,Yes,3+,Unknown,Unknown,,0,False,Unknown
Fairfax,Missouri,-95.3933136,40.3386088,No,1,Supernatural,Unknown,,0,True,Unknown
Farmington,Missouri,-90.4217895,37.7808846,No,1,Supernatural,ghost,male ghost,1,False,Evening
Farmington,Missouri,-90.4217895,37.7808846,No,1,Supernatural,ghost,,1,True,Unknown
Faucett,Missouri,-94.7988868,39.5997974,Yes,3+,Supernatural,Unknown,,0,False,Unknown
Ferrenburg,Missouri,-89.50063209999999,36.688113,No,0,Supernatural,ghost,,1,False,Morning
Festus,Missouri,-90.3959543,38.2206101,No,2+,Supernatural,ghost,,1,False,Dusk
Festus,Missouri,-90.3959543,38.2206101,No,0,Unknown,Unknown,,0,False,Dusk
Florence,Missouri,-92.9790873,38.5889094,No,0,Murder,ghost,,1,False,Evening
Florissant,Missouri,-90.322614,38.789217,No,1+,Supernatural,orb,,1,False,Dusk
Florissant,Missouri,-90.322614,38.789217,No,3+,Murder,ghost,,1,False,Dusk
Fort Leonard Wood,Missouri,-92.1348413,37.7944939,Yes,1,Supernatural,apparition,tall apparition,1,False,Morning
Fort Leonard Wood,Missouri,-92.1348413,37.7944939,Yes,1,Murder,Unknown,,0,False,Evening
Fort Leonard Wood,Missouri,-92.1348413,37.7944939,No,5+,Unknown,Unknown,,0,False,Unknown
Franklin County,Missouri,-91.135302,38.3953601,No,4,Unknown,mist,,1,False,Morning
Fredericktown,Missouri,-90.2940069,37.55977540000001,Yes,3+,Supernatural,Unknown,,0,False,Dusk
Fulton,Missouri,-91.9479586,38.84670819999999,No,2+,Supernatural,ghost,,1,False,Dusk
Garden City,Missouri,-94.1913332,38.5611247,Yes,0,Murder,Unknown,,0,False,Dusk
Garwood,Missouri,-90.8779014,37.066439,Yes,1,Murder,apparition,,1,False,Evening
Hazelwood,Missouri,-90.3709489,38.7714396,No,1,Supernatural,apparition figure,"shaowy figure, red figure",2,False,Dusk
Higginsville,Missouri,-93.7171621,39.0725121,No,0,Supernatural,Unknown,,0,False,Dusk
Higginsville,Missouri,-93.7171621,39.0725121,No,1+,Supernatural,figure,,1,False,Unknown
Hollister,Missouri,-93.2154587,36.6211735,No,0,Murder,Unknown,,0,False,Evening
Hollister,Missouri,-93.2154587,36.6211735,No,1+,Supernatural,ghost,,1,False,Evening
Hopewell,Missouri,-90.7029064,37.8875499,Yes,0,Supernatural,ghost,,1,False,Unknown
Hornersville,Missouri,-90.1139826,36.0417362,No,0,Supernatural,ghost,,1,False,Dusk
Hornet,Missouri,-94.5571678,36.9620087,No,1+,Supernatural,Unknown,,0,False,Unknown
Horton,Missouri,-94.365228,37.9747569,No,1000+,Supernatural,Unknown,,0,False,Unknown
Independence,Missouri,-94.4155068,39.0911161,Yes,2+,Supernatural,ghost,girl ghost,1,False,Evening
Independence,Missouri,-94.4155068,39.0911161,No,1,Supernatural,Unknown,,0,False,Unknown
Independence,Missouri,-94.4155068,39.0911161,No,3+,Murder,figure,more figure,1,False,Unknown
Independence,Missouri,-94.4155068,39.0911161,No,0,Supernatural,Unknown,,0,False,Evening
Independence,Missouri,-94.4155068,39.0911161,No,0,Suicide,ghost,,1,False,Morning
Jackson,Missouri,-89.6662063,37.3822732,Yes,0,Supernatural,ghost,old ghost,1,False,Dusk
Jackson,Missouri,-89.6662063,37.3822732,No,0,Supernatural,Unknown,,0,False,Dusk
Jefferson City,Missouri,-92.1735164,38.57670170000001,No,4+,Supernatural,ghost,,1,False,Unknown
Jefferson City,Missouri,-92.1735164,38.57670170000001,Yes,3+,Supernatural,Unknown,,0,False,Dusk
Jefferson City,Missouri,-92.1735164,38.57670170000001,No,1,Supernatural,Unknown,,0,False,Dusk
Jefferson City,Missouri,-92.1735164,38.57670170000001,Yes,0,Supernatural,Unknown,,0,False,Dusk
Jericho springs,Missouri,-94.0085518,37.6222649,No,0,Supernatural,Unknown,,0,False,Evening
Joplin,Missouri,-94.513281,37.08422710000001,Yes,1,Supernatural,Unknown,,0,False,Dusk
Joplin,Missouri,-94.513281,37.08422710000001,Yes,3,Supernatural,Unknown,,0,False,Evening
Joplin,Missouri,-94.513281,37.08422710000001,Yes,1,Unknown,Unknown,,0,False,Morning
Joplin,Missouri,-94.513281,37.08422710000001,No,0,Unknown,Unknown,,0,False,Dusk
Joplin,Missouri,-94.513281,37.08422710000001,No,0,Unknown,Unknown,,0,False,Morning
Kansas City,Missouri,-94.5785667,39.0997265,No,1,Supernatural,apparition,,1,False,Unknown
Kansas City,Missouri,-94.5785667,39.0997265,Yes,1,Unknown,Unknown,,0,False,Evening
Kansas City,Missouri,-94.5785667,39.0997265,No,0,Supernatural,apparition,,1,False,Dusk
Kansas City,Missouri,-94.5785667,39.0997265,No,1,Unknown,Unknown,,0,False,Evening
Kansas City,Missouri,-94.5785667,39.0997265,No,1,Unknown,Unknown,,0,False,Evening
Kansas City,Missouri,-94.5785667,39.0997265,No,0,Supernatural,ghost,,1,False,Dusk
Kansas City,Missouri,-94.5785667,39.0997265,No,1,Unknown,Unknown,,0,False,Evening
Kansas City,Missouri,-94.5785667,39.0997265,Yes,0,Murder,Unknown,,0,False,Dusk
Kansas City,Missouri,-94.5785667,39.0997265,No,0,Murder,ghost,,1,False,Unknown
Kansas City,Missouri,-94.5785667,39.0997265,No,1,Supernatural,Unknown,,0,False,Evening
Kansas City,Missouri,-94.5785667,39.0997265,No,0,Unknown,Unknown,,0,False,Dusk
Kansas City,Missouri,-94.5785667,39.0997265,No,4+,Natural Disaster,apparition,,1,False,Dusk
Kansas City,Missouri,-94.5785667,39.0997265,No,0,Supernatural,ghost,,1,False,Dusk
Kansas City,Missouri,-94.5785667,39.0997265,No,1,Supernatural,Unknown,,0,False,Evening
Kansas City,Missouri,-94.5785667,39.0997265,No,1,Supernatural,Unknown,,0,False,Dusk
Kansas City,Missouri,-94.5785667,39.0997265,No,3,Supernatural,spirit,,1,False,Dusk
Kansas City,Missouri,-94.5785667,39.0997265,No,3+,Suicide,apparition,,1,False,Evening
Kansas City,Missouri,-94.5785667,39.0997265,No,2+,Unknown,Unknown,,0,False,Dusk
Kansas City,Missouri,-94.5785667,39.0997265,Yes,1,Supernatural,shadow,,1,False,Evening
Kearney,Missouri,-94.3621703,39.3677802,Yes,2+,Supernatural,Unknown,,0,False,Dusk
Kimberling City,Missouri,-93.4168531,36.6333962,No,0,Supernatural,Unknown,,0,False,Dusk
Kirksville,Missouri,-92.5832496,40.19475389999999,No,1+,Unknown,Unknown,,0,False,Evening
Kirksville,Missouri,-92.5832496,40.19475389999999,No,0,Supernatural,ghost,,1,False,Dusk
Kirksville,Missouri,-92.5832496,40.19475389999999,No,1,Supernatural,ghost,,1,False,Evening
Kirksville,Missouri,-92.5832496,40.19475389999999,No,0,Supernatural,ghost,,1,False,Unknown
Kirkwood,Missouri,-90.406785,38.5833862,No,5+,Murder,spirit shadow,,2,False,Unknown
Knob Noster,Missouri,-93.5585458,38.7666798,No,1,Supernatural,Unknown,,0,False,Unknown
Lamar,Missouri,-94.2766148,37.49504780000001,No,0,Supernatural,ghost,many ghost,1,False,Evening
Lebanon,Missouri,-92.6637865,37.6805967,No,1+,Supernatural,figure,ghostly figure,1,False,Evening
Lebanon,Missouri,-92.6637865,37.6805967,No,0,Supernatural,spirit,,1,True,Dusk
Lebanon,Missouri,-92.6637865,37.6805967,No,1,Unknown,mist,,1,False,Evening
Lebanon,Missouri,-92.6637865,37.6805967,Yes,1,Supernatural,figure,,1,False,Evening
Leeper,Missouri,-90.707778,37.075,No,3+,Supernatural,demon,,1,False,Dusk
Lemons,Missouri,-93.0474297,40.4041832,No,1+,Supernatural,Unknown,,0,True,Morning
Lexington,Missouri,-93.8799426,39.1847339,No,1,Suicide,Unknown,,0,False,Dusk
Lexington,Missouri,-93.8799426,39.1847339,Yes,0,Supernatural,Unknown,,0,False,Dusk
Lexington,Missouri,-93.8799426,39.1847339,No,1,Supernatural,apparition,,1,False,Dusk
Lexington,Missouri,-93.8799426,39.1847339,No,3,Supernatural,Unknown,,0,False,Evening
Lexington,Missouri,-93.8799426,39.1847339,Yes,3+,Supernatural,apparition shadow,dark shadow,2,False,Evening
Lexington,Missouri,-93.8799426,39.1847339,Yes,1,Supernatural,Unknown,,0,False,Evening
Lexington,Missouri,-93.8799426,39.1847339,No,1,Supernatural,figure,single figure,1,False,Dusk
Lexington,Missouri,-93.8799426,39.1847339,No,0,Supernatural,ghost,,1,False,Evening
Lexington,Missouri,-93.8799426,39.1847339,Yes,2+,Unknown,Unknown,,0,False,Dusk
Lexington,Missouri,-93.8799426,39.1847339,Yes,0,Unknown,Unknown,,0,False,Dusk
Lexington,Missouri,-93.8799426,39.1847339,No,1,Supernatural,ghost apparition,,2,False,Dusk
Liberty,Missouri,-94.4191177,39.2461138,No,3,Supernatural,ghost,,1,True,Evening
Liberty,Missouri,-94.4191177,39.2461138,Yes,0,Supernatural,orb,,1,True,Dusk
Manchester,Missouri,-90.5092882,38.5969977,No,0,Supernatural,Unknown,,0,False,Dusk
Marceline,Missouri,-92.9482526,39.7119703,No,1+,Supernatural,figure,"misty figure, white figure",1,False,Evening
Marceline,Missouri,-92.9482526,39.7119703,No,2+,Supernatural,ghost apparition,,2,False,Evening
Macon,Missouri,-92.4726859,39.74225610000001,Yes,1,Murder,Unknown,,0,False,Dusk
Macon,Missouri,-92.4726859,39.74225610000001,Yes,1,Unknown,Unknown,,0,False,Dusk
Maryville,Missouri,-94.8724706,40.3461017,No,1,Supernatural,ghost,same ghost,1,False,Dusk
Maryville,Missouri,-94.8724706,40.3461017,Yes,3+,Murder,figure presence,,2,False,Dusk
Milan,Missouri,-93.125209,40.2022408,No,4,Murder,figure,,1,False,Dusk
Millersburg,Missouri,-92.1235162,38.8986513,Yes,1,Murder,Unknown,,0,False,Unknown
Montgomery,Missouri,-91.4821482,38.9365599,No,0,Supernatural,ghost,,1,False,Dusk
Mount Vernon,Missouri,-93.8185401,37.1036665,No,1,Supernatural,Unknown,,0,False,Dusk
Neosho,Missouri,-94.367996,36.8689554,Yes,1,Supernatural,ghost,many ghost,1,False,Evening
Nevada,Missouri,-94.3546719,37.83920519999999,Yes,3+,Supernatural,Unknown,,0,False,Unknown
Nevada,Missouri,-94.3546719,37.83920519999999,No,4,Supernatural,Unknown,,0,False,Unknown
Nevada,Missouri,-94.3546719,37.83920519999999,No,2+,Natural Disaster,ghost,,1,False,Unknown
Nevada,Missouri,-94.3546719,37.83920519999999,Yes,2,Supernatural,ghost,,1,False,Evening
Nevada,Missouri,-94.3546719,37.83920519999999,No,0,Murder,orb,,1,False,Dusk
New Haven,Missouri,-91.2190416,38.6083822,No,0,Supernatural,Unknown,,0,False,Dusk
New Haven,Missouri,-91.2190416,38.6083822,Yes,3+,Death,spirit apparition,,2,False,Dusk
New Madrid,Missouri,-89.52785469999999,36.5864488,No,3+,Supernatural,Unknown,,0,False,Dusk
Noel,Missouri,-94.485217,36.5456293,No,1,Supernatural,Unknown,,0,False,Evening
Ozark,Missouri,-93.2060163,37.0208865,Yes,1,Supernatural,Unknown,,0,False,Evening
Palmer,Missouri,-90.9959667,37.8394904,No,0,Supernatural,ghost,,1,False,Dusk
Parkville,Missouri,-94.6821806,39.1950029,Yes,1+,Suicide,Unknown,,0,False,Dusk
Parkville,Missouri,-94.6821806,39.1950029,No,2,Supernatural,ghost,,1,False,Dusk
Patterson,Missouri,-90.5509599,37.1885,No,1,Unknown,Unknown,,0,False,Dusk
Peculiar,Missouri,-94.4585625,38.71917639999999,No,0,Unknown,Unknown,,0,False,Evening
Pevely,Missouri,-90.3951204,38.2833879,No,0,Supernatural,Unknown,,0,False,Unknown
Pevely,Missouri,-90.3951204,38.2833879,No,0,Supernatural,Unknown,,0,False,Morning
Platte city,Missouri,-94.7824609,39.3702773,No,0,Death,Unknown,,0,False,Evening
Plattsburg,Missouri,-94.4480059,39.5655549,No,0,Supernatural,ghost,,1,False,Dusk
Plattsburg,Missouri,-94.4480059,39.5655549,Yes,1+,Supernatural,ghost,,1,False,Dusk
Plattsburg,Missouri,-94.4480059,39.5655549,Yes,3+,Supernatural,spirit,former spirit,1,False,Unknown
Pleasant Hill,Missouri,-94.2693911,38.7875094,No,0,Supernatural,Unknown,,0,False,Dusk
Point Lookout,Missouri,-93.239029,36.6185581,No,1,Supernatural,ghost,,1,False,Evening
Poplar Bluff,Missouri,-90.392888,36.7569994,No,0,Murder,ghost,,1,False,Dusk
Poplar Bluff,Missouri,-90.392888,36.7569994,No,1,Supernatural,ghost spirit apparition,,3,False,Unknown
Poplar Bluff,Missouri,-90.392888,36.7569994,Yes,3+,Murder,spirit,,1,False,Dusk
Poplar Bluff,Missouri,-90.392888,36.7569994,Yes,3+,Supernatural,Unknown,,0,False,Dusk
Raytown,Missouri,-94.4635638,39.0086171,Yes,1,Supernatural,Unknown,,0,False,Dusk
Raytown,Missouri,-94.4635638,39.0086171,Yes,3+,Supernatural,Unknown,,0,False,Morning
Reedsprings,Missouri,-93.3779641,36.7497827,No,0,Murder,Unknown,,0,False,Dusk
Rich Hill,Missouri,-94.3610616,38.0964191,Yes,0,Unknown,Unknown,,0,False,Unknown
Richland,Missouri,-92.4043396,37.8569838,Yes,0,Murder,Unknown,,0,False,Evening
Rolla,Missouri,-91.7715303,37.948544,No,1,Supernatural,Unknown,,0,False,Evening
Russellville,Missouri,-92.4401869,38.511696,No,0,Unknown,Unknown,,0,False,Evening
Salem,Missouri,-91.5359808,37.6455993,Yes,3+,Unknown,Unknown,,0,False,Morning
Salem,Missouri,-91.5359808,37.6455993,Yes,2+,Natural Disaster,Unknown,,0,False,Evening
Savannah,Missouri,-94.8302451,39.9416606,Yes,2,Supernatural,ghost,,1,False,Evening
Seanath,Missouri,-90.1598183,36.13423360000001,No,0,Supernatural,Unknown,,0,False,Dusk
Sedalia,Missouri,-93.2282613,38.7044609,Yes,1,Supernatural,Unknown,,0,False,Unknown
Sikeston,Missouri,-89.5878579,36.876719,No,0,Supernatural,Unknown,,0,False,Evening
Sikeston,Missouri,-89.5878579,36.876719,Yes,1+,Unknown,Unknown,,0,False,Dusk
Smithville,Missouri,-94.5810659,39.38694419999999,No,0,Supernatural,Unknown,,0,False,Dusk
Sparta,Missouri,-93.0815678,37.0011646,No,1,Supernatural,Unknown,,0,False,Unknown
Springfield,Missouri,-93.2922989,37.2089572,No,1,Supernatural,spirit,,1,False,Unknown
Springfield,Missouri,-93.2922989,37.2089572,No,0,Supernatural,apparition,,1,False,Dusk
Springfield,Missouri,-93.2922989,37.2089572,No,1,Murder,Unknown,,0,False,Evening
Springfield,Missouri,-93.2922989,37.2089572,No,0,Supernatural,presence,,1,False,Morning
Springfield,Missouri,-93.2922989,37.2089572,No,0,Supernatural,ghost,many ghost,1,False,Unknown
Springfield,Missouri,-93.2922989,37.2089572,No,1,Supernatural,presence,,1,False,Dusk
Springfield,Missouri,-93.2922989,37.2089572,No,2+,Natural Disaster,Unknown,,0,True,Dusk
Springfield,Missouri,-93.2922989,37.2089572,No,1+,Supernatural,ghost,,1,False,Evening
Springfield,Missouri,-93.2922989,37.2089572,No,0,Murder,Unknown,,0,False,Dusk
Springfield,Missouri,-93.2922989,37.2089572,No,0,Supernatural,ghost spirit,,2,False,Evening
Springfield,Missouri,-93.2922989,37.2089572,No,2,Natural Disaster,ghost,,1,False,Dusk
Springfield,Missouri,-93.2922989,37.2089572,No,0,Murder,Unknown,,0,False,Evening
Springfield,Missouri,-93.2922989,37.2089572,Yes,1,Unknown,Unknown,,0,False,Evening
Springfield,Missouri,-93.2922989,37.2089572,No,0,Unknown,Unknown,,0,False,Morning
Springfield,Missouri,-93.2922989,37.2089572,Yes,1,Supernatural,presence,,1,False,Unknown
Springfield,Missouri,-93.2922989,37.2089572,No,0,Supernatural,Unknown,,0,False,Morning
Springfield,Missouri,-93.2922989,37.2089572,Yes,2+,Supernatural,ghost apparition,,2,False,Dusk
Springfield,Missouri,-93.2922989,37.2089572,Yes,0,Unknown,Unknown,,0,False,Evening
Springfield,Missouri,-93.2922989,37.2089572,No,5,Supernatural,Unknown,,0,False,Dusk
St. Charles,Missouri,-90.4974359,38.7881062,Yes,0,Supernatural,Unknown,,0,False,Dusk
St. Charles,Missouri,-90.4974359,38.7881062,Yes,2+,Supernatural,spirit,,1,False,Dusk
St. Charles,Missouri,-90.4974359,38.7881062,No,2+,Supernatural,Unknown,,0,False,Dusk
Ste. Genevieve,Missouri,-90.0475582,37.9786618,Yes,2+,Supernatural,Unknown,,0,False,Evening
St. James,Missouri,-91.6143224,37.9972645,Yes,3+,Supernatural,Unknown,,0,False,Evening
St. Joseph,Missouri,-94.846681,39.7674578,Yes,2+,Unknown,Unknown,,0,False,Dusk
St. Joseph,Missouri,-94.846681,39.7674578,No,2,Supernatural,ghost,mysterious ghost,1,False,Dusk
St. Joseph,Missouri,-94.846681,39.7674578,No,5+,Supernatural,ghost,,1,False,Evening
St. Joseph,Missouri,-94.846681,39.7674578,Yes,3+,Natural Disaster,Unknown,,0,False,Dusk
St. Joseph,Missouri,-94.846681,39.7674578,Yes,5+,Murder,ghost figure,,2,False,Dusk
St. Joseph,Missouri,-94.846681,39.7674578,Yes,16,Supernatural,shadow,,1,False,Dusk
St. Joseph,Missouri,-94.846681,39.7674578,Yes,2+,Supernatural,Unknown,,0,False,Evening
St. Joseph,Missouri,-94.846681,39.7674578,No,0,Supernatural,Unknown,,0,False,Dusk
St. Joseph,Missouri,-94.846681,39.7674578,No,1,Unknown,Unknown,,0,False,Dusk
St. Louis,Missouri,-90.1994042,38.6270025,No,1,Supernatural,spirit,,1,False,Morning
St. Louis,Missouri,-90.1994042,38.6270025,No,0,Unknown,Unknown,,0,False,Evening
St. Louis,Missouri,-90.1994042,38.6270025,Yes,0,Supernatural,ghost,,1,False,Evening
St. Louis,Missouri,-90.1994042,38.6270025,Yes,1,Supernatural,Unknown,,0,False,Morning
St. Louis,Missouri,-90.1994042,38.6270025,No,1,Supernatural,ghost,,1,False,Evening
St. Louis,Missouri,-90.1994042,38.6270025,No,1,Supernatural,Unknown,,0,False,Evening
St. Louis,Missouri,-90.1994042,38.6270025,Yes,3+,Supernatural,presence,,1,False,Unknown
St. Louis,Missouri,-90.1994042,38.6270025,No,1,Supernatural,ghost,,1,False,Dusk
St. Louis,Missouri,-90.1994042,38.6270025,Yes,0,Supernatural,Unknown,,0,False,Evening
St. Louis,Missouri,-90.1994042,38.6270025,No,2+,Unknown,Unknown,,0,False,Dusk
St. Louis,Missouri,-90.1994042,38.6270025,Yes,1,Murder,Unknown,,0,False,Dusk
St. Louis,Missouri,-90.1994042,38.6270025,No,0,Unknown,Unknown,,0,False,Dusk
St. Louis,Missouri,-90.1994042,38.6270025,No,0,Supernatural,presence,eerie presence,1,False,Dusk
St. Louis,Missouri,-90.1994042,38.6270025,No,0,Murder,ghost,,1,False,Evening
St. Louis,Missouri,-90.1994042,38.6270025,Yes,5+,Murder,Unknown,,0,False,Dusk
St. Louis,Missouri,-90.1994042,38.6270025,Yes,3+,Supernatural,ghost spirit,"second spirit, last ghost",2,False,Evening
St. Louis,Missouri,-90.1994042,38.6270025,No,1,Supernatural,figure,,1,False,Unknown
St. Louis,Missouri,-90.1994042,38.6270025,No,1,Unknown,Unknown,,0,False,Unknown
St. Louis,Missouri,-90.1994042,38.6270025,Yes,1,Supernatural,Unknown,,0,False,Dusk
St. Louis,Missouri,-90.1994042,38.6270025,Yes,1,Supernatural,Unknown,,0,False,Dusk
St. Louis,Missouri,-90.1994042,38.6270025,Yes,0,Supernatural,apparition,,1,False,Evening
St. Louis,Missouri,-90.1994042,38.6270025,No,2,Supernatural,spirit,,1,False,Evening
St. Louis,Missouri,-90.1994042,38.6270025,No,1,Supernatural,Unknown,,0,False,Evening
St. Louis,Missouri,-90.1994042,38.6270025,Yes,0,Supernatural,Unknown,,0,False,Evening
Stanberry,Missouri,-94.5382939,40.217771,No,1,Supernatural,Unknown,,0,False,Unknown
Stone,Missouri,-93.4599326,36.7748882,Yes,1,Murder,ghost,,1,False,Evening
Sullivan,Missouri,-91.1604207,38.2081045,No,1+,Supernatural,Unknown,,0,False,Dusk
Sullivan,Missouri,-91.1604207,38.2081045,Yes,0,Supernatural,Unknown,,0,False,Unknown
Susquehanna,Missouri,-94.3863752,39.1173514,No,2,Supernatural,orb,green orb,1,False,Unknown
Tarkio,Missouri,-95.3777586,40.4402763,Yes,2+,Unknown,Unknown,,0,False,Dusk
Tipton,Missouri,-92.7799153,38.655578,No,1,Unknown,Unknown,,0,False,Evening
Troy,Missouri,-90.9806954,38.9794922,Yes,3+,Supernatural,Unknown,,0,False,Unknown
Truxton,Missouri,-91.2398745,39.0019868,Yes,2+,Suicide,shadow figure,dark shadow,2,False,Unknown
Union,Missouri,-91.0084762,38.4500517,No,1,Unknown,Unknown,,0,False,Dusk
Valle Mines,Missouri,-90.4998475,38.0419971,No,1,Supernatural,Unknown,,0,False,Dusk
Van Buren,Missouri,-91.0145714,36.9956066,No,3+,Supernatural,figure,,1,True,Unknown
Van Buren,Missouri,-91.0145714,36.9956066,Yes,4+,Natural Disaster,apparition,,1,False,Evening
Verona,Missouri,-93.7957591,36.9639476,Yes,2+,Supernatural,ghost,,1,False,Dusk
Villa Ridge,Missouri,-90.8868042,38.47255250000001,No,0,Murder,Unknown,,0,False,Unknown
Warrensburg,Missouri,-93.7360498,38.7627893,No,2,Unknown,Unknown,,0,False,Dusk
Warrensburg,Missouri,-93.7360498,38.7627893,No,0,Suicide,Unknown,,0,False,Evening
Warrensburg,Missouri,-93.7360498,38.7627893,No,1,Suicide,ghost shadow,pregnant ghost,2,False,Evening
Warrensburg,Missouri,-93.7360498,38.7627893,No,1,Supernatural,apparition,,1,False,Dusk
Warrensburg,Missouri,-93.7360498,38.7627893,No,1,Supernatural,orb,,1,False,Unknown
Warrensburg,Missouri,-93.7360498,38.7627893,Yes,6+,Supernatural,ghost shadow entity,,3,False,Evening
Washington,Missouri,-91.0120878,38.55810719999999,Yes,5+,Supernatural,spirit apparition,,2,False,Evening
Waynesville,Missouri,-92.2007227,37.8286516,Yes,1,Supernatural,apparition,,1,False,Dusk
Webb City,Missouri,-94.4630035,37.1464475,Yes,3+,Supernatural,Unknown,,0,False,Dusk
Webb City,Missouri,-94.4630035,37.1464475,Yes,2+,Supernatural,Unknown,,0,False,Evening
Webster Grooves,Missouri,-90.3573389,38.5925524,No,1,Natural Disaster,Unknown,,0,False,Dusk
West Plains,Missouri,-91.8523711,36.7281154,Yes,1,Supernatural,Unknown,,0,False,Evening
West Plains,Missouri,-91.8523711,36.7281154,No,0,Supernatural,Unknown,,0,False,Dusk
West Plains,Missouri,-91.8523711,36.7281154,No,1,Supernatural,ghost,,1,False,Dusk
West Plains,Missouri,-91.8523711,36.7281154,No,2+,Murder,Unknown,,0,False,Dusk
Bethany Beach,Delaware,-75.0551806,38.5395564,No,0,Supernatural,ghost,,1,False,Dusk
Delaware City,Delaware,-75.588815,39.5778901,Yes,3+,Supernatural,ghost,recent ghost,1,True,Evening
Delaware City,Delaware,-75.588815,39.5778901,No,1,Supernatural,figure,,1,False,Unknown
Dewey beach,Delaware,-75.0746249,38.6928899,No,0,Unknown,Unknown,,0,False,Dusk
Dover,Delaware,-75.5243682,39.158168,No,1,Supernatural,Unknown,,0,False,Evening
Dover,Delaware,-75.5243682,39.158168,No,0,Supernatural,ghost,,1,False,Dusk
Dover,Delaware,-75.5243682,39.158168,No,4,Supernatural,ghost,,1,False,Dusk
Dover,Delaware,-75.5243682,39.158168,No,0,Supernatural,spirit,angry spirit,1,False,Dusk
Woonsocket,Delaware,-85.9991369,39.905778,No,0,Supernatural,Unknown,,0,False,Unknown
Frankford,Delaware,-75.2349107,38.5173356,No,1,Unknown,Unknown,,0,False,Unknown
Fredrica,Delaware,-75.46575419999999,39.0090017,No,1,Murder,specter,,1,False,Evening
Gumboro,Delaware,-75.365194,38.4776148,Yes,1,Supernatural,figure,,1,False,Evening
Kent County,Delaware,-75.4344727,39.1440612,No,1,Supernatural,figure,,1,False,Evening
Lewes,Delaware,-75.13934979999999,38.7745565,No,2+,Supernatural,ghost orb presence,s ghost,3,False,Evening
Middletown,Delaware,-75.7163207,39.449556,Yes,1+,Supernatural,Unknown,,0,False,Evening
New Castle,Delaware,-75.5668166,39.6620397,No,1,Supernatural,spirit,unknown spirit,1,False,Unknown
New Castle,Delaware,-75.5668166,39.6620397,No,0,Supernatural,ghost,unknown ghost,1,False,Unknown
New castle,Delaware,-75.5668166,39.6620397,No,0,Natural Disaster,spirit,,1,False,Dusk
New Castle County,Delaware,-75.667356,39.5392979,Yes,1,Unknown,Unknown,,0,False,Dusk
Newark,Delaware,-75.74965720000002,39.6837226,Yes,1,Natural Disaster,ghost shadow presence,evil presence,3,False,Dusk
Newark,Delaware,-75.74965720000002,39.6837226,No,1+,Murder,Unknown,,0,False,Dusk
Newark,Delaware,-75.74965720000002,39.6837226,Yes,2+,Supernatural,Unknown,,0,False,Morning
Newark,Delaware,-75.74965720000002,39.6837226,Yes,0,Murder,Unknown,,0,False,Dusk
Newark,Delaware,-75.74965720000002,39.6837226,No,0,Unknown,Unknown,,0,False,Dusk
Newark,Delaware,-75.74965720000002,39.6837226,Yes,5+,Supernatural,Unknown,,0,False,Evening
Seaford,Delaware,-75.6110381,38.6412256,No,0,Supernatural,ghost,other ghost,1,False,Dusk
Selbyville,Delaware,-75.2207437,38.4603917,Yes,1,Supernatural,Unknown,,0,False,Evening
Smyrna,Delaware,-75.6046494,39.2998339,No,2+,Supernatural,orb,,1,True,Evening
Smyrna,Delaware,-75.6046494,39.2998339,Yes,0,Death,spirit figure,,2,False,Unknown
Smyrna,Delaware,-75.6046494,39.2998339,No,1+,Supernatural,Unknown,,0,False,Dusk
Smyrna,Delaware,-75.6046494,39.2998339,No,1,Supernatural,Unknown,,0,False,Dusk
Smyrna,Delaware,-75.6046494,39.2998339,No,1,Natural Disaster,Unknown,,0,False,Dusk
Sussex County,Delaware,-75.4344727,38.65308410000001,Yes,0,Supernatural,Unknown,,0,False,Dusk
Wilmington,Delaware,-75.5397878,39.7390721,Yes,0,Unknown,Unknown,,0,False,Dusk
Wilmington,Delaware,-75.5397878,39.7390721,Yes,0,Supernatural,Unknown,,0,False,Dusk
Wilmington,Delaware,-75.5397878,39.7390721,No,3+,Death,ghost presence,strange presence,2,False,Dusk
Wilmington,Delaware,-75.5397878,39.7390721,No,0,Supernatural,Unknown,,0,False,Evening
Aberdeen,South Dakota,-98.4864829,45.4646985,Yes,3,Supernatural,phantom,,1,False,Dusk
Aberdeen,South Dakota,-98.4864829,45.4646985,Yes,5+,Supernatural,phantom,rare phantom,1,False,Unknown
Belle Fourche,South Dakota,-103.852148,44.6713733,No,1+,Supernatural,shadow,,1,False,Dusk
Brookings,South Dakota,-96.7983877,44.3113573,No,1,Supernatural,spirit,wonderful spirit,1,False,Evening
Custer,South Dakota,-103.5988057,43.7666507,No,2+,Supernatural,Unknown,,0,False,Morning
Deadwood,South Dakota,-103.7296415,44.376651,No,0,Death,Unknown,,0,False,Evening
Deadwood,South Dakota,-103.7296415,44.376651,Yes,0,Supernatural,Unknown,,0,False,Unknown
Deadwood,South Dakota,-103.7296415,44.376651,No,0,Supernatural,presence,,1,False,Dusk
Deadwood,South Dakota,-103.7296415,44.376651,No,1+,Murder,Unknown,,0,False,Evening
Deadwood,South Dakota,-103.7296415,44.376651,No,1,Supernatural,Unknown,,0,False,Dusk
Eagle Butte,South Dakota,-101.2224805,44.9886537,Yes,2+,Supernatural,Unknown,,0,False,Evening
Eagle Butte,South Dakota,-101.2224805,44.9886537,No,1,Supernatural,Unknown,,0,False,Dusk
Ellsworth,South Dakota,-103.0901656,44.1538145,Yes,1,Murder,spirit,,1,False,Dusk
Firesteel,South Dakota,-101.2851477,45.4247065,Yes,1+,Murder,ghost,,1,False,Dusk
Flandreau,South Dakota,-96.595324,44.0494154,No,0,Unknown,Unknown,,0,False,Evening
Fort Pierre,South Dakota,-100.3737447,44.3535933,Yes,0,Supernatural,Unknown,,0,False,Dusk
Fort Thompson,South Dakota,-99.4378846,44.068601,No,0,Supernatural,apparition,,1,False,Dusk
Garretson,South Dakota,-96.5028209,43.7174725,No,1,Unknown,Unknown,,0,False,Morning
Gregory,South Dakota,-99.4292927,43.2355446,No,1,Supernatural,Unknown,,0,False,Unknown
Gregory,South Dakota,-99.4292927,43.2355446,No,0,Supernatural,ghost orb,,2,False,Dusk
Hill City,South Dakota,-103.575193,43.9324855,No,1,Supernatural,Unknown,,0,False,Evening
Hill City,South Dakota,-103.575193,43.9324855,Yes,1,Supernatural,Unknown,,0,False,Dusk
Hill City,South Dakota,-103.575193,43.9324855,Yes,1,Supernatural,apparition,,1,False,Dusk
Hill City,South Dakota,-103.575193,43.9324855,Yes,1,Supernatural,Unknown,,0,False,Dusk
Hill City,South Dakota,-103.575193,43.9324855,No,0,Supernatural,poltergeist,,1,False,Dusk
Hot Springs,South Dakota,-103.4743625,43.431646,No,1,Supernatural,spirit,,1,False,Dusk
Isabel,South Dakota,-101.429593,45.3941475,Yes,0,Supernatural,Unknown,,0,False,Evening
Isabel,South Dakota,-101.429593,45.3941475,Yes,2+,Unknown,Unknown,,0,False,Dusk
Isabel,South Dakota,-101.429593,45.3941475,No,1,Supernatural,figure,,1,False,Evening
Isabel,South Dakota,-101.429593,45.3941475,No,5+,Supernatural,Unknown,,0,False,Evening
Keystone,South Dakota,-103.4182455,43.8955436,Yes,1+,Supernatural,shadow,many shadow,1,False,Dusk
Keystone,South Dakota,-103.4182455,43.8955436,No,1+,Supernatural,figure,,1,True,Unknown
Little Eagle,South Dakota,-100.7942851,45.6812596,No,3+,Supernatural,ghost spirit,,2,False,Unknown
McLaughlin,South Dakota,-100.8104113,45.8144431,No,0,Supernatural,Unknown,,0,False,Dusk
McLaughlin,South Dakota,-100.8104113,45.8144431,Yes,1,Supernatural,Unknown,,0,False,Dusk
McLaughlin,South Dakota,-100.8104113,45.8144431,No,0,Supernatural,ghost,,1,False,Evening
McLaughlin,South Dakota,-100.8104113,45.8144431,Yes,1,Murder,ghost,,1,False,Evening
McLaughlin,South Dakota,-100.8104113,45.8144431,No,1,Death,ghost,,1,False,Dusk
Midland,South Dakota,-101.1554178,44.0716539,Yes,1,Supernatural,Unknown,,0,False,Dusk
Mission,South Dakota,-100.6581944,43.3058368,Yes,0,Murder,ghost spirit,,2,False,Morning
Mitchell,South Dakota,-98.0297992,43.7094283,No,1,Natural Disaster,Unknown,,0,False,Evening
Mitchel,South Dakota,-98.0297992,43.7094283,Yes,2,Supernatural,Unknown,,0,False,Dusk
Mobridge,South Dakota,-100.4279129,45.5372162,Yes,0,Unknown,Unknown,,0,False,Dusk
Pierre,South Dakota,-100.3509665,44.3683156,No,1,Supernatural,orb,,1,True,Dusk
Pine ridge,South Dakota,-102.7445233,43.27309,Yes,2,Supernatural,Unknown,,0,False,Dusk
Pine Ridge,South Dakota,-102.7445233,43.27309,No,1,Supernatural,Unknown,,0,False,Dusk
Pine Ridge Reservation,South Dakota,-102.7445233,43.27309,Yes,3,Supernatural,ghost spirit,,2,False,Dusk
Pine Ridge,South Dakota,-102.7445233,43.27309,No,2,Unknown,Unknown,,0,False,Unknown
Old Agency,South Dakota,-97.0612817,45.6091675,Yes,2+,Murder,Unknown,,0,False,Dusk
Rapid City,South Dakota,-103.2310149,44.0805434,Yes,4+,Supernatural,ghost,,1,False,Dusk
Rapid City,South Dakota,-103.2310149,44.0805434,No,0,Supernatural,figure,,1,False,Evening
Rapid City,South Dakota,-103.2310149,44.0805434,Yes,3+,Supernatural,Unknown,,0,False,Evening
Rapid City,South Dakota,-103.2310149,44.0805434,No,0,Murder,spirit,best spirit,1,False,Morning
Rapid City,South Dakota,-103.2310149,44.0805434,No,2+,Supernatural,shadow figure,,2,False,Unknown
Rapid City,South Dakota,-103.2310149,44.0805434,Yes,3+,Supernatural,ghost apparition,,2,False,Dusk
Rapid City,South Dakota,-103.2310149,44.0805434,No,3,Supernatural,ghost figure,,2,False,Morning
Rapid City,South Dakota,-103.2310149,44.0805434,Yes,5+,Supernatural,ghost apparition poltergeist,,3,False,Dusk
Rock Creek (Bullhead),South Dakota,-101.0806929,45.7655532,Yes,6+,Supernatural,Unknown,,0,False,Dusk
Roscoe,South Dakota,-99.3387279,45.4485879,Yes,2+,Supernatural,Unknown,,0,False,Unknown
Salem,South Dakota,-97.388953,43.7241455,Yes,0,Supernatural,Unknown,,0,False,Dusk
Sioux Falls,South Dakota,-96.7311034,43.5445959,Yes,1,Murder,ghost,,1,False,Morning
Sioux Falls,South Dakota,-96.7311034,43.5445959,No,0,Unknown,Unknown,,0,False,Dusk
Sioux Falls,South Dakota,-96.7311034,43.5445959,No,1+,Murder,spirit orb,occasional orb,2,False,Unknown
Sioux Falls,South Dakota,-96.7311034,43.5445959,Yes,3,Supernatural,ghost,,1,False,Dusk
Sioux Falls,South Dakota,-96.7311034,43.5445959,Yes,1,Unknown,Unknown,,0,False,Dusk
Spearfish,South Dakota,-103.8593697,44.4908172,Yes,3+,Unknown,Unknown,,0,False,Morning
Springfield,South Dakota,-97.8972907,42.8541657,No,1,Supernatural,Unknown,,0,False,Dusk
St. Francis,South Dakota,-100.9051874,43.1429794,No,2+,Supernatural,Unknown,,0,True,Dusk
Vermillion/Meckling,South Dakota,-97.0682397,42.8119553,Yes,1,Suicide,ghost,,1,False,Unknown
Wakpala,South Dakota,-100.5363712,45.6571949,No,1,Supernatural,Unknown,,0,False,Dusk
Wall,South Dakota,-102.2415477,43.9924889,Yes,0,Natural Disaster,ghost,,1,False,Evening
Yankton,South Dakota,-97.3972813,42.87110879999999,Yes,1+,Supernatural,shadow,,1,False,Unknown
Yankton,South Dakota,-97.3972813,42.87110879999999,No,1+,Supernatural,Unknown,,0,False,Unknown
Yankton,South Dakota,-97.3972813,42.87110879999999,No,0,Supernatural,Unknown,,0,False,Evening
Yankton,South Dakota,-97.3972813,42.87110879999999,No,3,Supernatural,figure,white figure,1,False,Unknown
Baxterville,Mississippi,-89.590278,31.083889,No,0,Supernatural,Unknown,,0,False,Unknown
Biloxi,Mississippi,-88.88530779999999,30.3960318,Yes,1,Supernatural,figure,"tall figure, white figure",1,False,Dusk
Biloxi,Mississippi,-88.88530779999999,30.3960318,No,3,Suicide,spirit,,1,False,Dusk
Biloxi,Mississippi,-88.88530779999999,30.3960318,No,3,Supernatural,spirit presence,uncomfortable presence,2,False,Evening
Biloxi,Mississippi,-88.88530779999999,30.3960318,No,2+,Supernatural,spirit presence,,2,False,Unknown
Bogue Chitto,Mississippi,-88.92701819999999,32.8433575,No,1,Supernatural,Unknown,,0,False,Dusk
Columbus,Mississippi,-88.4272627,33.4956744,Yes,1,Supernatural,Unknown,,0,False,Dusk
Columbus,Mississippi,-88.4272627,33.4956744,No,0,Murder,Unknown,,0,False,Evening
Columbus,Mississippi,-88.4272627,33.4956744,No,1,Supernatural,ghost,,1,False,Dusk
Columbus,Mississippi,-88.4272627,33.4956744,No,1,Supernatural,ghost,,1,False,Dusk
Columbus,Mississippi,-88.4272627,33.4956744,Yes,1,Supernatural,Unknown,,0,False,Dusk
Corinth,Mississippi,-88.5222702,34.9342548,Yes,1,Unknown,Unknown,,0,False,Unknown
Crystal Springs,Mississippi,-90.3570353,31.987378,Yes,5,Supernatural,figure,,1,False,Unknown
Dekalb,Mississippi,-88.6508784,32.7676329,Yes,1,Supernatural,specter,,1,False,Evening
Ellisville,Mississippi,-89.1956142,31.6040538,No,0,Murder,Unknown,,0,False,Dusk
Gautier,Mississippi,-88.6116854,30.385755,No,0,Supernatural,Unknown,,0,False,Dusk
Gulfport,Mississippi,-89.0928155,30.3674198,No,2+,Supernatural,ghost,,1,False,Evening
Hattiesburg,Mississippi,-89.29033919999999,31.3271189,No,0,Murder,Unknown,,0,False,Dusk
Heidelberg,Mississippi,-88.98394189999999,31.8868224,Yes,0,Supernatural,Unknown,,0,False,Evening
Hernando,Mississippi,-89.9937018,34.823987,Yes,3+,Supernatural,ghost,,1,False,Evening
Houston,Mississippi,-88.99922670000001,33.8984461,Yes,10+,Supernatural,ghost,,1,False,Dusk
J.S.,Mississippi,-90.2059233,31.3648962,No,1,Unknown,Unknown,,0,False,Evening
Jackson,Mississippi,-90.1848103,32.2987573,Yes,3,Unknown,Unknown,,0,False,Dusk
Jackson,Mississippi,-90.1848103,32.2987573,No,0,Unknown,Unknown,,0,False,Dusk
Jackson,Mississippi,-90.1848103,32.2987573,Yes,1,Unknown,Unknown,,0,False,Dusk
Kosciusko,Mississippi,-89.58757639999999,33.0576295,No,3+,Unknown,Unknown,,0,False,Evening
Laurel,Mississippi,-89.1306124,31.6940509,No,0,Supernatural,spirit,,1,False,Dusk
Laurel,Mississippi,-89.1306124,31.6940509,Yes,3+,Unknown,Unknown,,0,False,Evening
Madison,Mississippi,-90.1153638,32.4618086,No,1,Supernatural,ghost,,1,False,Evening
Magee,Mississippi,-89.7336852,31.8737712,No,0,Supernatural,presence,,1,False,Dusk
Mantachie,Mississippi,-88.4911595,34.3242707,No,1,Supernatural,figure,,1,False,Evening
Meridian,Mississippi,-88.703656,32.3643098,Yes,0,Supernatural,Unknown,,0,False,Evening
Meridian,Mississippi,-88.703656,32.3643098,Yes,1,Supernatural,ghost spirit,other spirit,2,False,Dusk
Meridian,Mississippi,-88.703656,32.3643098,No,2+,Murder,Unknown,,0,False,Dusk
Monticello,Mississippi,-90.1073079,31.5537807,No,2+,Supernatural,Unknown,,0,False,Dusk
MoonValley,Mississippi,-88.7492643,33.6047998,No,0,Unknown,Unknown,,0,False,Unknown
Brooklyn,Mississippi,-89.18937199999999,31.0567942,No,5+,Supernatural,ghost,,1,False,Dusk
Natchez,Mississippi,-91.403171,31.5604442,Yes,3+,Murder,ghost,,1,False,Dusk
Natchez,Mississippi,-91.403171,31.5604442,No,100,Supernatural,Unknown,,0,False,Evening
Natchez,Mississippi,-91.403171,31.5604442,No,1,Supernatural,ghost,,1,False,Dusk
Ocean Springs,Mississippi,-88.8278057,30.4113097,Yes,5+,Supernatural,Unknown,,0,False,Dusk
Ocean Springs,Mississippi,-88.8278057,30.4113097,No,0,Supernatural,ghost,"lady ghost, white ghost",1,False,Evening
Oxford,Mississippi,-89.5192484,34.3664951,No,1,Supernatural,ghost,,1,False,Dusk
Oxford,Mississippi,-89.5192484,34.3664951,Yes,3+,Murder,Unknown,,0,False,Dusk
Pascagoula,Mississippi,-88.5561272,30.3657552,Yes,0,Unknown,Unknown,,0,False,Evening
Pascagoula,Mississippi,-88.5561272,30.3657552,No,0,Supernatural,Unknown,,0,False,Dusk
Pass Christian,Mississippi,-89.2475429,30.3157527,No,1,Supernatural,ghost,,1,False,Evening
Philadelphia,Mississippi,-89.1167275,32.7715227,No,2+,Murder,spirit,,1,False,Dusk
Picayune,Mississippi,-89.67950839999999,30.5254692,No,0,Unknown,Unknown,,0,False,Dusk
Picayune,Mississippi,-89.67950839999999,30.5254692,No,1,Unknown,Unknown,,0,False,Dusk
Polkville,Mississippi,-89.69257309999999,32.1937606,No,0,Supernatural,Unknown,,0,False,Evening
Pontotoc,Mississippi,-88.998673,34.2478831,Yes,2,Supernatural,Unknown,,0,False,Dusk
Thaxton,Mississippi,-89.1781251,34.3076058,No,1,Unknown,Unknown,,0,False,Evening
Tupelo,Mississippi,-88.7033859,34.2576066,No,4,Supernatural,ghost,,1,False,Evening
Tupelo,Mississippi,-88.7033859,34.2576066,No,0,Supernatural,ghost,,1,False,Morning
Tupelo,Mississippi,-88.7033859,34.2576066,No,0,Supernatural,Unknown,,0,False,Dusk
Vicksburg,Mississippi,-90.877882,32.3526456,Yes,0,Natural Disaster,figure,,1,False,Evening
Tylertown,Mississippi,-90.1420331,31.1160119,No,0,Supernatural,Unknown,,0,False,Evening
Vancleave,Mississippi,-88.6875237,30.5404745,No,3,Death,Unknown,,0,False,Dusk
Vicksburg,Mississippi,-90.877882,32.3526456,No,3,Supernatural,Unknown,,0,False,Dusk
Vicksburg,Mississippi,-90.877882,32.3526456,No,1,Unknown,Unknown,,0,False,Evening
Vicksburg,Mississippi,-90.877882,32.3526456,No,1000+,Supernatural,ghost spirit,,2,False,Evening
Vicksburg,Mississippi,-90.877882,32.3526456,Yes,1,Murder,Unknown,,0,False,Morning
Amston,Connecticut,-72.343059,41.6254198,No,0,Unknown,Unknown,,0,False,Dusk
Ansonia,Connecticut,-73.07899689999999,41.34620779999999,No,1,Unknown,Unknown,,0,False,Dusk
Ansonia,Connecticut,-73.07899689999999,41.34620779999999,No,2+,Supernatural,ghost,,1,False,Unknown
Ansonia,Connecticut,-73.07899689999999,41.34620779999999,Yes,7+,Supernatural,figure,,1,False,Unknown
Ansonia,Connecticut,-73.07899689999999,41.34620779999999,Yes,1+,Supernatural,Unknown,,0,False,Unknown
Avon,Connecticut,-72.8305154,41.8096201,No,1,Unknown,Unknown,,0,False,Morning
Bara,Connecticut,-86.098433,39.9871625,No,1+,Supernatural,orb,,1,False,Dusk
Berlin,Connecticut,-72.7456519,41.621488,Yes,0,Unknown,Unknown,,0,False,Dusk
Berlin,Connecticut,-72.7456519,41.621488,Yes,0,Suicide,Unknown,,0,False,Dusk
Bethel,Connecticut,-73.41396209999999,41.3712283,No,0,Supernatural,apparition,,1,False,Dusk
Bethel,Connecticut,-73.41396209999999,41.3712283,Yes,0,Natural Disaster,ghost,,1,False,Dusk
Bethel,Connecticut,-73.41396209999999,41.3712283,No,2+,Supernatural,orb,,1,True,Dusk
Bethel,Connecticut,-73.41396209999999,41.3712283,Yes,2+,Unknown,Unknown,,0,False,Dusk
Bloomfield,Connecticut,-72.73009449999999,41.826488,No,3+,Supernatural,ghost figure,,2,False,Unknown
Branford,Connecticut,-72.81411849999999,41.2799027,Yes,1,Supernatural,Unknown,,0,False,Unknown
Bridgeport,Connecticut,-73.19517669999999,41.1865478,No,0,Supernatural,Unknown,,0,False,Evening
Bridgeport,Connecticut,-73.19517669999999,41.1865478,No,0,Supernatural,shadow,,1,False,Dusk
Bridgeport,Connecticut,-73.19517669999999,41.1865478,Yes,1,Murder,Unknown,,0,False,Dusk
Bristol,Connecticut,-72.9492703,41.67176480000001,No,2+,Supernatural,ghost spirit apparition,,3,True,Evening
Bristol,Connecticut,-72.9492703,41.67176480000001,No,5+,Suicide,ghost,,1,False,Dusk
Bristol,Connecticut,-72.9492703,41.67176480000001,No,0,Supernatural,Unknown,,0,False,Evening
Bristol,Connecticut,-72.9492703,41.67176480000001,Yes,1,Supernatural,Unknown,,0,False,Dusk
Bristol,Connecticut,-72.9492703,41.67176480000001,Yes,3,Supernatural,ghost,,1,False,Morning
Bristol,Connecticut,-72.9492703,41.67176480000001,No,1,Suicide,ghost,,1,False,Dusk
Bristol and Plymouth Town lines,Connecticut,-72.9861923,41.6538325,Yes,1+,Death,Unknown,,0,False,Dusk
Brooklyn,Connecticut,-71.9497216,41.7881236,No,1+,Murder,Unknown,,0,False,Dusk
Burlington,Connecticut,-72.9648388,41.7691235,No,0,Unknown,mist,"green mist, green mist",1,False,Evening
Burlington,Connecticut,-72.9648388,41.7691235,No,2,Supernatural,apparition orb,,2,False,Unknown
Burlington,Connecticut,-72.9648388,41.7691235,Yes,2+,Unknown,Unknown,,0,False,Unknown
Clinton,Connecticut,-72.5288034,41.2882208,Yes,1,Supernatural,Unknown,,0,False,Dusk
Colchester,Connecticut,-72.3320051,41.5756728,No,1,Supernatural,ghost,,1,False,Evening
Colchester,Connecticut,-72.3320051,41.5756728,No,40,Supernatural,apparition orb figure,,3,True,Unknown
Cornwall Bridge,Connecticut,-73.3707551,41.8187793,Yes,3+,Supernatural,orb presence,,2,False,Unknown
Coventry,Connecticut,-72.3393021,41.78468,Yes,3,Supernatural,ghost,,1,False,Dusk
Danbury,Connecticut,-73.4540111,41.394817,No,3+,Supernatural,orb figure mist,,3,False,Dusk
Danbury,Connecticut,-73.4540111,41.394817,No,2,Supernatural,ghost,,1,False,Evening
Danbury,Connecticut,-73.4540111,41.394817,Yes,0,Supernatural,apparition,,1,True,Dusk
Derby,Connecticut,-73.0889973,41.3206523,Yes,1,Supernatural,apparition,,1,False,Unknown
Derby,Connecticut,-73.0889973,41.3206523,No,2,Supernatural,figure,,1,False,Evening
Derby,Connecticut,-73.0889973,41.3206523,No,1,Unknown,Unknown,,0,False,Dusk
Derby,Connecticut,-73.0889973,41.3206523,No,5,Natural Disaster,Unknown,,0,False,Unknown
Derby,Connecticut,-73.0889973,41.3206523,Yes,3+,Supernatural,figure,,1,False,Unknown
East Granby,Connecticut,-72.7273158,41.9412081,No,1,Murder,Unknown,,0,False,Dusk
East Haddam,Connecticut,-72.4757767,41.5034351,Yes,2+,Supernatural,apparition,,1,False,Unknown
East Hartford,Connecticut,-72.6128339,41.7634219,No,1,Supernatural,Unknown,,0,False,Dusk
East Haven,Connecticut,-72.8684565,41.2841687,Yes,0,Supernatural,Unknown,,0,False,Unknown
East Haven,Connecticut,-72.8684565,41.2841687,Yes,1,Supernatural,figure,,1,False,Unknown
East Windsor,Connecticut,-72.5578799,41.9161361,No,0,Unknown,Unknown,,0,False,Dusk
Easton,Connecticut,-73.2966405,41.27120559999999,Yes,3,Natural Disaster,ghost,,1,False,Evening
Enfield,Connecticut,-72.5441445,42.0027181,No,1,Supernatural,Unknown,,0,False,Morning
Fairfield,Connecticut,-73.2612615,41.1408363,No,1,Supernatural,figure,,1,False,Dusk
Fairfield,Connecticut,-73.2612615,41.1408363,No,0,Supernatural,Unknown,,0,False,Dusk
Fairfield,Connecticut,-73.2612615,41.1408363,Yes,2+,Suicide,ghost,,1,False,Dusk
Fairfield,Connecticut,-73.2612615,41.1408363,Yes,1,Supernatural,spirit,,1,False,Dusk
Fairfield,Connecticut,-73.2612615,41.1408363,No,1,Unknown,Unknown,,0,False,Unknown
Farmington,Connecticut,-72.79502699999999,41.7360305,Yes,1,Supernatural,spirit orb entity,,3,True,Dusk
Glastonbury,Connecticut,-72.5450779,41.6861794,No,0,Supernatural,Unknown,,0,False,Morning
Glastonbury,Connecticut,-72.5450779,41.6861794,Yes,1+,Supernatural,witch,,1,False,Evening
Groton,Connecticut,-72.0790717,41.3497456,No,2+,Supernatural,Unknown,,0,False,Evening
Groton,Connecticut,-72.0790717,41.3497456,No,3+,Murder,presence,,1,False,Evening
Groton,Connecticut,-72.0790717,41.3497456,No,0,Unknown,Unknown,,0,False,Dusk
Hamden,Connecticut,-72.9026064,41.3838782,No,0,Unknown,Unknown,,0,False,Dusk
Hamden,Connecticut,-72.9026064,41.3838782,No,1+,Supernatural,figure,,1,False,Dusk
Hartford,Connecticut,-72.6850932,41.76371109999999,Yes,3+,Unknown,Unknown,,0,False,Dusk
Hartford,Connecticut,-72.6850932,41.76371109999999,Yes,1,Supernatural,ghost,,1,False,Evening
Hartford,Connecticut,-72.6850932,41.76371109999999,Yes,3+,Supernatural,ghost spirit witch,"first witch, local ghost",3,False,Dusk
Kensington,Connecticut,-72.7687083,41.6353769,No,1,Supernatural,Unknown,,0,False,Dusk
Kensington,Connecticut,-72.7687083,41.6353769,No,1,Supernatural,ghost,angry ghost,1,False,Unknown
Killingworth,Connecticut,-72.5645602,41.3581869,No,0,Murder,ghost,,1,False,Dusk
Killingworth,Connecticut,-72.5645602,41.3581869,No,1+,Supernatural,ghost,,1,False,Dusk
Killingworth,Connecticut,-72.5645602,41.3581869,No,2,Supernatural,ghost,,1,False,Dusk
Newtown,Connecticut,-73.3035651,41.4141172,No,0,Supernatural,Unknown,,0,False,Evening
Lampson Corner,Connecticut,-72.97121539999999,41.7425983,No,1+,Supernatural,apparition,,1,False,Evening
Litchfield,Connecticut,-73.1887165,41.7472642,No,0,Supernatural,Unknown,,0,False,Dusk
Litchfield,Connecticut,-73.1887165,41.7472642,No,1,Supernatural,orb,,1,True,Dusk
Litchfield,Connecticut,-73.1887165,41.7472642,Yes,2+,Supernatural,ghost,clear ghost,1,False,Unknown
Manchester,Connecticut,-72.52150089999999,41.7759301,Yes,1,Unknown,Unknown,,0,False,Unknown
Manchester,Connecticut,-72.52150089999999,41.7759301,Yes,5+,Supernatural,apparition orb,,2,False,Dusk
Manfields,Connecticut,-72.2292913,41.788489,No,0,Supernatural,orb,,1,True,Dusk
Meriden,Connecticut,-72.80704349999999,41.5381535,No,0,Murder,Unknown,,0,False,Dusk
Meriden,Connecticut,-72.80704349999999,41.5381535,No,0,Murder,ghost,legendary ghost,1,False,Dusk
Meriden,Connecticut,-72.80704349999999,41.5381535,Yes,0,Supernatural,orb,,1,True,Dusk
Meriden,Connecticut,-72.80704349999999,41.5381535,No,1,Death,Unknown,,0,False,Dusk
Meriden,Connecticut,-72.80704349999999,41.5381535,Yes,3+,Murder,Unknown,,0,False,Dusk
Middlebury,Connecticut,-73.12761069999999,41.5278742,No,1,Murder,Unknown,,0,False,Evening
Middletown,Connecticut,-72.6506488,41.5623209,Yes,0,Natural Disaster,mist,,1,False,Dusk
Middletown,Connecticut,-72.6506488,41.5623209,Yes,0,Murder,Unknown,,0,False,Dusk
Milford,Connecticut,-73.064036,41.2306979,Yes,4+,Murder,ghost spirit phantom specter,,4,False,Unknown
Milford,Connecticut,-73.064036,41.2306979,No,1,Unknown,Unknown,,0,False,Dusk
Monroe,Connecticut,-73.2073358,41.3325962,No,5+,Supernatural,ghost,,1,False,Dusk
Moodus,Connecticut,-72.4500867,41.5028768,Yes,0,Supernatural,Unknown,,0,False,Evening
Naugatuck,Connecticut,-73.0506972,41.485921,Yes,3+,Supernatural,Unknown,,0,False,Unknown
New Britain,Connecticut,-72.7795419,41.6612104,No,1,Murder,ghost,,1,False,Unknown
New Haven,Connecticut,-72.9278835,41.308274,No,1,Supernatural,Unknown,,0,False,Evening
New Haven,Connecticut,-72.9278835,41.308274,Yes,1+,Supernatural,spirit,,1,True,Dusk
New Haven,Connecticut,-72.9278835,41.308274,Yes,1,Supernatural,Unknown,,0,False,Dusk
New Haven,Connecticut,-72.9278835,41.308274,Yes,3+,Supernatural,presence,evil presence,1,False,Morning
New Haven,Connecticut,-72.9278835,41.308274,No,1,Supernatural,apparition,,1,False,Dusk
New Haven,Connecticut,-72.9278835,41.308274,No,2+,Supernatural,orb figure,,2,False,Dusk
New Haven,Connecticut,-72.9278835,41.308274,No,1,Unknown,Unknown,,0,False,Dusk
New Haven,Connecticut,-72.9278835,41.308274,Yes,5+,Supernatural,ghost orb,,2,True,Dusk
New Haven,Connecticut,-72.9278835,41.308274,No,1,Supernatural,figure,black figure,1,False,Dusk
New Haven,Connecticut,-72.9278835,41.308274,No,2+,Murder,spirit,,1,False,Dusk
New London,Connecticut,-72.0995209,41.3556539,Yes,3+,Supernatural,Unknown,,0,False,Evening
New London,Connecticut,-72.0995209,41.3556539,No,0,Supernatural,Unknown,,0,False,Evening
New London,Connecticut,-72.0995209,41.3556539,No,0,Supernatural,Unknown,,0,False,Dusk
New London,Connecticut,-72.0995209,41.3556539,Yes,1,Supernatural,witch,,1,False,Unknown
New London,Connecticut,-72.0995209,41.3556539,No,2+,Supernatural,Unknown,,0,False,Dusk
New Milford,Connecticut,-73.4085463,41.5770433,Yes,1,Supernatural,figure,,1,False,Unknown
Newington,Connecticut,-72.7228293,41.6972996,Yes,0,Suicide,orb figure,,2,False,Dusk
Newtown,Connecticut,-73.3035651,41.4141172,No,1+,Supernatural,ghost figure,,2,False,Dusk
North Branford,Connecticut,-72.7673198,41.3275971,Yes,1,Unknown,Unknown,,0,False,Evening
North Branford,Connecticut,-72.7673198,41.3275971,Yes,1,Supernatural,orb,,1,False,Unknown
North Haven,Connecticut,-72.8595447,41.39091390000001,No,1,Murder,Unknown,,0,False,Dusk
Norfolk,Connecticut,-73.2020577,41.9939828,No,1,Unknown,Unknown,,0,False,Evening
Norfolk,Connecticut,-73.2020577,41.9939828,Yes,1,Unknown,Unknown,,0,False,Dusk
North Haven,Connecticut,-72.8595447,41.39091390000001,No,0,Natural Disaster,ghost,deceased Ghost,1,False,Dusk
Norwich,Connecticut,-72.07591049999999,41.5242649,Yes,1,Supernatural,Unknown,,0,False,Dusk
Norwalk,Connecticut,-73.4081575,41.11774399999999,No,1,Unknown,mist,"grayish mist, white mist",1,False,Dusk
Oakdale,Connecticut,-72.15938419999999,41.4832665,No,3+,Supernatural,Unknown,,0,True,Dusk
Old Wethersfield,Connecticut,-72.6860349,41.6759115,No,1,Supernatural,orb,,1,True,Unknown
Orange,Connecticut,-73.0265277,41.278637,No,2+,Natural Disaster,Unknown,,0,False,Unknown
Oxford,Connecticut,-73.1168393,41.4338203,No,0,Murder,phantom,,1,False,Dusk
Plainfield,Connecticut,-71.91507299999999,41.6764876,No,0,Murder,Unknown,,0,False,Unknown
Portland,Connecticut,-72.6408139,41.5726229,Yes,0,Unknown,Unknown,,0,False,Dusk
Preston,Connecticut,-72.01125979999999,41.5224785,No,0,Supernatural,Unknown,,0,False,Dusk
Putnam,Connecticut,-71.8689917,41.90460119999999,No,0,Unknown,Unknown,,0,False,Unknown
Putnam,Connecticut,-71.8689917,41.90460119999999,No,0,Supernatural,shadow orb,black shadow,2,True,Dusk
Redding,Connecticut,-73.392898,41.30453989999999,No,1,Supernatural,orb,,1,False,Evening
Salem,Connecticut,-72.275359,41.4903761,No,0,Supernatural,apparition,,1,True,Evening
Salem,Connecticut,-72.275359,41.4903761,No,0,Supernatural,ghost spirit,,2,False,Morning
Seymour,Connecticut,-73.07475339999999,41.397146,No,0,Supernatural,Unknown,,0,False,Dusk
Seymaur,Connecticut,-73.07475339999999,41.397146,No,1,Murder,ghost,,1,False,Dusk
Shelton,Connecticut,-73.0931641,41.3164856,Yes,1,Supernatural,shadow figure,dark shadow,2,False,Unknown
Shelton,Connecticut,-73.0931641,41.3164856,No,5,Murder,Unknown,,0,False,Unknown
Shelton,Connecticut,-73.0931641,41.3164856,Yes,1,Supernatural,figure,white figure,1,False,Unknown
Simsbury,Connecticut,-72.82791499999999,41.8540094,No,1,Supernatural,spirit,,1,False,Evening
Simsbury,Connecticut,-72.82791499999999,41.8540094,No,1,Supernatural,mist,white mist,1,False,Evening
Somers,Connecticut,-72.44607979999999,41.9851929,No,2+,Murder,Unknown,,0,False,Dusk
Somers,Connecticut,-72.44607979999999,41.9851929,No,5+,Supernatural,figure,,1,False,Unknown
Southington,Connecticut,-72.8776013,41.5964869,No,3+,Death,ghost demon,,2,False,Evening
Stratford,Connecticut,-73.1331651,41.18454149999999,No,5,Supernatural,spirit demon witch,,3,False,Dusk
Stratford,Connecticut,-73.1331651,41.18454149999999,No,1,Supernatural,Unknown,,0,True,Dusk
Stafford Springs,Connecticut,-72.3162523,41.984407,No,0,Supernatural,ghost figure,,2,False,Dusk
Stepney,Connecticut,-73.2542823,41.3039849,No,0,Supernatural,ghost,,1,True,Evening
Sterling/Voluntown,Connecticut,-71.8215184,41.6373979,Yes,3+,Murder,ghost orb presence,"heavy presence, ominous presence",3,False,Dusk
Storrs,Connecticut,-72.24952309999999,41.8084314,Yes,1,Unknown,Unknown,,0,False,Dusk
Suffield,Connecticut,-72.7017741,41.9915062,No,1,Supernatural,shadow,,1,False,Unknown
Thomaston,Connecticut,-73.0724037,41.6743343,Yes,3+,Supernatural,orb presence,,2,False,Dusk
Thomaston,Connecticut,-73.0724037,41.6743343,No,2+,Natural Disaster,ghost,,1,False,Unknown
Tolland,Connecticut,-72.3686931,41.8714865,No,4,Supernatural,entity presence,,2,False,Dusk
Torrington,Connecticut,-73.1211715,41.8003049,No,2+,Unknown,Unknown,,0,False,Dusk
Torrington,Connecticut,-73.1211715,41.8003049,No,3+,Murder,Unknown,,0,False,Dusk
Torrington,Connecticut,-73.1211715,41.8003049,No,4,Supernatural,ghost,,1,False,Evening
Unionville,Connecticut,-72.8888458,41.7602365,Yes,0,Supernatural,apparition orb,,2,False,Dusk
Voluntown,Connecticut,-71.8683346,41.5725461,No,0,Unknown,Unknown,,0,False,Dusk
Wallingford,Connecticut,-72.8230736,41.4570108,Yes,2,Supernatural,Unknown,,0,False,Unknown
Wallingford,Connecticut,-72.8230736,41.4570108,Yes,2+,Unknown,Unknown,,0,False,Evening
Wallingford,Connecticut,-72.8230736,41.4570108,No,3+,Murder,Unknown,,0,False,Dusk
Wallingford,Connecticut,-72.8230736,41.4570108,No,3+,Murder,Unknown,,0,False,Dusk
Wallingford,Connecticut,-72.8230736,41.4570108,Yes,5+,Supernatural,Unknown,,0,False,Evening
Wallingford,Connecticut,-72.8230736,41.4570108,No,3,Supernatural,Unknown,,0,False,Unknown
Wallingford,Connecticut,-72.8230736,41.4570108,No,1,Supernatural,ghost,,1,True,Evening
Waterbury,Connecticut,-73.0514965,41.5581525,No,5+,Supernatural,phantom,,1,False,Dusk
Watertown,Connecticut,-73.11833969999999,41.6062042,No,1,Supernatural,Unknown,,0,False,Dusk
Watertown,Connecticut,-73.11833969999999,41.6062042,Yes,0,Supernatural,orb,,1,False,Evening
Watertown,Connecticut,-73.11833969999999,41.6062042,No,3+,Supernatural,presence,,1,False,Morning
West Hartford,Connecticut,-72.7420151,41.7620842,No,0,Murder,ghost,,1,False,Unknown
West Hartford,Connecticut,-72.7420151,41.7620842,No,2+,Supernatural,ghost orb,,2,False,Unknown
West Hartford,Connecticut,-72.7420151,41.7620842,Yes,1,Supernatural,ghost,,1,False,Dusk
West Haven,Connecticut,-72.9469711,41.2705484,Yes,1+,Supernatural,ghost orb,,2,False,Evening
West Haven,Connecticut,-72.9469711,41.2705484,Yes,1,Supernatural,Unknown,,0,False,Evening
West Haven,Connecticut,-72.9469711,41.2705484,No,0,Supernatural,phantom,,1,False,Unknown
West Haven,Connecticut,-72.9469711,41.2705484,Yes,1+,Unknown,Unknown,,0,False,Evening
West Haven,Connecticut,-72.9469711,41.2705484,Yes,0,Supernatural,presence,,1,False,Unknown
Westbrook,Connecticut,-72.4641563,41.2959741,Yes,1,Natural Disaster,Unknown,,0,False,Evening
Westport,Connecticut,-73.3579049,41.1414717,No,0,Supernatural,orb,,1,True,Evening
Wethersfield,Connecticut,-72.6596244,41.7063537,No,0,Unknown,Unknown,,0,False,Evening
Winchester,Connecticut,-73.111356,41.9357632,No,1,Supernatural,Unknown,,0,False,Evening
Winchester,Connecticut,-73.111356,41.9357632,No,1+,Supernatural,ghost,,1,False,Dusk
Winchester,Connecticut,-73.111356,41.9357632,No,1,Supernatural,Unknown,,0,False,Evening
Winchester,Connecticut,-73.111356,41.9357632,Yes,1+,Supernatural,Unknown,,0,False,Dusk
Windham,Connecticut,-72.1570219,41.6998208,Yes,0,Murder,witch,,1,False,Dusk
Windsor,Connecticut,-72.64370219999999,41.8525984,Yes,3+,Suicide,spirit,,1,False,Morning
Woodbury,Connecticut,-73.2090025,41.5445404,No,3+,Supernatural,spirit,"unwanting spirit, strong spirit",1,False,Evening
Alexandria,Minnesota,-95.3776663,45.8848164,No,2,Unknown,Unknown,,0,False,Evening
Annandale,Minnesota,-94.1241667,45.2611111,No,1,Supernatural,ghost,little ghost,1,False,Dusk
Anoka,Minnesota,-93.3871758,45.1977428,Yes,1+,Murder,spirit,,1,False,Dusk
Anoka,Minnesota,-93.3871758,45.1977428,No,2+,Murder,Unknown,,0,False,Morning
Anoka,Minnesota,-93.3871758,45.1977428,No,1,Supernatural,Unknown,,0,False,Unknown
Anoka,Minnesota,-93.3871758,45.1977428,Yes,1,Unknown,Unknown,,0,False,Dusk
Apple Valley,Minnesota,-93.21772,44.7319094,Yes,1,Murder,Unknown,,0,False,Evening
Apple Valley,Minnesota,-93.21772,44.7319094,No,1+,Murder,Unknown,,0,False,Evening
Apple Valley,Minnesota,-93.21772,44.7319094,No,1,Supernatural,Unknown,,0,False,Dusk
Apple Valley,Minnesota,-93.21772,44.7319094,No,0,Supernatural,figure,,1,False,Evening
Aurora,Minnesota,-92.2371208,47.5299252,Yes,3,Natural Disaster,Unknown,,0,False,Dusk
Bayport,Minnesota,-92.7777989,45.01888779999999,No,0,Supernatural,ghost,,1,False,Dusk
Blaine,Minnesota,-93.2349489,45.1607987,Yes,1,Supernatural,Unknown,,0,False,Evening
Bloomington,Minnesota,-93.2982799,44.840798,No,0,Unknown,Unknown,,0,False,Evening
Bloomington,Minnesota,-93.2982799,44.840798,Yes,1,Unknown,Unknown,,0,False,Dusk
Breckenridge,Minnesota,-96.5869443,46.26277779999999,No,2+,Natural Disaster,spirit,,1,False,Unknown
Brooklyn Center,Minnesota,-93.3327283,45.076076,Yes,3+,Supernatural,Unknown,,0,False,Unknown
Brooklyn Park,Minnesota,-93.3563405,45.0941315,Yes,0,Supernatural,Unknown,,0,False,Dusk
Brooklyn Park,Minnesota,-93.3563405,45.0941315,Yes,1,Supernatural,Unknown,,0,False,Evening
Buffalo,Minnesota,-93.8747929,45.1717846,No,1,Supernatural,Unknown,,0,False,Dusk
Burnsville,Minnesota,-93.2777226,44.7677424,No,5,Supernatural,ghost apparition,,2,False,Unknown
Burnsville,Minnesota,-93.2777226,44.7677424,Yes,1,Supernatural,Unknown,,0,False,Dusk
Chanhassen,Minnesota,-93.5323103,44.86196450000001,No,0,Supernatural,ghost spirit,,2,False,Evening
Chanhassen,Minnesota,-93.5323103,44.86196450000001,No,1,Supernatural,figure,ghostly figure,1,False,Unknown
Cloquet,Minnesota,-92.4611825,46.7217735,No,3+,Supernatural,spirit figure,white figure,2,False,Unknown
Columbia heights,Minnesota,-93.2474098,45.0481968,No,1+,Suicide,Unknown,,0,False,Dusk
Cottage Grove,Minnesota,-92.9438218,44.8277446,No,1,Supernatural,spirit,,1,False,Dusk
Cottage Grove,Minnesota,-92.9438218,44.8277446,No,0,Unknown,Unknown,,0,False,Dusk
Crookston,Minnesota,-96.6093911,47.7745617,Yes,1,Supernatural,apparition,,1,False,Unknown
Crosby,Minnesota,-93.9577611,46.4821848,No,0,Murder,Unknown,,0,False,Evening
Delano,Minnesota,-93.7891331,45.0419073,Yes,0,Murder,Unknown,,0,False,Dusk
Delano,Minnesota,-93.7891331,45.0419073,Yes,0,Supernatural,ghost,,1,False,Dusk
Delano,Minnesota,-93.7891331,45.0419073,No,0,Suicide,Unknown,,0,False,Dusk
Duluth,Minnesota,-92.1004852,46.78667189999999,Yes,5+,Murder,spirit figure,,2,False,Evening
Duluth,Minnesota,-92.1004852,46.78667189999999,No,0,Murder,presence,,1,False,Dusk
Duluth,Minnesota,-92.1004852,46.78667189999999,Yes,3+,Suicide,Unknown,,0,False,Dusk
Duluth,Minnesota,-92.1004852,46.78667189999999,No,1,Murder,ghost,,1,False,Dusk
Duluth,Minnesota,-92.1004852,46.78667189999999,No,2+,Supernatural,Unknown,,0,False,Unknown
Duluth,Minnesota,-92.1004852,46.78667189999999,No,2+,Supernatural,Unknown,,0,False,Morning
Duluth,Minnesota,-92.1004852,46.78667189999999,No,2,Murder,Unknown,,0,False,Dusk
Duluth,Minnesota,-92.1004852,46.78667189999999,Yes,2+,Supernatural,figure,tall figure,1,False,Evening
Duluth,Minnesota,-92.1004852,46.78667189999999,No,2+,Unknown,Unknown,,0,False,Evening
Duluth,Minnesota,-92.1004852,46.78667189999999,Yes,0,Murder,presence,,1,False,Dusk
Duluth,Minnesota,-92.1004852,46.78667189999999,No,2+,Supernatural,figure,"white figure, shadowy figure",1,False,Unknown
Eagan,Minnesota,-93.1668858,44.8041322,No,0,Supernatural,figure,,1,False,Evening
Elysian,Minnesota,-93.673838,44.1985771,Yes,3,Supernatural,Unknown,,0,False,Unknown
Embarrass,Minnesota,-92.1979466,47.6590897,No,1+,Murder,Unknown,,0,False,Dusk
Eveleth,Minnesota,-92.5399063,47.46242789999999,No,2+,Unknown,Unknown,,0,False,Dusk
Faribault,Minnesota,-93.268827,44.2949636,No,3+,Supernatural,ghost spirit,"Many ghost, black ghost",2,False,Unknown
Forest City,Minnesota,-94.4663558,45.2063414,No,1,Unknown,Unknown,,0,False,Dusk
Grove City,Minnesota,-94.6805418,45.1493224,Yes,1,Supernatural,apparition,,1,False,Evening
Hastings,Minnesota,-92.8513706,44.7443293,No,0,Supernatural,ghost,,1,False,Evening
Hastings,Minnesota,-92.8513706,44.7443293,No,0,Supernatural,Unknown,,0,False,Dusk
Hibbing,Minnesota,-92.9376887,47.42715459999999,No,1,Supernatural,ghost apparition,,2,True,Unknown
Hibbing,Minnesota,-92.9376887,47.42715459999999,No,0,Unknown,Unknown,,0,False,Dusk
Hoyt Lakes,Minnesota,-92.1385071,47.5196465,No,0,Unknown,Unknown,,0,False,Dusk
Hutchinson,Minnesota,-94.3692926,44.89254830000001,Yes,0,Murder,ghost,,1,False,Evening
Kandiyohi,Minnesota,-94.93138890000002,45.13194439999999,Yes,1,Murder,Unknown,,0,False,Dusk
Kimball,Minnesota,-94.2972055,45.3125517,Yes,2,Supernatural,Unknown,,0,False,Evening
Lake Elmo,Minnesota,-92.8793768,44.9957998,No,1,Supernatural,Unknown,,0,False,Dusk
Lamar,Minnesota,-94.070411,45.581751,Yes,0,Supernatural,Unknown,,0,False,Dusk
Lino Lakes,Minnesota,-93.0888324,45.1602442,Yes,5,Supernatural,Unknown,,0,False,Dusk
Litchfield,Minnesota,-94.5283333,45.1258332,No,0,Supernatural,figure,,1,False,Dusk
Long Lake,Minnesota,-93.5716243,44.9866298,No,1,Supernatural,Unknown,,0,False,Dusk
Loon Lake,Minnesota,-90.6528603,48.0716264,No,0,Supernatural,ghost witch,,2,False,Unknown
Mantorville,Minnesota,-92.7557456,44.0691307,No,2,Supernatural,figure,,1,False,Dusk
Maple Grove,Minnesota,-93.4557877,45.0724642,No,0,Murder,ghost,,1,False,Dusk
Maplewood,Minnesota,-92.9952153,44.9530215,No,1,Unknown,Unknown,,0,False,Morning
Minneapolis,Minnesota,-93.2650108,44.977753,Yes,1,Unknown,Unknown,,0,False,Unknown
Minneapolis,Minnesota,-93.2650108,44.977753,No,0,Supernatural,Unknown,,0,False,Dusk
Minneapolis,Minnesota,-93.2650108,44.977753,Yes,4+,Supernatural,apparition,,1,False,Dusk
Minneapolis,Minnesota,-93.2650108,44.977753,No,1,Supernatural,Unknown,,0,False,Evening
Minneapolis,Minnesota,-93.2650108,44.977753,Yes,3+,Murder,ghost,Many ghost,1,False,Unknown
Minneapolis,Minnesota,-93.2650108,44.977753,No,0,Unknown,Unknown,,0,False,Evening
Minneapolis,Minnesota,-93.2650108,44.977753,No,0,Unknown,Unknown,,0,False,Evening
Minneapolis,Minnesota,-93.2650108,44.977753,Yes,1,Supernatural,ghost,,1,False,Dusk
Minneapolis,Minnesota,-93.2650108,44.977753,Yes,1+,Unknown,Unknown,,0,False,Unknown
Montgomery,Minnesota,-93.5813201,44.4383146,No,2,Supernatural,ghost,second ghost,1,False,Evening
Moorhead,Minnesota,-96.7678039,46.8737648,No,2+,Murder,spirit,,1,False,Evening
Moorhead,Minnesota,-96.7678039,46.8737648,Yes,0,Supernatural,Unknown,,0,False,Dusk
Moorhead,Minnesota,-96.7678039,46.8737648,No,1,Supernatural,ghost,,1,False,Dusk
Mt. Iron,Minnesota,-92.623515,47.53242669999999,No,2+,Suicide,Unknown,,0,False,Evening
New London,Minnesota,-94.9441773,45.3010756,No,1,Supernatural,Unknown,,0,False,Evening
New York Mills,Minnesota,-95.3761465,46.518016,No,1,Murder,Unknown,,0,False,Evening
Northfield,Minnesota,-93.161604,44.4582983,Yes,1,Supernatural,Unknown,,0,False,Dusk
Northfield,Minnesota,-93.161604,44.4582983,Yes,1,Supernatural,ghost,,1,False,Evening
Northfield,Minnesota,-93.161604,44.4582983,No,0,Unknown,Unknown,,0,False,Morning
Northfield,Minnesota,-93.161604,44.4582983,No,2+,Supernatural,ghost,,1,False,Morning
Oakland Park,Minnesota,-96.1836356,48.10255309999999,No,0,Supernatural,Unknown,,0,False,Dusk
Owatonna,Minnesota,-93.2259349,44.0855572,No,0,Supernatural,spirit,,1,False,Dusk
Owatonna,Minnesota,-93.2259349,44.0855572,No,0,Supernatural,ghost,,1,False,Dusk
Pipestone,Minnesota,-96.3128117,43.9985815,Yes,5+,Death,Unknown,,0,False,Morning
Pipestone,Minnesota,-96.3128117,43.9985815,Yes,1,Supernatural,shadow,,1,False,Unknown
Plato,Minnesota,-94.0399721,44.7744063,No,1+,Supernatural,Unknown,,0,False,Dusk
Plymouth,Minnesota,-93.4555093,45.0105194,Yes,3+,Supernatural,apparition,white apparition,1,False,Evening
Randall,Minnesota,-94.5036199,46.0910771,Yes,2+,Murder,ghost figure,,2,False,Unknown
Redby,Minnesota,-94.9130452,47.8785681,No,1,Supernatural,Unknown,,0,False,Evening
Redford Township,Minnesota,,,No,5+,Supernatural,ghost spirit,,2,False,Dusk
Renville,Minnesota,-95.2116731,44.7891264,No,0,Supernatural,Unknown,,0,False,Evening
Richfield,Minnesota,-93.2830021,44.8832982,No,0,Suicide,ghost,,1,False,Dusk
Richfield,Minnesota,-93.2830021,44.8832982,Yes,1+,Suicide,ghost apparition,,2,False,Evening
Richfield,Minnesota,-93.2830021,44.8832982,No,1,Supernatural,spirit,,1,False,Unknown
Rochester,Minnesota,-92.4801989,44.0121221,Yes,1,Supernatural,Unknown,,0,False,Dusk
Rochester,Minnesota,-92.4801989,44.0121221,No,0,Suicide,Unknown,,0,False,Unknown
Sauk Center,Minnesota,-94.9525216,45.737465,Yes,0,Unknown,Unknown,,0,False,Dusk
Shakopee,Minnesota,-93.5272861,44.7973962,No,2+,Unknown,Unknown,,0,False,Evening
Sherack,Minnesota,-96.7817329,48.0208078,No,0,Unknown,Unknown,,0,False,Dusk
Shoreview,Minnesota,-93.1471667,45.0791325,No,3,Supernatural,Unknown,,0,False,Dusk
St. Anthony,Minnesota,-93.2179335,45.0205565,Yes,1,Supernatural,Unknown,,0,False,Unknown
St. Cloud,Minnesota,-94.1632404,45.5579451,Yes,2+,Supernatural,ghost,,1,False,Dusk
St. Cloud,Minnesota,-94.1632404,45.5579451,Yes,1,Supernatural,Unknown,,0,False,Evening
St. Cloud,Minnesota,-94.1632404,45.5579451,No,2+,Supernatural,ghost,common ghost,1,False,Unknown
St. Cloud,Minnesota,-94.1632404,45.5579451,No,2+,Murder,figure,,1,False,Unknown
St. Cloud,Minnesota,-94.1632404,45.5579451,No,5+,Suicide,apparition,,1,False,Dusk
St. Cloud,Minnesota,-94.1632404,45.5579451,No,0,Supernatural,Unknown,,0,False,Dusk
St. Cloud,Minnesota,-94.1632404,45.5579451,Yes,3,Supernatural,Unknown,,0,False,Dusk
St. James,Minnesota,-94.6283192,43.9820734,Yes,1,Unknown,Unknown,,0,False,Unknown
St. Joseph,Minnesota,-94.317966,45.5647724,No,1,Supernatural,figure,"tall figure, shadowy figure",1,False,Unknown
St. Joseph,Minnesota,-94.317966,45.5647724,Yes,1,Supernatural,figure,,1,False,Dusk
St. Joseph,Minnesota,-94.317966,45.5647724,No,2+,Supernatural,ghost,,1,False,Evening
St. Louis Park,Minnesota,-93.3702186,44.9597376,No,2+,Supernatural,apparition orb,,2,False,Unknown
St. Paul,Minnesota,-93.0899578,44.9537029,Yes,1,Suicide,Unknown,,0,False,Evening
St. Paul,Minnesota,-93.0899578,44.9537029,Yes,3+,Supernatural,Unknown,,0,False,Morning
St. Paul,Minnesota,-93.0899578,44.9537029,Yes,3,Suicide,spirit,,1,False,Dusk
St. Paul,Minnesota,-93.0899578,44.9537029,No,3,Murder,Unknown,,0,False,Dusk
St. Paul,Minnesota,-93.0899578,44.9537029,No,1,Unknown,Unknown,,0,False,Evening
St. Paul,Minnesota,-93.0899578,44.9537029,No,0,Murder,Unknown,,0,False,Morning
St. Paul,Minnesota,,,No,0,Unknown,Unknown,,0,False,Unknown
St. Paul,Minnesota,-93.0899578,44.9537029,Yes,0,Murder,figure,,1,False,Unknown
St. Paul,Minnesota,-93.0899578,44.9537029,Yes,2+,Murder,Unknown,,0,False,Dusk
St. Paul,Minnesota,-93.0899578,44.9537029,Yes,0,Supernatural,apparition,,1,False,Unknown
St. Paul,Minnesota,-93.0899578,44.9537029,No,3,Unknown,Unknown,,0,False,Evening
St. Paul,Minnesota,-93.0899578,44.9537029,No,5+,Supernatural,Unknown,,0,False,Dusk
St. Paul,Minnesota,-93.0899578,44.9537029,Yes,1,Unknown,Unknown,,0,False,Dusk
St. Paul,Minnesota,-93.0899578,44.9537029,Yes,1,Supernatural,figure,,1,False,Morning
St. Paul,Minnesota,-93.0899578,44.9537029,Yes,1+,Supernatural,Unknown,,0,False,Unknown
St. Paul,Minnesota,-93.0899578,44.9537029,No,0,Supernatural,ghost,,1,False,Dusk
St. Paul,Minnesota,-93.0899578,44.9537029,No,0,Unknown,Unknown,,0,False,Dusk
St. Paul,Minnesota,-93.0899578,44.9537029,No,1,Supernatural,ghost spirit,,2,False,Dusk
St. Paul Park,Minnesota,-92.9925577,44.8348405,No,2,Supernatural,figure,indistinct figure,1,False,Evening
St. Peter,Minnesota,-93.955691,44.3258932,No,1+,Murder,Unknown,,0,False,Dusk
Stillwater,Minnesota,-92.8088443,45.056004,No,0,Supernatural,spirit,,1,False,Dusk
Taunton,Minnesota,-96.0658678,44.5935731,No,1,Unknown,Unknown,,0,False,Dusk
Taylor Falls,Minnesota,-92.6524292,45.4019062,No,0,Murder,Unknown,,0,False,Dusk
Thief River Falls,Minnesota,-96.1811473,48.1191353,No,1,Death,Unknown,,0,False,Unknown
Two Harbors,Minnesota,-91.6707322,47.0227111,Yes,3+,Supernatural,Unknown,,0,False,Dusk
Vergus,Minnesota,-93.4806556,44.6709766,No,0,Supernatural,spirit,,1,False,Dusk
Warroad,Minnesota,-95.3144041,48.9052657,No,3+,Supernatural,figure,,1,False,Unknown
Washington,Minnesota,-92.8577105,44.8896877,Yes,2,Supernatural,ghost,second ghost,1,False,Evening
Waverly,Minnesota,-93.9679204,45.0643283,No,0,Murder,Unknown,,0,False,Evening
Waseca,Minnesota,-93.5083843,44.0770411,No,0,Murder,Unknown,,0,False,Dusk
White Bear Lake,Minnesota,-93.0081479,45.0853814,Yes,2+,Supernatural,ghost,girl ghost,1,False,Dusk
White Bear Lake,Minnesota,-93.0081479,45.0853814,No,3,Supernatural,spirit apparition,,2,False,Dusk
White Bear Lake,Minnesota,-93.0081479,45.0853814,No,4,Murder,figure,black figure,1,True,Dusk
Willmar,Minnesota,-95.048659,45.1223711,Yes,5+,Murder,shadow,,1,False,Dusk
Winsted,Minnesota,-94.0474725,44.9638517,No,0,Suicide,Unknown,,0,False,Dusk
Winona,Minnesota,-91.6663523,44.0553908,No,1,Murder,Unknown,,0,False,Dusk
Winona,Minnesota,-91.6663523,44.0553908,No,2+,Supernatural,ghost,,1,False,Evening
Winona,Minnesota,-91.6663523,44.0553908,Yes,3+,Supernatural,ghost,,1,False,Dusk
Winona,Minnesota,-91.6663523,44.0553908,Yes,2+,Unknown,Unknown,,0,False,Evening
Winona,Minnesota,-91.6663523,44.0553908,No,2+,Suicide,ghost,,1,False,Evening
Winona,Minnesota,-91.6663523,44.0553908,Yes,5+,Supernatural,Unknown,,0,False,Evening
Abbeville,South Carolina,-82.3790147,34.1781719,No,1,Murder,ghost,,1,False,Dusk
Aiken,South Carolina,-81.7195533,33.5604168,Yes,0,Murder,ghost spirit witch,,3,False,Evening
Aiken,South Carolina,-81.7195533,33.5604168,Yes,5+,Supernatural,shadow,,1,False,Dusk
Anderson,South Carolina,-82.6501332,34.5034394,No,0,Murder,figure,,1,False,Dusk
Anderson,South Carolina,-82.6501332,34.5034394,No,0,Supernatural,apparition,,1,False,Dusk
Anderson,South Carolina,-82.6501332,34.5034394,No,0,Supernatural,ghost,,1,False,Evening
Beaufort,South Carolina,-80.6698286,32.4315813,No,2+,Supernatural,Unknown,,0,False,Morning
Beaufort,South Carolina,-80.6698286,32.4315813,No,2+,Supernatural,Unknown,,0,False,Dusk
Beech Island,South Carolina,-81.8909472,33.4273614,No,2+,Supernatural,figure,shadowy figure,1,False,Dusk
Blacksburg,South Carolina,-81.51592459999999,35.1212408,No,2+,Supernatural,ghost,,1,False,Dusk
Blacksburg,South Carolina,-81.51592459999999,35.1212408,Yes,2+,Unknown,Unknown,,0,False,Evening
Blacksburg,South Carolina,-81.51592459999999,35.1212408,No,0,Supernatural,Unknown,,0,False,Evening
Blacksburg,South Carolina,-81.51592459999999,35.1212408,No,3+,Supernatural,Unknown,,0,False,Unknown
Blacksburg,South Carolina,-81.51592459999999,35.1212408,No,2+,Murder,Unknown,,0,False,Dusk
Blenheim,South Carolina,-79.6528354,34.5107147,No,0,Supernatural,Unknown,,0,False,Dusk
Brattonsville,South Carolina,-81.176096,34.864825,Yes,1+,Supernatural,Unknown,,0,False,Unknown
Brattonsville,South Carolina,-81.176096,34.864825,No,1,Unknown,Unknown,,0,False,Dusk
Camden,South Carolina,-80.6070237,34.24653929999999,No,1,Supernatural,ghost figure,,2,False,Dusk
Catfish,South Carolina,-80.2137063,33.5425608,No,1+,Unknown,Unknown,,0,False,Unknown
Cayce,South Carolina,-81.0739827,33.96570910000001,No,0,Supernatural,Unknown,,0,False,Dusk
Cayce,South Carolina,-81.0739827,33.96570910000001,No,2+,Supernatural,Unknown,,0,False,Evening
Cayce,South Carolina,-81.0739827,33.96570910000001,Yes,3+,Unknown,Unknown,,0,False,Dusk
Charleston,South Carolina,-79.93105120000001,32.7764749,No,1,Supernatural,apparition,,1,False,Dusk
Charleston,South Carolina,-79.93105120000001,32.7764749,No,1,Supernatural,ghost,,1,False,Dusk
Charleston,South Carolina,-79.93105120000001,32.7764749,No,0,Murder,ghost,"nameless ghost, other ghost",1,False,Unknown
Charleston,South Carolina,-79.93105120000001,32.7764749,No,2+,Supernatural,ghost,,1,False,Evening
Charleston,South Carolina,-79.93105120000001,32.7764749,Yes,3+,Supernatural,ghost,other ghost,1,False,Evening
Charleston,South Carolina,-79.93105120000001,32.7764749,No,10+,Supernatural,orb,,1,False,Dusk
Charleston,South Carolina,-79.93105120000001,32.7764749,Yes,1+,Supernatural,apparition,,1,True,Unknown
Charleston,South Carolina,-79.93105120000001,32.7764749,No,1,Supernatural,ghost,,1,True,Evening
Charleston,South Carolina,-79.93105120000001,32.7764749,No,2+,Natural Disaster,Unknown,,0,False,Evening
Charleston,South Carolina,-79.93105120000001,32.7764749,No,0,Murder,spirit,,1,False,Dusk
Chesterfield,South Carolina,-80.0881194,34.7359889,No,0,Supernatural,ghost,,1,False,Evening
Clinton,South Carolina,-81.88065619999999,34.4726276,No,1+,Supernatural,ghost,,1,False,Evening
Clinton,South Carolina,-81.88065619999999,34.4726276,Yes,1,Supernatural,Unknown,,0,False,Dusk
Columbia,South Carolina,-81.0348144,34.0007104,No,1,Supernatural,Unknown,,0,False,Dusk
Columbia,South Carolina,-81.0348144,34.0007104,No,1,Suicide,Unknown,,0,False,Dusk
Columbia,South Carolina,-81.0348144,34.0007104,No,1,Supernatural,mist,"black mist, shadowy mist",1,False,Evening
Columbia,South Carolina,-81.0348144,34.0007104,No,1,Supernatural,Unknown,,0,False,Dusk
Columbia,South Carolina,-81.0348144,34.0007104,No,0,Unknown,Unknown,,0,False,Dusk
Columbia,South Carolina,-81.0348144,34.0007104,Yes,0,Supernatural,Unknown,,0,False,Evening
Columbia,South Carolina,-81.0348144,34.0007104,No,2+,Supernatural,ghost,,1,False,Evening
Conway,South Carolina,-79.0478143,33.8360034,Yes,3+,Supernatural,Unknown,,0,False,Unknown
Cottageville,South Carolina,-80.480935,32.936838,Yes,0,Unknown,Unknown,,0,False,Dusk
Cowpens,South Carolina,-81.8039916,35.0167918,Yes,5+,Natural Disaster,Unknown,,0,False,Dusk
Cross Hill,South Carolina,-81.9828892,34.3048489,No,0,Supernatural,Unknown,,0,False,Dusk
Daufuskie Island,South Carolina,-80.8644492,32.1188537,No,0,Supernatural,ghost,,1,False,Dusk
Darlington County,South Carolina,-80.0087746,34.3649897,No,0,Supernatural,apparition,,1,True,Unknown
Dillon,South Carolina,-79.3711579,34.4165505,No,1,Murder,Unknown,,0,False,Dusk
Dacusville,South Carolina,-82.55888999999999,34.93528,No,0,Unknown,Unknown,,0,False,Evening
Easley,South Carolina,-82.6015206,34.829838,Yes,1,Unknown,Unknown,,0,False,Evening
Edisto Island,South Carolina,-80.2971369,32.5503474,No,0,Death,ghost,,1,False,Unknown
Effingham,South Carolina,-79.75341159999999,34.0575712,No,1,Natural Disaster,Unknown,,0,False,Dusk
Effingham,South Carolina,-79.75341159999999,34.0575712,Yes,1,Supernatural,Unknown,,0,False,Dusk
Florence,South Carolina,-79.7625625,34.1954331,Yes,3+,Murder,Unknown,,0,False,Dusk
Frogmore,South Carolina,-80.5762177,32.3968603,No,2+,Murder,ghost,,1,False,Unknown
Gaffney,South Carolina,-81.64981949999999,35.0717945,Yes,5+,Murder,Unknown,,0,False,Unknown
Gaffney,South Carolina,-81.64981949999999,35.0717945,Yes,5+,Murder,Unknown,,0,False,Dusk
Gaffney,South Carolina,-81.64981949999999,35.0717945,Yes,1,Murder,Unknown,,0,False,Dusk
Gaffney,South Carolina,-81.64981949999999,35.0717945,No,1,Supernatural,Unknown,,0,False,Unknown
Gaffney,South Carolina,-81.64981949999999,35.0717945,No,2+,Unknown,Unknown,,0,False,Unknown
Gaffney,South Carolina,-81.64981949999999,35.0717945,Yes,0,Murder,Unknown,,0,False,Evening
Gaffney,South Carolina,-81.64981949999999,35.0717945,No,0,Unknown,Unknown,,0,False,Dusk
Garner,South Carolina,-78.61417089999999,35.7112642,Yes,1,Supernatural,ghost,,1,False,Dusk
Georgetown,South Carolina,-79.2944964,33.376834,No,1,Supernatural,ghost,,1,False,Dusk
Georgetown,South Carolina,-79.2944964,33.376834,No,0,Supernatural,ghost,,1,False,Evening
Georgetown,South Carolina,-79.2944964,33.376834,No,1,Supernatural,Unknown,,0,False,Dusk
Georgetown,South Carolina,-79.2944964,33.376834,No,1+,Death,ghost,,1,False,Dusk
Gray Court,South Carolina,-82.113438,34.6081774,Yes,1,Murder,Unknown,,0,False,Dusk
Greenville,South Carolina,-82.3940104,34.85261759999999,No,0,Supernatural,Unknown,,0,False,Morning
Greenville,South Carolina,-82.3940104,34.85261759999999,Yes,2+,Supernatural,Unknown,,0,False,Evening
Greenville,South Carolina,-82.3940104,34.85261759999999,Yes,1,Supernatural,apparition,,1,False,Dusk
Greenville,South Carolina,-82.3940104,34.85261759999999,No,1+,Supernatural,ghost,,1,False,Evening
Greenville,South Carolina,-82.3940104,34.85261759999999,Yes,5+,Murder,shadow,dark shadow,1,False,Dusk
Greenwood,South Carolina,-82.1617883,34.1954001,No,0,Murder,Unknown,,0,False,Dusk
Greenwood,South Carolina,-82.1617883,34.1954001,Yes,1+,Supernatural,figure mist,white figure,2,False,Unknown
Hartsville,South Carolina,-80.07340049999999,34.3740431,Yes,2+,Supernatural,ghost spirit,,2,False,Dusk
Hartsville,South Carolina,-80.07340049999999,34.3740431,Yes,1,Murder,Unknown,,0,False,Dusk
Hartsville,South Carolina,-80.07340049999999,34.3740431,Yes,1,Supernatural,Unknown,,0,False,Unknown
Hartsville,South Carolina,-80.07340049999999,34.3740431,Yes,2+,Unknown,Unknown,,0,False,Unknown
Hartsville,South Carolina,-80.07340049999999,34.3740431,No,0,Supernatural,Unknown,,0,False,Evening
Hilda,South Carolina,-81.24704969999999,33.273487,No,1,Supernatural,Unknown,,0,False,Evening
Hilton Head Island,South Carolina,-80.752608,32.216316,No,0,Unknown,Unknown,,0,False,Dusk
Hilton Head Island,South Carolina,-80.752608,32.216316,Yes,1+,Supernatural,ghost,,1,False,Dusk
Honey Hill,South Carolina,-79.5756234,33.1904459,Yes,0,Supernatural,Unknown,,0,False,Evening
Iva,South Carolina,-82.663743,34.3064966,No,1,Unknown,Unknown,,0,False,Evening
Kershaw county,South Carolina,-80.5882803,34.3671762,Yes,1,Supernatural,Unknown,,0,False,Dusk
Kiawah,South Carolina,-80.0848166,32.6082373,No,1,Supernatural,ghost spirit,,2,False,Unknown
Lamar,South Carolina,-80.062568,34.1687661,No,0,Murder,spirit,,1,False,Evening
Lamar,South Carolina,-80.062568,34.1687661,No,0,Death,Unknown,,0,False,Evening
Lancaster,South Carolina,-80.7709014,34.7204257,No,1,Murder,orb mist,,2,True,Dusk
Lancaster,South Carolina,-80.7709014,34.7204257,No,0,Supernatural,Unknown,,0,False,Dusk
Lancaster County,South Carolina,-80.6770787,34.7253411,No,1,Murder,spirit,,1,False,Dusk
Lauens,South Carolina,-82.0142597,34.4990116,No,0,Supernatural,apparition,white apparition,1,False,Dusk
Leesville,South Carolina,-81.5132276,33.9163501,No,1,Supernatural,ghost,,1,False,Dusk
Lexington,South Carolina,-81.2362107,33.9815369,Yes,1,Unknown,Unknown,,0,False,Evening
Lockhart,South Carolina,-81.46204019999999,34.7865238,No,2+,Suicide,Unknown,,0,False,Dusk
Lockhart,South Carolina,-81.46204019999999,34.7865238,Yes,1,Unknown,Unknown,,0,False,Dusk
Long Creek,South Carolina,-83.2590482,34.7734262,No,1+,Murder,Unknown,,0,False,Unknown
Lowndesville,South Carolina,-82.6495759,34.21261,Yes,5+,Natural Disaster,orb figure,,2,False,Evening
Lyman,South Carolina,-82.12733120000001,34.9481741,Yes,1+,Murder,Unknown,,0,False,Evening
Manning,South Carolina,-80.2109134,33.6951627,No,0,Murder,ghost spirit figure,old ghost,3,False,Evening
Mauldin,South Carolina,-82.310119,34.77873,No,2,Supernatural,Unknown,,0,False,Dusk
McCormick,South Carolina,-82.29345850000001,33.9134577,No,2+,Supernatural,troll,,1,False,Dusk
McCormick,South Carolina,-82.29345850000001,33.9134577,No,1,Unknown,Unknown,,0,False,Dusk
Moncks Corner,South Carolina,-80.01313739999999,33.1960027,No,0,Supernatural,Unknown,,0,False,Unknown
Mount Pleasant,South Carolina,-79.82842579999999,32.8323225,No,0,Murder,Unknown,,0,False,Dusk
Murrells Inlet,South Carolina,-79.0414261,33.5510021,No,0,Unknown,Unknown,,0,False,Dusk
Myrtle Beach,South Carolina,-78.8866943,33.6890603,Yes,0,Supernatural,Unknown,,0,False,Dusk
Myrtle Beach,South Carolina,-78.8866943,33.6890603,No,1,Supernatural,Unknown,,0,False,Morning
Newberry,South Carolina,-81.6187178,34.2745833,Yes,2+,Supernatural,Unknown,,0,False,Evening
Newberry,South Carolina,-81.6187178,34.2745833,No,3+,Supernatural,ghost,,1,False,Dusk
Newberry,South Carolina,-81.6187178,34.2745833,No,0,Murder,ghost,,1,False,Unknown
Newberry,South Carolina,-81.6187178,34.2745833,Yes,0,Supernatural,Unknown,,0,False,Dusk
Newberry,South Carolina,-81.6187178,34.2745833,No,2,Supernatural,Unknown,,0,False,Unknown
Newberry,South Carolina,-81.6187178,34.2745833,No,0,Unknown,Unknown,,0,False,Evening
Ninety Six,South Carolina,-82.024007,34.1751267,Yes,0,Supernatural,ghost,,1,False,Unknown
Parris island,South Carolina,-80.6891655,32.3513924,Yes,1+,Murder,ghost,several Ghost,1,False,Dusk
Pawley's Island,South Carolina,-79.12143130000001,33.4332236,No,0,Supernatural,Unknown,,0,False,Evening
Pawley's Island,South Carolina,-79.12143130000001,33.4332236,No,1,Unknown,Unknown,,0,False,Evening
Pawley's Island,South Carolina,-79.12143130000001,33.4332236,No,2+,Supernatural,Unknown,,0,True,Dusk
Pawley's Island,South Carolina,-79.12143130000001,33.4332236,Yes,1,Unknown,Unknown,,0,False,Dusk
Plantersville,South Carolina,-79.2153247,33.5554463,Yes,0,Unknown,Unknown,,0,False,Evening
Pickens,South Carolina,-82.7073573,34.8834489,No,1,Supernatural,Unknown,,0,False,Evening
Pickens,South Carolina,-82.7073573,34.8834489,Yes,2+,Supernatural,figure,,1,False,Dusk
Poinsett Bridge,South Carolina,-82.3843789,35.1293474,Yes,3+,Supernatural,ghost,,1,False,Unknown
Powdersville,South Carolina,-82.4929054,34.7917845,Yes,0,Murder,apparition,,1,False,Dusk
Rock Hill,South Carolina,-81.02507840000001,34.9248667,No,1,Murder,figure,shadowy figure,1,False,Dusk
Sacramento,South Carolina,-121.5280715,38.5639985,Yes,1,Supernatural,ghost,,1,False,Unknown
Sacramento,South Carolina,-121.5280715,38.5639985,Yes,1,Supernatural,ghost,,1,False,Unknown
Sheldon,South Carolina,-80.79316209999999,32.6015723,No,2+,Unknown,Unknown,,0,False,Evening
Silverstreet,South Carolina,-81.71538699999999,34.2179142,No,1,Murder,Unknown,,0,True,Unknown
Smoaks,South Carolina,-80.8139879,33.0896069,Yes,2+,Unknown,Unknown,,0,False,Evening
Society Hill,South Carolina,-79.8508976,34.5126567,Yes,0,Supernatural,ghost,,1,False,Dusk
Spartanburg,South Carolina,-81.9320482,34.9495672,Yes,5+,Murder,Unknown,,0,False,Evening
Spartanberg,South Carolina,-81.9320482,34.9495672,Yes,0,Murder,Unknown,,0,False,Unknown
Spartanburg,South Carolina,-81.9320482,34.9495672,Yes,1,Supernatural,ghost presence,cold presence,2,False,Morning
Spartanburg,South Carolina,-81.9320482,34.9495672,No,2+,Supernatural,ghost,hostile ghost,1,False,Dusk
Spartanburg,South Carolina,-81.9320482,34.9495672,No,1,Supernatural,ghost,,1,False,Morning
Spartanburg,South Carolina,-81.9320482,34.9495672,No,1,Supernatural,ghost,ANGRY ghost,1,False,Dusk
Spartanburg,South Carolina,-81.9320482,34.9495672,Yes,1,Supernatural,Unknown,,0,False,Evening
Spartanburg,South Carolina,-81.9320482,34.9495672,Yes,0,Supernatural,Unknown,,0,False,Dusk
Spartanburg,South Carolina,-81.9320482,34.9495672,No,1,Supernatural,apparition mist,whitish mist,2,False,Unknown
Spartanburg,South Carolina,-81.9320482,34.9495672,No,4,Supernatural,ghost presence,,2,False,Dusk
Spartanburg,South Carolina,-81.9320482,34.9495672,No,0,Supernatural,ghost,mischievous ghost,1,False,Unknown
Spartanburg,South Carolina,-81.9320482,34.9495672,No,3+,Unknown,Unknown,,0,False,Dusk
Spartanburg,South Carolina,-81.9320482,34.9495672,No,0,Supernatural,Unknown,,0,False,Unknown
St. Matthews,South Carolina,-80.77786809999999,33.664876,Yes,0,Supernatural,Unknown,,0,False,Dusk
Summerville,South Carolina,-80.17564809999999,33.0185039,Yes,3+,Unknown,Unknown,,0,False,Unknown
Summerville,South Carolina,-80.17564809999999,33.0185039,Yes,5+,Murder,presence,,1,False,Dusk
Sumter,South Carolina,-80.3414693,33.9204354,No,2,Supernatural,Unknown,,0,False,Dusk
Sumter,South Carolina,-80.3414693,33.9204354,No,3,Supernatural,figure,,1,False,Evening
Sumter,South Carolina,-80.3414693,33.9204354,Yes,3,Unknown,Unknown,,0,False,Evening
sumter,South Carolina,-80.3414693,33.9204354,No,1,Supernatural,figure,,1,False,Dusk
Sumter,South Carolina,-80.3414693,33.9204354,No,0,Unknown,Unknown,,0,False,Dusk
Tigerville,South Carolina,-82.36904109999999,35.06997680000001,Yes,1,Supernatural,Unknown,,0,False,Unknown
Timmonsville,South Carolina,-79.93978849999999,34.1348782,Yes,3,Supernatural,Unknown,,0,False,Unknown
Union,South Carolina,-81.623711,34.7154122,No,0,Unknown,Unknown,,0,False,Unknown
Union,South Carolina,-81.623711,34.7154122,Yes,2+,Supernatural,orb,,1,False,Dusk
Union,South Carolina,-81.623711,34.7154122,Yes,0,Supernatural,Unknown,,0,False,Dusk
Ware Shoals,South Carolina,-82.2467853,34.3984511,No,1,Supernatural,ghost,,1,False,Evening
Ware Shoals,South Carolina,-82.2467853,34.3984511,Yes,3+,Supernatural,Unknown,,0,False,Dusk
Wateree River Swamp Bridge,South Carolina,-80.654861,34.0585352,No,1,Supernatural,phantom,,1,False,Unknown
West Columbia,South Carolina,-81.0739825,33.9934867,Yes,5+,Supernatural,ghost,Many ghost,1,True,Evening
West Columbia,South Carolina,-81.0739825,33.9934867,No,2+,Death,spirit,,1,False,Dusk
Westminster,South Carolina,-83.0965425,34.6648197,Yes,3+,Supernatural,ghost,,1,False,Unknown
Westminster,South Carolina,-83.0965425,34.6648197,No,0,Unknown,Unknown,,0,False,Dusk
Winnsboro,South Carolina,-81.0864776,34.3807012,No,1,Murder,witch,,1,False,Evening
Woodruff,South Carolina,-82.0370466,34.7395701,No,0,Supernatural,Unknown,,0,False,Dusk
Barrington,Rhode Island,-71.30860899999999,41.7406798,No,3+,Supernatural,presence,,1,False,Dusk
Block Island,Rhode Island,-71.5842643,41.1616556,No,2,Unknown,Unknown,,0,False,Unknown
Bristol,Rhode Island,-71.26620249999999,41.6771101,Yes,0,Supernatural,ghost,,1,False,Dusk
Bristol,Rhode Island,-71.26620249999999,41.6771101,Yes,2,Murder,Unknown,,0,False,Dusk
Bristol,Rhode Island,-71.26620249999999,41.6771101,Yes,1,Supernatural,ghost,,1,False,Unknown
Central Falls,Rhode Island,-71.3922785,41.8906553,No,2,Unknown,Unknown,,0,False,Dusk
Central Falls,Rhode Island,-71.3922785,41.8906553,Yes,5+,Supernatural,spirit shadow,"little spirit, girl spirit",2,False,Unknown
Coventry,Rhode Island,-71.5642076,41.6885978,Yes,2+,Unknown,Unknown,,0,False,Dusk
Coventry,Rhode Island,-71.5642076,41.6885978,Yes,3+,Natural Disaster,Unknown,,0,False,Unknown
Cranston,Rhode Island,-71.4372796,41.7798226,No,0,Supernatural,ghost,male ghost,1,False,Dusk
Cranston,Rhode Island,-71.4372796,41.7798226,No,2,Unknown,Unknown,,0,False,Dusk
Cranston,Rhode Island,-71.4372796,41.7798226,No,0,Supernatural,ghost,,1,False,Evening
Cumberland,Rhode Island,-71.4061876,41.9721816,No,3,Supernatural,ghost apparition phantom,third apparition,3,False,Evening
Cumberland,Rhode Island,-71.4061876,41.9721816,Yes,1,Supernatural,Unknown,,0,False,Evening
Cumberland,Rhode Island,-71.4061876,41.9721816,No,5+,Death,ghost apparition,,2,False,Dusk
Exeter,Rhode Island,-71.5351476,41.5750676,No,0,Supernatural,vampire,local vampire,1,False,Dusk
Exeter,Rhode Island,-71.5351476,41.5750676,No,1,Supernatural,vampire,lady vampire,1,False,Dusk
Exeter,Rhode Island,-71.5351476,41.5750676,Yes,4,Supernatural,shadow orb,,2,True,Dusk
Foster,Rhode Island,-71.7581249,41.8537098,No,2,Natural Disaster,spirit witch,suspected witch,2,False,Dusk
Kingston,Rhode Island,-71.52255980000001,41.48037910000001,Yes,0,Murder,spirit,,1,False,Dusk
Kingston,Rhode Island,-71.52255980000001,41.48037910000001,Yes,1,Natural Disaster,spirit,unknown spirit,1,False,Unknown
Kingston,Rhode Island,-71.52255980000001,41.48037910000001,No,1,Supernatural,figure,,1,False,Dusk
Kingston,Rhode Island,-71.52255980000001,41.48037910000001,No,1,Supernatural,ghost,,1,False,Morning
Kingston,Rhode Island,-71.52255980000001,41.48037910000001,No,0,Murder,Unknown,,0,False,Unknown
Mapleville/Burrilville,Rhode Island,-71.6473464,41.94890900000001,Yes,2,Supernatural,Unknown,,0,False,Evening
Narragansett,Rhode Island,-71.44950299999999,41.4500844,No,0,Supernatural,ghost,,1,False,Dusk
Narragansett,Rhode Island,-71.44950299999999,41.4500844,No,2,Natural Disaster,apparition figure,full apparition,2,False,Dusk
Newport,Rhode Island,-71.3128285,41.4901024,No,5,Supernatural,ghost spirit,female spirit,2,False,Evening
Newport,Rhode Island,-71.3128285,41.4901024,No,1,Supernatural,ghost,,1,False,Evening
Newport,Rhode Island,-71.3128285,41.4901024,Yes,1,Supernatural,spirit,,1,False,Morning
Newport,Rhode Island,-71.3128285,41.4901024,Yes,0,Murder,Unknown,,0,False,Dusk
Newport,Rhode Island,-71.3128285,41.4901024,Yes,2+,Supernatural,Unknown,,0,False,Dusk
Newport,Rhode Island,-71.3128285,41.4901024,No,0,Supernatural,Unknown,,0,False,Dusk
Newport,Rhode Island,-71.3128285,41.4901024,No,0,Suicide,Unknown,,0,False,Evening
Newport,Rhode Island,-71.3128285,41.4901024,No,0,Supernatural,Unknown,,0,False,Evening
Newport,Rhode Island,-71.3128285,41.4901024,No,1,Supernatural,Unknown,,0,False,Dusk
Newport,Rhode Island,-71.3128285,41.4901024,Yes,0,Supernatural,Unknown,,0,False,Dusk
North Kingstown,Rhode Island,-71.4536835,41.5568315,Yes,0,Murder,ghost spirit,,2,False,Dusk
North Kingstown,Rhode Island,-71.4536835,41.5568315,No,2+,Supernatural,Unknown,,0,False,Evening
Pawtucket,Rhode Island,-71.38255579999999,41.878711,Yes,1,Supernatural,Unknown,,0,False,Evening
Providence,Rhode Island,-71.4128343,41.8239891,No,5+,Supernatural,spirit,,1,False,Morning
Providence,Rhode Island,-71.4128343,41.8239891,Yes,1,Supernatural,ghost,,1,False,Dusk
Providence,Rhode Island,-71.4128343,41.8239891,No,1,Supernatural,Unknown,,0,False,Dusk
Providence,Rhode Island,-71.4128343,41.8239891,No,2+,Murder,Unknown,,0,False,Unknown
Providence,Rhode Island,-71.4128343,41.8239891,No,0,Natural Disaster,Unknown,,0,True,Evening
Providence,Rhode Island,-71.4128343,41.8239891,No,0,Death,figure,,1,False,Dusk
Warwick,Rhode Island,-71.4161671,41.7001009,No,1+,Suicide,Unknown,,0,False,Dusk
Providence,Rhode Island,-71.4128343,41.8239891,No,0,Supernatural,ghost,,1,False,Dusk
Providence,Rhode Island,-71.4128343,41.8239891,No,1,Supernatural,spirit apparition,,2,False,Dusk
Providence,Rhode Island,-71.4128343,41.8239891,No,5+,Supernatural,ghost spirit shadow,"large shadow, female spirit",3,False,Evening
Providence,Rhode Island,-71.4128343,41.8239891,Yes,3+,Supernatural,ghost spirit apparition,,3,False,Unknown
Providence,Rhode Island,-71.4128343,41.8239891,Yes,5+,Suicide,ghost spirit shadow poltergeist entity,"male entity, angry entity",5,False,Dusk
Providence,Rhode Island,-71.4128343,41.8239891,No,1+,Supernatural,spirit poltergeist orb,tricky poltergeist,3,True,Evening
Providence,Rhode Island,-71.4128343,41.8239891,Yes,2,Supernatural,Unknown,,0,False,Dusk
Providence,Rhode Island,-71.4128343,41.8239891,No,3+,Supernatural,ghost spirit,,2,False,Evening
Riverside,Rhode Island,-71.3646694,41.767455,Yes,2+,Murder,Unknown,,0,False,Morning
Rumford,Rhode Island,-71.3557165,41.8462161,No,2,Supernatural,Unknown,,0,False,Evening
South Kingstown,Rhode Island,-71.524667,41.4475686,Yes,1,Murder,Unknown,,0,False,Evening
Wakefield,Rhode Island,-71.50155459999999,41.4381721,Yes,1,Supernatural,ghost,"protective ghost, unknown ghost",1,False,Unknown
Warren,Rhode Island,-71.2825493,41.7303793,No,0,Supernatural,Unknown,,0,False,Dusk
Warren,Rhode Island,-71.2825493,41.7303793,No,1,Supernatural,Unknown,,0,False,Unknown
Warwick,Rhode Island,-71.4161671,41.7001009,Yes,0,Supernatural,apparition,,1,False,Unknown
Warwick,Rhode Island,-71.4161671,41.7001009,No,1,Supernatural,shadow demon,,2,False,Unknown
West Greenwich,Rhode Island,-71.66381319999999,41.62854979999999,Yes,0,Supernatural,ghost presence,,2,False,Evening
West Warwick,Rhode Island,-71.5215024,41.70367110000001,No,3+,Suicide,Unknown,,0,False,Dusk
West Warwick,Rhode Island,-71.5215024,41.70367110000001,No,1,Supernatural,spirit,benevolent spirit,1,False,Dusk
Woonsocket,Rhode Island,-71.51478390000001,42.00287609999999,No,0,Murder,ghost,,1,False,Dusk
Woonsocket,Rhode Island,-71.51478390000001,42.00287609999999,No,2+,Murder,spirit,,1,False,Dusk
Adams,Colorado,-104.1930918,39.8398269,Yes,0,Murder,spirit,,1,False,Dusk
Alma,Colorado,-106.0627967,39.2838783,No,1,Murder,Unknown,,0,False,Dusk
Aurora,Colorado,-104.8319195,39.7294319,No,1,Unknown,Unknown,,0,False,Dusk
Aurora,Colorado,-104.8319195,39.7294319,No,1,Supernatural,Unknown,,0,False,Dusk
Aurora,Colorado,-104.8319195,39.7294319,No,0,Unknown,Unknown,,0,False,Morning
Aurora,Colorado,-104.8319195,39.7294319,Yes,1,Supernatural,Unknown,,0,False,Dusk
Aurora,Colorado,-104.8319195,39.7294319,Yes,2+,Murder,Unknown,,0,False,Dusk
Bennett,Colorado,-104.4274609,39.7588736,Yes,1+,Supernatural,ghost,,1,False,Unknown
Berthoud,Colorado,-105.0810924,40.3083174,No,1,Murder,apparition,,1,False,Morning
Blackhawk,Colorado,-105.4938853,39.7969322,No,2,Supernatural,ghost,least ghost,1,True,Dusk
Blackhawk,Colorado,-105.4938853,39.7969322,No,1+,Murder,Unknown,,0,False,Evening
Boulder,Colorado,-105.2705456,40.0149856,Yes,2+,Unknown,Unknown,,0,False,Evening
Boulder,Colorado,-105.2705456,40.0149856,No,0,Supernatural,ghost,"Third ghost, dark ghost",1,False,Evening
Boulder,Colorado,-105.2705456,40.0149856,Yes,6+,Supernatural,apparition entity,"least entity, unknown entity",2,False,Unknown
Boulder,Colorado,-105.2705456,40.0149856,Yes,1+,Suicide,Unknown,,0,False,Dusk
Boulder,Colorado,-105.2705456,40.0149856,No,1+,Supernatural,Unknown,,0,False,Dusk
Boulder,Colorado,-105.2705456,40.0149856,No,3+,Supernatural,spirit,main spirit,1,False,Evening
Boulder,Colorado,-105.2705456,40.0149856,Yes,0,Murder,ghost,,1,False,Dusk
Boulder,Colorado,-105.2705456,40.0149856,No,0,Murder,Unknown,,0,False,Morning
Broomfeild,Colorado,-105.0866504,39.9205411,Yes,1,Supernatural,Unknown,,0,False,Evening
Cañon City,Colorado,-105.2253316,38.4494063,Yes,1,Supernatural,orb,,1,True,Dusk
Cañon City,Colorado,-105.2253316,38.4494063,No,3+,Supernatural,ghost figure,,2,False,Unknown
Cañon City,Colorado,-105.2253316,38.4494063,Yes,1,Supernatural,orb figure,,2,False,Evening
Castle Rock,Colorado,-104.8560902,39.3722121,No,0,Unknown,Unknown,,0,False,Unknown
Castle Rock,Colorado,-104.8560902,39.3722121,Yes,1,Supernatural,Unknown,,0,False,Dusk
Coahoma,Colorado,-101.2566819,32.3531959,Yes,7,Supernatural,Unknown,,0,False,Evening
Colorado Springs,Colorado,-104.8213634,38.8338816,No,3,Supernatural,ghost,,1,False,Dusk
Colorado springs,Colorado,-104.8213634,38.8338816,Yes,3+,Murder,Unknown,,0,False,Morning
Colorado Springs,Colorado,-104.8213634,38.8338816,Yes,2+,Supernatural,spirit orb,positive orb,2,True,Unknown
Colorado Springs,Colorado,-104.8213634,38.8338816,Yes,2+,Natural Disaster,ghost,,1,False,Dusk
Colorado Springs,Colorado,-104.8213634,38.8338816,No,2+,Supernatural,Unknown,,0,False,Morning
Colorado Springs,Colorado,-104.8213634,38.8338816,Yes,0,Supernatural,Unknown,,0,False,Dusk
Colorado Springs,Colorado,-104.8213634,38.8338816,Yes,2+,Supernatural,ghost,,1,False,Dusk
Colorado Springs,Colorado,-104.8213634,38.8338816,Yes,1+,Death,presence,elementary presence,1,False,Dusk
Colorado Springs,Colorado,-104.8213634,38.8338816,No,1,Supernatural,Unknown,,0,False,Morning
Colorado Springs,Colorado,-104.8213634,38.8338816,Yes,3,Supernatural,Unknown,,0,False,Dusk
Colorado Springs,Colorado,-104.8213634,38.8338816,Yes,4,Supernatural,ghost apparition,,2,False,Unknown
Colorado Springs,Colorado,-104.8213634,38.8338816,No,2+,Supernatural,orb presence,,2,False,Unknown
Colorado Springs,Colorado,-104.8213634,38.8338816,No,0,Supernatural,spirit,,1,False,Dusk
Colorado Springs,Colorado,-104.8213634,38.8338816,No,3+,Unknown,Unknown,,0,False,Evening
Colorado Springs,Colorado,-104.8213634,38.8338816,No,20,Supernatural,spirit,,1,False,Dusk
Colorado Springs,Colorado,-104.8213634,38.8338816,Yes,0,Supernatural,Unknown,,0,False,Dusk
Colorado Springs,Colorado,-104.8213634,38.8338816,Yes,1+,Murder,ghost,,1,False,Dusk
Colorado Springs,Colorado,-104.8213634,38.8338816,Yes,1,Suicide,Unknown,,0,False,Evening
Colorado Springs,Colorado,-104.8213634,38.8338816,No,2+,Murder,Unknown,,0,False,Unknown
Colorado Springs,Colorado,-104.8213634,38.8338816,Yes,0,Unknown,Unknown,,0,False,Evening
Colorado Springs,Colorado,-104.8213634,38.8338816,Yes,3+,Murder,Unknown,,0,False,Dusk
Colorado Springs,Colorado,-104.8213634,38.8338816,No,3+,Unknown,Unknown,,0,False,Unknown
Colorado springs,Colorado,-104.8213634,38.8338816,Yes,3+,Supernatural,Unknown,,0,False,Unknown
Colorado Springs,Colorado,-104.8213634,38.8338816,Yes,3,Supernatural,Unknown,,0,False,Unknown
Colorado Springs,Colorado,-104.8213634,38.8338816,Yes,1,Death,Unknown,,0,False,Evening
Colorado Springs,Colorado,-104.8213634,38.8338816,No,3+,Supernatural,ghost orb,female ghost,2,True,Evening
Commerce City,Colorado,-104.9338675,39.8083196,Yes,1,Murder,Unknown,,0,False,Dusk
Craig,Colorado,-107.5464541,40.5152491,No,0,Unknown,Unknown,,0,False,Dusk
Cripple Creek,Colorado,-105.1783149,38.7466555,No,2+,Supernatural,ghost,,1,False,Unknown
Cripple Creek,Colorado,-105.1783149,38.7466555,No,1,Unknown,Unknown,,0,False,Dusk
Denver,Colorado,-104.990251,39.7392358,No,0,Unknown,Unknown,,0,False,Dusk
Denver,Colorado,-104.990251,39.7392358,Yes,1+,Murder,apparition,,1,False,Unknown
Denver,Colorado,-104.990251,39.7392358,No,1,Supernatural,apparition,,1,False,Unknown
Denver,Colorado,-104.990251,39.7392358,No,2+,Supernatural,Unknown,,0,False,Dusk
Denver,Colorado,-104.990251,39.7392358,No,2+,Supernatural,ghost,,1,False,Unknown
Denver,Colorado,-104.990251,39.7392358,No,2+,Supernatural,ghost,,1,False,Evening
Denver,Colorado,-104.990251,39.7392358,No,1,Supernatural,ghost,,1,False,Unknown
Denver,Colorado,-104.990251,39.7392358,No,0,Supernatural,Unknown,,0,False,Evening
Denver,Colorado,-104.990251,39.7392358,No,3+,Supernatural,Unknown,,0,False,Unknown
Denver,Colorado,-104.990251,39.7392358,No,1,Supernatural,apparition,,1,False,Unknown
Denver,Colorado,-104.990251,39.7392358,No,1,Supernatural,apparition,,1,False,Dusk
Denver,Colorado,-104.990251,39.7392358,Yes,2,Murder,Unknown,,0,False,Evening
Denver,Colorado,-104.990251,39.7392358,Yes,5+,Supernatural,Unknown,,0,False,Dusk
Denver,Colorado,-104.990251,39.7392358,Yes,1,Supernatural,Unknown,,0,False,Dusk
Denver,Colorado,-104.990251,39.7392358,Yes,2+,Supernatural,ghost,,1,False,Dusk
Denver,Colorado,-104.990251,39.7392358,No,1,Supernatural,ghost,,1,False,Morning
Denver,Colorado,-104.990251,39.7392358,No,0,Suicide,Unknown,,0,False,Dusk
Denver,Colorado,-104.990251,39.7392358,Yes,1,Death,spirit,,1,False,Unknown
Edgewater,Colorado,-105.0641503,39.75304250000001,Yes,1,Unknown,witch,,1,False,Dusk
Empire,Colorado,-105.6844479,39.76137629999999,Yes,3+,Supernatural,Unknown,,0,False,Dusk
Englewood,Colorado,-104.9877597,39.6477653,Yes,2+,Murder,Unknown,,0,False,Dusk
Englewood,Colorado,-104.9877597,39.6477653,No,0,Supernatural,Unknown,,0,False,Dusk
Englewood,Colorado,-104.9877597,39.6477653,No,1,Supernatural,Unknown,,0,False,Dusk
Englewood,Colorado,-104.9877597,39.6477653,No,2,Supernatural,Unknown,,0,False,Dusk
Estes Park,Colorado,-105.5216651,40.3772059,No,0,Natural Disaster,Unknown,,0,False,Evening
Estes Park,Colorado,-105.5216651,40.3772059,Yes,3+,Supernatural,ghost apparition,,2,False,Dusk
Estes Park,Colorado,-105.5216651,40.3772059,No,2,Supernatural,Unknown,,0,False,Morning
Evergreen,Colorado,-105.3172146,39.6333213,Yes,3,Murder,ghost spirit presence,numerous ghost,3,False,Dusk
Evergreen,Colorado,-105.3172146,39.6333213,No,0,Supernatural,Unknown,,0,False,Dusk
Evergreen,Colorado,-105.3172146,39.6333213,Yes,0,Supernatural,apparition,full apparition,1,True,Unknown
Fairplay,Colorado,-106.0019618,39.2247125,No,1,Supernatural,ghost,,1,False,Dusk
Florence,Colorado,-105.1185988,38.3902777,Yes,3+,Unknown,Unknown,,0,False,Evening
Florissant,Colorado,-105.2893555,38.946154,Yes,3,Natural Disaster,Unknown,,0,True,Dusk
Fort Carson,Colorado,-104.7920877,38.7421321,Yes,3+,Murder,Unknown,,0,False,Dusk
Fort Carson,Colorado,-104.7920877,38.7421321,Yes,3,Supernatural,Unknown,,0,False,Evening
Fort Collins,Colorado,-105.084423,40.5852602,No,1,Supernatural,presence,,1,False,Dusk
Fort Collins,Colorado,-105.084423,40.5852602,No,1,Natural Disaster,entity,,1,False,Dusk
Fort Collins,Colorado,-105.084423,40.5852602,Yes,0,Supernatural,ghost shadow figure,shadow figure,3,False,Dusk
Fort Collins,Colorado,-105.084423,40.5852602,No,1,Unknown,Unknown,,0,False,Evening
Fort Collins,Colorado,-105.084423,40.5852602,No,1+,Supernatural,ghost presence,,2,False,Dusk
Fort Collins,Colorado,-105.084423,40.5852602,No,3,Supernatural,ghost apparition poltergeist presence,"ominous presence, main apparition, little poltergeist",4,False,Dusk
Fort Morgan,Colorado,-103.7999509,40.2502582,Yes,1,Unknown,Unknown,,0,False,Evening
Fort Morgan,Colorado,-103.7999509,40.2502582,No,2+,Murder,spirit witch,,2,False,Dusk
Genesee,Colorado,-105.2727684,39.6858211,Yes,2,Supernatural,Unknown,,0,False,Morning
Georgetown,Colorado,-105.6975041,39.70609839999999,No,0,Supernatural,ghost,,1,False,Dusk
Golden,Colorado,-105.2210997,39.755543,Yes,2+,Murder,ghost,,1,False,Evening
Grand Junction,Colorado,-108.5506486,39.0638705,No,2+,Supernatural,spirit,,1,False,Unknown
Grand Junction,Colorado,-108.5506486,39.0638705,Yes,4,Supernatural,shadow,,1,False,Dusk
Grand Lake,Colorado,-105.8230671,40.25220729999999,Yes,0,Supernatural,mist,,1,False,Evening
Greeley,Colorado,-104.7091322,40.4233142,No,1+,Supernatural,ghost,,1,False,Evening
Greeley,Colorado,-104.7091322,40.4233142,No,2+,Natural Disaster,spirit,first spirit,1,False,Evening
Greeley,Colorado,-104.7091322,40.4233142,Yes,3+,Supernatural,Unknown,,0,False,Dusk
Greeley,Colorado,-104.7091322,40.4233142,No,1+,Murder,ghost poltergeist,,2,False,Evening
Gunnison,Colorado,-106.9253207,38.5458246,No,2+,Natural Disaster,ghost spirit apparition,least spirit,3,False,Evening
Hamilton,Colorado,-107.6131216,40.3671955,No,0,Supernatural,mist,strange mist,1,False,Dusk
Hamilton,Colorado,-107.6131216,40.3671955,No,1+,Supernatural,spirit,benevolent spirit,1,False,Dusk
Hartsel,Colorado,-105.7958419,39.0216594,No,0,Murder,Unknown,,0,False,Dusk
Highlands Ranch,Colorado,-104.9739333,39.5480789,No,1,Supernatural,ghost apparition,,2,False,Morning
Highlands Ranch,Colorado,-104.9739333,39.5480789,Yes,1,Unknown,Unknown,,0,False,Unknown
Highlands Ranch,Colorado,-104.9739333,39.5480789,No,1,Death,Unknown,,0,False,Dusk
Highlands Ranch,Colorado,-104.9739333,39.5480789,Yes,2+,Supernatural,Unknown,,0,False,Unknown
Highlands Ranch,Colorado,-104.9739333,39.5480789,Yes,2+,Supernatural,Unknown,,0,False,Dusk
Highlands Ranch,Colorado,-104.9739333,39.5480789,Yes,1+,Supernatural,shadow,,1,False,Unknown
Kiowa County,Colorado,-102.7135121,38.3769671,No,3+,Murder,Unknown,,0,False,Evening
La Veta,Colorado,-105.0077747,37.5050118,No,3,Supernatural,ghost orb,,2,False,Evening
Lakewood,Colorado,-105.0813734,39.7047095,No,3+,Supernatural,Unknown,,0,False,Dusk
Lamar,Colorado,-102.6207496,38.0872307,Yes,2+,Murder,Unknown,,0,False,Dusk
LaPorte,Colorado,-105.1377578,40.62637110000001,Yes,1,Unknown,Unknown,,0,False,Evening
Lafayette,Colorado,-105.0897058,39.9935959,No,1,Murder,Unknown,,0,False,Evening
Leadville,Colorado,-106.2925238,39.2508229,No,0,Unknown,Unknown,,0,False,Dusk
Leadville,Colorado,-106.2925238,39.2508229,No,1,Unknown,Unknown,,0,False,Evening
Littleton,Colorado,-105.0166498,39.613321,No,0,Supernatural,apparition orb,,2,True,Unknown
Littleton,Colorado,-105.0166498,39.613321,No,0,Supernatural,Unknown,,0,False,Dusk
Littleton,Colorado,-105.0166498,39.613321,No,1+,Supernatural,apparition,,1,False,Dusk
Longmont,Colorado,-105.1019275,40.1672068,Yes,4,Murder,ghost specter figure,strange figure,3,False,Morning
Louisville,Colorado,-105.1319296,39.977763,No,0,Supernatural,presence,,1,False,Dusk
Manitou Springs,Colorado,-104.9171989,38.8597127,No,0,Murder,Unknown,,0,False,Evening
Manitau Springs,Colorado,-104.9171989,38.8597127,No,0,Supernatural,Unknown,,0,False,Unknown
Manitou Springs,Colorado,-104.9171989,38.8597127,No,0,Supernatural,spirit,,1,False,Morning
Marmount Castle,Colorado,-104.922261,38.859234,Yes,2+,Murder,Unknown,,0,False,Morning
Mead,Colorado,-104.9985899,40.2333174,No,2+,Unknown,Unknown,,0,False,Dusk
Mesa Verde,Colorado,-108.4618335,37.2308729,No,1,Supernatural,ghost spirit,,2,False,Dusk
Mesa Verde,Colorado,-108.4618335,37.2308729,No,0,Supernatural,spirit,,1,False,Dusk
Niwot,Colorado,-105.1708193,40.103874,No,1,Murder,Unknown,,0,False,Dusk
Ouray,Colorado,-107.6714487,38.0227716,No,0,Murder,Unknown,,0,False,Dusk
Park County,Colorado,-105.5943388,39.0897928,Yes,3+,Supernatural,Unknown,,0,False,Dusk
Penrose,Colorado,-105.0227624,38.4250001,No,2+,Murder,ghost,,1,False,Evening
Pierce,Colorado,-104.7552458,40.63553599999999,Yes,0,Unknown,Unknown,,0,False,Dusk
Pierce,Colorado,-104.7552458,40.63553599999999,Yes,1,Supernatural,shadow,,1,False,Unknown
Platoro,Colorado,-106.5458701,37.3505615,Yes,0,Murder,ghost shadow,,2,False,Dusk
Poncha Springs,Colorado,-106.0772384,38.5127752,Yes,3+,Supernatural,Unknown,,0,False,Dusk
Poncha Springs,Colorado,-106.0772384,38.5127752,Yes,3+,Death,Unknown,,0,False,Dusk
Poncha Springs,Colorado,-106.0772384,38.5127752,No,5+,Murder,figure,early figure,1,False,Evening
Pueblo,Colorado,-104.6091409,38.2544472,No,0,Unknown,Unknown,,0,False,Dusk
Pueblo,Colorado,-104.6091409,38.2544472,No,1,Unknown,mist,"visible mist, black mist",1,False,Dusk
Pueblo,Colorado,-104.6091409,38.2544472,No,2+,Supernatural,spirit,,1,False,Dusk
Pueblo,Colorado,-104.6091409,38.2544472,No,0,Supernatural,Unknown,,0,False,Dusk
Pueblo County,Colorado,-104.4723301,38.2528534,Yes,1,Murder,presence,strange presence,1,False,Dusk
Silver Cliff,Colorado,-105.4463902,38.1352779,No,5+,Supernatural,ghost,,1,False,Evening
South of Sterling,Colorado,-103.207709,40.6255415,Yes,0,Murder,mist,visible mist,1,False,Dusk
Sterling,Colorado,-103.207709,40.6255415,Yes,1,Supernatural,Unknown,,0,False,Evening
Sterling,Colorado,-103.207709,40.6255415,No,1,Murder,Unknown,,0,False,Dusk
Thornton,Colorado,-104.9719243,39.8680412,No,0,Death,ghost,,1,False,Evening
Thornton,Colorado,-104.9719243,39.8680412,No,2+,Supernatural,spirit phantom,unpleasant spirit,2,False,Dusk
Walsenburg,Colorado,-104.7802645,37.6241793,Yes,1,Unknown,Unknown,,0,False,Dusk
Westminster,Colorado,-105.0372046,39.8366528,No,2,Murder,Unknown,,0,False,Dusk
Westminster,Colorado,-105.0372046,39.8366528,No,1,Murder,ghost mist,,2,False,Dusk
Wheat Ridge,Colorado,-105.0772063,39.766098,Yes,5+,Supernatural,apparition poltergeist orb,ear Poltergeist,3,True,Dusk
Wheat Ridge,Colorado,-105.0772063,39.766098,No,3+,Supernatural,ghost,few ghost,1,False,Morning
Woodland Park,Colorado,-105.0569301,38.9938808,No,2+,Supernatural,figure presence,,2,False,Dusk
